{"type": "FeatureCollection", "features": [{"type": "Feature", "geometry": {"type": "Polygon", "coordinates": [[[28.70935427506971, 47.12207203089804], [28.709353229109787, 47.12207024673841], [28.709353808742534, 47.122067763399045], [28.709357095950264, 47.12206748935965], [28.709357689991876, 47.122065455748306], [28.70936225894151, 47.12206403771846], [28.709362403032653, 47.122068534998995], [28.709360755826495, 47.12206855958677], [28.70935885122454, 47.12207083773234], [28.709355564016604, 47.12207111177179], [28.709355263393473, 47.122072016145424], [28.70935427506971, 47.12207203089804]]]}, "properties": {"vineyard_id": "V01", "tile": "siret3_r021_c012.tif"}}, {"type": "Feature", "geometry": {"type": "Polygon", "coordinates": [[[28.70932942092501, 47.122057553766886], [28.70932896180438, 47.122053511131796], [28.709327944663315, 47.12205262642803], [28.709328574727945, 47.122051717137], [28.70933084479377, 47.1220505583946], [28.70933178268617, 47.12204896959398], [28.709336366044006, 47.12204800129322], [28.709336279590694, 47.12204530292485], [28.70933790518281, 47.12204460374535], [28.709338191397197, 47.12204324964368], [28.709339158107074, 47.12204256029913], [28.709342123076745, 47.1220425160417], [28.709343691032913, 47.12204001794987], [28.709346283334476, 47.12203862942567], [28.70934621849413, 47.12203660564939], [28.709349176258964, 47.12203633652775], [28.709352391419724, 47.12203381384822], [28.709353937761627, 47.122030641164166], [28.709356222235044, 47.122029932149346], [28.70935759043072, 47.122031486527405], [28.709356301484796, 47.12203240565368], [28.70935545004765, 47.12203669282283], [28.709351210541193, 47.12203810593487], [28.70935094594067, 47.12204013462866], [28.709347701961512, 47.12204175785204], [28.70934808183402, 47.12204332698272], [28.70934647785554, 47.12204470075447], [28.70934057673381, 47.122045688725606], [28.709340641573952, 47.122047712501875], [28.70933935262735, 47.122048631627955], [28.709336387657338, 47.12204867588532], [28.709336416475114, 47.12204957534144], [28.70933843634854, 47.12205089502073], [28.70933812852077, 47.12205157453031], [28.70933456230382, 47.12205342753484], [28.709334612734878, 47.122055001583064], [28.70933266490568, 47.12205593054401], [28.70933172701319, 47.122057519344644], [28.70932942092501, 47.122057553766886]]]}, "properties": {"vineyard_id": "V01", "tile": "siret3_r021_c012.tif"}}, {"type": "Feature", "geometry": {"type": "Polygon", "coordinates": [[[28.709318751088798, 47.12206401223549], [28.709317075065282, 47.12206313736651], [28.70931703904345, 47.122062013046346], [28.70932056923969, 47.12205903572218], [28.7093225242736, 47.12205833162545], [28.709325496448574, 47.122058512232485], [28.709327437073586, 47.1220573584076], [28.709329757570597, 47.12205777371346], [28.70932980800152, 47.122059347761684], [28.709327566752943, 47.12206140596017], [28.70932559010578, 47.122061435464886], [28.709325311095387, 47.12206301443056], [28.709320369477332, 47.122063088192206], [28.709318751088798, 47.12206401223549]]]}, "properties": {"vineyard_id": "V01", "tile": "siret3_r021_c012.tif"}}, {"type": "Feature", "geometry": {"type": "Polygon", "coordinates": [[[28.709308812175834, 47.122072709508664], [28.709308425099913, 47.1220709155138], [28.70931137566252, 47.12207042152908], [28.70931298684702, 47.12206927262186], [28.709312950825275, 47.122068148301686], [28.709310945360482, 47.12206727835003], [28.709316745624076, 47.122063142283935], [28.70931875829317, 47.122064237099536], [28.709317190335142, 47.12206673519103], [28.709317950078784, 47.12206987345263], [28.709315071559868, 47.122072616077844], [28.709308812175834, 47.122072709508664]]]}, "properties": {"vineyard_id": "V01", "tile": "siret3_r021_c012.tif"}}, {"type": "Feature", "geometry": {"type": "Polygon", "coordinates": [[[28.70926269039774, 47.12207339793581], [28.70926165164496, 47.12207183863933], [28.70926223848613, 47.12206958016441], [28.709267387075514, 47.122065678799345], [28.709268404215845, 47.12206656350364], [28.70926749513788, 47.122069051759915], [28.70926948619371, 47.122069471984275], [28.70926955103122, 47.12207149576061], [28.709268290899455, 47.12207331434207], [28.70926269039774, 47.12207339793581]]]}, "properties": {"vineyard_id": "V01", "tile": "siret3_r021_c012.tif"}}, {"type": "Feature", "geometry": {"type": "Polygon", "coordinates": [[[28.709276897645957, 47.1220641870135], [28.70927552224755, 47.122062407770436], [28.70927420448272, 47.12206242743965], [28.709272922738784, 47.12206357142905], [28.70927092447897, 47.12206292634072], [28.70927280747192, 47.12205997360444], [28.7092779848764, 47.122056971695066], [28.709277920038605, 47.122054947918734], [28.70928082737537, 47.12205310475058], [28.709281120795467, 47.12205197551307], [28.709283448496127, 47.122052615683906], [28.709284085765745, 47.122051931257126], [28.709284415206888, 47.1220519263398], [28.709284737443806, 47.122051696558444], [28.709285066884945, 47.1220516916411], [28.709285389121852, 47.12205146185973], [28.709285353100707, 47.12205033753955], [28.7092860191872, 47.12205055256892], [28.70928540353031, 47.1220519115878], [28.709286764520293, 47.122053241102684], [28.70928449445337, 47.1220543998442], [28.709285562023382, 47.12205685859662], [28.709283320773174, 47.12205891679426], [28.709279045241967, 47.1220592055835], [28.70928044225303, 47.12206165941862], [28.709276897645957, 47.1220641870135]]]}, "properties": {"vineyard_id": "V01", "tile": "siret3_r021_c012.tif"}}, {"type": "Feature", "geometry": {"type": "Polygon", "coordinates": [[[28.709292528763, 47.122047980717625], [28.70929248553745, 47.12204663153341], [28.709290172245446, 47.12204644109081], [28.70929011461146, 47.12204464217854], [28.709293286549986, 47.122040770316396], [28.7092942748732, 47.12204075556432], [28.70929595809991, 47.1220418552977], [28.709297040078738, 47.12204476377808], [28.709295149883385, 47.12204749165069], [28.709292528763, 47.122047980717625]]]}, "properties": {"vineyard_id": "V01", "tile": "siret3_r021_c012.tif"}}, {"type": "Feature", "geometry": {"type": "Polygon", "coordinates": [[[28.709298586424246, 47.12204159109472], [28.709298213757492, 47.122040246827886], [28.709299473887473, 47.12203842824611], [28.709301407308047, 47.12203704955763], [28.70930337675002, 47.122036795189324], [28.709303275889813, 47.12203364709282], [28.709304894277714, 47.12203272304975], [28.709304170556944, 47.1220307091082], [28.709307693547565, 47.12202750692041], [28.709309720623768, 47.12202905146427], [28.709311038387757, 47.122029031794646], [28.709311976280393, 47.12202744299418], [28.709310615290473, 47.1220261134796], [28.709312856538272, 47.122024055281436], [28.70931741828127, 47.12202241238935], [28.709318536282645, 47.122026445189675], [28.709313630689664, 47.12202764327115], [28.7093143472064, 47.1220294323486], [28.709311418259084, 47.12203060092548], [28.70930765227929, 47.122036506399205], [28.709303713395375, 47.122037015135966], [28.709302503695657, 47.12204040776603], [28.70930089251178, 47.1220415566731], [28.709298586424246, 47.12204159109472]]]}, "properties": {"vineyard_id": "V01", "tile": "siret3_r021_c012.tif"}}, {"type": "Feature", "geometry": {"type": "Polygon", "coordinates": [[[28.709323956669643, 47.12202073999245], [28.709320655055837, 47.1220205643028], [28.709318649592742, 47.12201969435124], [28.70932346152792, 47.12201557303711], [28.709324370602424, 47.12201308478042], [28.709327621784986, 47.12201168642175], [28.709327585763003, 47.122010562101586], [28.709331746019384, 47.122006675486055], [28.709331702792902, 47.12200532630187], [28.709332984534196, 47.12200418231183], [28.709334961179223, 47.12200415280701], [28.709336336578037, 47.122005932049376], [28.70933476141805, 47.122008205277076], [28.70933153184913, 47.12201027822805], [28.709332298797133, 47.12201364135362], [28.709323956669643, 47.12202073999245]]]}, "properties": {"vineyard_id": "V01", "tile": "siret3_r021_c012.tif"}}, {"type": "Feature", "geometry": {"type": "Polygon", "coordinates": [[[28.709345924420102, 47.12199656509935], [28.709344892870934, 47.12199523066767], [28.70934516467598, 47.1219934268379], [28.709351272756273, 47.121988611260555], [28.70935324940071, 47.12198858175543], [28.70935427374544, 47.12198969132301], [28.709351044178394, 47.12199176427452], [28.70935208293214, 47.12199332357017], [28.709348817342377, 47.12199427220146], [28.709347564419577, 47.121996315647785], [28.709345924420102, 47.12199656509935]]]}, "properties": {"vineyard_id": "V01", "tile": "siret3_r021_c012.tif"}}, {"type": "Feature", "geometry": {"type": "Polygon", "coordinates": [[[28.7092247254064, 47.12207148991116], [28.70922171000718, 47.12206996011726], [28.709219747767513, 47.12207043934825], [28.709218716219986, 47.122069104915425], [28.709222539843655, 47.12206499835685], [28.70922517537352, 47.12206495901958], [28.709226873007587, 47.12206650848206], [28.70922665162613, 47.12206988635987], [28.7092247254064, 47.12207148991116]]]}, "properties": {"vineyard_id": "V01", "tile": "siret3_r021_c012.tif"}}, {"type": "Feature", "geometry": {"type": "Polygon", "coordinates": [[[28.709228426561886, 47.12206356066366], [28.709224458859246, 47.12206316994155], [28.709231819887133, 47.122056310925345], [28.709233459889013, 47.12205606147539], [28.709234806469784, 47.12205694126282], [28.709233603969267, 47.12206055875625], [28.709232343836515, 47.12206237733733], [28.70922873439113, 47.12206288115436], [28.709228426561886, 47.12206356066366]]]}, "properties": {"vineyard_id": "V01", "tile": "siret3_r021_c012.tif"}}, {"type": "Feature", "geometry": {"type": "Polygon", "coordinates": [[[28.709249321547503, 47.122047050834595], [28.70924831161193, 47.12204639099417], [28.70924501720079, 47.122046440166386], [28.709244307890177, 47.122044875952525], [28.70924751585241, 47.12204212841183], [28.70924949970301, 47.122042323772504], [28.70925111088804, 47.12204117486615], [28.709251038847224, 47.12203892622572], [28.709252671644382, 47.122038451911465], [28.7092540326332, 47.12203978142675], [28.70925208480311, 47.12204071038636], [28.709252113619453, 47.12204160984252], [28.709254470135715, 47.122043149470116], [28.709255787900084, 47.12204312980112], [28.709254147898715, 47.122043379251394], [28.709254191123293, 47.12204472843564], [28.70925162043124, 47.12204679154993], [28.709249321547503, 47.122047050834595]]]}, "properties": {"vineyard_id": "V01", "tile": "siret3_r021_c012.tif"}}, {"type": "Feature", "geometry": {"type": "Polygon", "coordinates": [[[28.709257949905506, 47.122038598099564], [28.709257784210987, 47.122033426226636], [28.709259080362774, 47.12203273196548], [28.709262074148523, 47.12203358716629], [28.709263714149554, 47.12203333771591], [28.70926364931236, 47.12203131393956], [28.70926525329261, 47.12202994016895], [28.709264171315837, 47.12202703168825], [28.70926647019863, 47.122026772403295], [28.709266763618896, 47.12202564316581], [28.70927031542811, 47.1220233404353], [28.70927194822462, 47.12202286612077], [28.709274275923896, 47.12202350629182], [28.70927532188024, 47.122025290452214], [28.709272077899612, 47.12202691367348], [28.709272106716277, 47.122027813129634], [28.70926979342515, 47.12202762268663], [28.709270166091105, 47.12202896695358], [28.709268598131775, 47.12203146504445], [28.7092666430981, 47.12203216914025], [28.709266356881944, 47.12203352324177], [28.70926282668428, 47.12203650056429], [28.709257949905506, 47.122038598099564]]]}, "properties": {"vineyard_id": "V01", "tile": "siret3_r021_c012.tif"}}, {"type": "Feature", "geometry": {"type": "Polygon", "coordinates": [[[28.70927355940858, 47.122021717214096], [28.70927320835511, 47.12202104753927], [28.709275156184113, 47.12202011857932], [28.7092747258847, 47.12201697540008], [28.709278034702354, 47.1220173759551], [28.70928089881189, 47.12201418360273], [28.709283491113894, 47.12201279507992], [28.709284056340913, 47.122009862012774], [28.709286699072194, 47.122010047538154], [28.709286470490444, 47.12201320055203], [28.70928748763006, 47.12201408525618], [28.709284286875786, 47.12201705766199], [28.709281300294833, 47.122016427325796], [28.709280355197258, 47.12201779126198], [28.709278056314922, 47.12201805054722], [28.709276810593032, 47.12202031885684], [28.70927484115152, 47.122020573224695], [28.70927355940858, 47.122021717214096]]]}, "properties": {"vineyard_id": "V01", "tile": "siret3_r021_c012.tif"}}, {"type": "Feature", "geometry": {"type": "Polygon", "coordinates": [[[28.709290681179752, 47.12201088798623], [28.709288331868144, 47.1220095732234], [28.709287879955376, 47.12200575545209], [28.70928984219204, 47.12200527621999], [28.709290128407464, 47.1220039221184], [28.709292735117224, 47.122002983323476], [28.709292355246664, 47.12200141419255], [28.70929825636448, 47.12200042622395], [28.70929926629977, 47.12200108606397], [28.70929933113825, 47.12200310984029], [28.70929644541761, 47.12200562760101], [28.709292148278006, 47.12200524179855], [28.70929217709499, 47.1220061412547], [28.709294526406534, 47.12200745601745], [28.709290681179752, 47.12201088798623]]]}, "properties": {"vineyard_id": "V01", "tile": "siret3_r021_c012.tif"}}, {"type": "Feature", "geometry": {"type": "Polygon", "coordinates": [[[28.70931950235773, 47.121984586057266], [28.709317790314987, 47.12198258686805], [28.709318728206647, 47.121980998067535], [28.70931640050873, 47.121980357897364], [28.709317302378665, 47.12197764477669], [28.709318620141374, 47.121977625107], [28.709320531946208, 47.121975571826134], [28.709323167471524, 47.121975532486665], [28.709324227837254, 47.1219777663747], [28.709326226094465, 47.12197841146215], [28.709322022613623, 47.121980948893246], [28.70932205863545, 47.12198207321343], [28.70931950235773, 47.121984586057266]]]}, "properties": {"vineyard_id": "V01", "tile": "siret3_r021_c012.tif"}}, {"type": "Feature", "geometry": {"type": "Polygon", "coordinates": [[[28.709329340391374, 47.12197274068678], [28.709326647231137, 47.1219709811141], [28.709327871336637, 47.121968038211854], [28.70932851580909, 47.121967578648885], [28.70933054288356, 47.12196912319241], [28.709331860646053, 47.121969103522574], [28.709332146860238, 47.1219677494209], [28.709333457418282, 47.12196750488701], [28.709334861633735, 47.12197018358556], [28.709332620389002, 47.12197224178412], [28.709329340391374, 47.12197274068678]]]}, "properties": {"vineyard_id": "V01", "tile": "siret3_r021_c012.tif"}}, {"type": "Feature", "geometry": {"type": "Polygon", "coordinates": [[[28.709336766233253, 47.12196790544038], [28.709334395309224, 47.12196591608638], [28.709332089224997, 47.121965950508624], [28.70933107208559, 47.121965065804865], [28.709334609479182, 47.12196231334435], [28.70933821171227, 47.12196158466004], [28.709338118054696, 47.121958661427584], [28.70934068153476, 47.1219563734474], [28.709341999296928, 47.12195635377745], [28.7093426869958, 47.12195724339861], [28.70934531531572, 47.12195697919461], [28.70934619557043, 47.121953591481606], [28.709344519549997, 47.12195271661297], [28.709350598807873, 47.12194700157954], [28.709352618677684, 47.121948321258635], [28.70935492476111, 47.12194828683598], [28.70935596351409, 47.12194984613162], [28.70935403009805, 47.12195122482098], [28.709350721284004, 47.121950824268104], [28.709350220901495, 47.12195578111186], [28.70934858090328, 47.12195603056344], [28.709346332455205, 47.12195786389824], [28.709342379168586, 47.121957922908194], [28.709341455686914, 47.121959961436964], [28.70934187158081, 47.12196265488788], [28.709341234312976, 47.121963339314966], [28.709338605992723, 47.12196360351886], [28.709339351327113, 47.12196629205231], [28.709336766233253, 47.12196790544038]]]}, "properties": {"vineyard_id": "V01", "tile": "siret3_r021_c012.tif"}}, {"type": "Feature", "geometry": {"type": "Polygon", "coordinates": [[[28.70916286968646, 47.12207488782525], [28.70916899940383, 47.122070746849495], [28.709168612332615, 47.1220689528541], [28.709171813096464, 47.122065980451424], [28.709172779808934, 47.12206529110825], [28.70917542974642, 47.12206570150021], [28.709176009387413, 47.12206321816165], [28.709177928404564, 47.12206138974711], [28.70918216791761, 47.12205997664141], [28.709180248900665, 47.12206180505601], [28.709180284919615, 47.12206292937625], [28.70918297087604, 47.1220644640883], [28.709180027516272, 47.122065182933774], [28.70917782228049, 47.12206836544965], [28.70917555941428, 47.1220697490531], [28.70917291668035, 47.12206956352517], [28.709172286612844, 47.12207047281539], [28.70916998772766, 47.122070732098486], [28.709170446836442, 47.12207477473437], [28.70916286968646, 47.12207488782525]]]}, "properties": {"vineyard_id": "V01", "tile": "siret3_r021_c012.tif"}}, {"type": "Feature", "geometry": {"type": "Polygon", "coordinates": [[[28.709186729667824, 47.122058333754445], [28.7091847170016, 47.1220572389365], [28.70918461614832, 47.122054090839825], [28.709188812437677, 47.12205132854959], [28.70918942089321, 47.12204974466714], [28.709190122998468, 47.12205108401731], [28.709193080765, 47.12205081489967], [28.709192501124914, 47.12205329823834], [28.70919416994228, 47.122053948245146], [28.709193539875315, 47.122054857535474], [28.7091925731633, 47.12205554687882], [28.709187631545593, 47.122055620634725], [28.709186729667824, 47.122058333754445]]]}, "properties": {"vineyard_id": "V01", "tile": "siret3_r021_c012.tif"}}, {"type": "Feature", "geometry": {"type": "Polygon", "coordinates": [[[28.709203377949752, 47.12204301217541], [28.70920231758768, 47.12204077828625], [28.709204587655858, 47.12203961954633], [28.709204501209232, 47.12203692117777], [28.709209041345066, 47.12203460369781], [28.709208661476705, 47.1220330345666], [28.70921056608384, 47.12203075642344], [28.709211876644023, 47.12203051189092], [28.7092135814805, 47.12203228621768], [28.709213316874756, 47.122034314911204], [28.70921006568775, 47.1220357132667], [28.7092089064094, 47.12204067994418], [28.709203377949752, 47.12204301217541]]]}, "properties": {"vineyard_id": "V01", "tile": "siret3_r021_c012.tif"}}, {"type": "Feature", "geometry": {"type": "Polygon", "coordinates": [[[28.7092161377655, 47.122029773376134], [28.70921542845597, 47.122028209162075], [28.70921409628409, 47.1220277791025], [28.709216681384593, 47.12202616571714], [28.709216638160996, 47.12202481653286], [28.709220233196046, 47.12202386298814], [28.709222159414228, 47.122022259436946], [28.70922348438207, 47.12202246463238], [28.70922419369176, 47.12202402884639], [28.709222618526436, 47.122026302072605], [28.709219682373273, 47.12202724578311], [28.70921844385262, 47.12202973895617], [28.7092161377655, 47.122029773376134]]]}, "properties": {"vineyard_id": "V01", "tile": "siret3_r021_c012.tif"}}, {"type": "Feature", "geometry": {"type": "Polygon", "coordinates": [[[28.709229056062615, 47.12202148158446], [28.709225740041067, 47.12202085616397], [28.709224665270597, 47.1220181725469], [28.70922559596168, 47.122016358883066], [28.709226870501563, 47.12201499003016], [28.709228854351085, 47.12201518539121], [28.709230773364713, 47.12201335697583], [28.709234067773835, 47.12201330780403], [28.709234190241908, 47.12201713049279], [28.709229056062615, 47.12202148158446]]]}, "properties": {"vineyard_id": "V01", "tile": "siret3_r021_c012.tif"}}, {"type": "Feature", "geometry": {"type": "Polygon", "coordinates": [[[28.709239288400244, 47.12201165508068], [28.709238579090286, 47.12201009086677], [28.70923625139201, 47.12200945069499], [28.709236795009566, 47.1220058430359], [28.70923903625942, 47.122003784839144], [28.709241385569577, 47.122005099603], [28.709245661096706, 47.12200481081523], [28.70924505264332, 47.12200639469797], [28.70924175823464, 47.122006443870056], [28.70924183747902, 47.12200891737454], [28.709240276722944, 47.12201164032908], [28.709239288400244, 47.12201165508068]]]}, "properties": {"vineyard_id": "V01", "tile": "siret3_r021_c012.tif"}}, {"type": "Feature", "geometry": {"type": "Polygon", "coordinates": [[[28.709246584582793, 47.12200277228718], [28.70924489415429, 47.12200144768902], [28.70924453589727, 47.12200055315005], [28.70924483652192, 47.12199964877666], [28.709245853660597, 47.12200053348119], [28.70924848198318, 47.1220002692794], [28.70924941267315, 47.12199845561536], [28.70925263504055, 47.12199615780262], [28.709253229085437, 47.12199412419177], [28.709258836782965, 47.12199426546265], [28.709250186819872, 47.1220020436056], [28.709246584582793, 47.12200277228718]]]}, "properties": {"vineyard_id": "V01", "tile": "siret3_r021_c012.tif"}}, {"type": "Feature", "geometry": {"type": "Polygon", "coordinates": [[[28.709284113367488, 47.12197049113659], [28.709282766788142, 47.12196961134971], [28.709283024186785, 47.12196735779199], [28.709281348166922, 47.12196648292243], [28.709281935006217, 47.12196422444739], [28.709285866680794, 47.12196349084739], [28.70928609526245, 47.1219603378335], [28.709288973776978, 47.12195759520902], [28.70929159489298, 47.12195710614221], [28.709293513902395, 47.12195527772582], [28.709293134032187, 47.12195370859488], [28.709299220500018, 47.12194821842816], [28.70930549427806, 47.12194857472612], [28.70930555191237, 47.12195037363843], [28.70930134122842, 47.12195268620473], [28.709301370045512, 47.121953585660876], [28.709299407810846, 47.121954064893174], [28.7092988569937, 47.12195744768848], [28.709292419471506, 47.12196226818043], [28.709291811019973, 47.1219638520634], [28.709289841580617, 47.121964106431506], [28.70928988480597, 47.12196545561574], [28.709284113367488, 47.12197049113659]]]}, "properties": {"vineyard_id": "V01", "tile": "siret3_r021_c012.tif"}}, {"type": "Feature", "geometry": {"type": "Polygon", "coordinates": [[[28.70926936252995, 47.12198330971881], [28.709269276080224, 47.12198061135032], [28.709265967264916, 47.12198021079501], [28.709267205782247, 47.12197771762145], [28.709268487524298, 47.12197657363214], [28.709272096963456, 47.12197606981391], [28.70927171709371, 47.12197450068292], [28.709276829652538, 47.121969474997286], [28.709278147415073, 47.12196945532808], [28.709279186166256, 47.12197101462443], [28.709282143927847, 47.12197074550455], [28.70928277399233, 47.12196983621375], [28.709284450012333, 47.12197071108329], [28.709283812743656, 47.12197139551007], [28.70927996751871, 47.12197482747849], [28.709277675842397, 47.12197531162773], [28.70927708900281, 47.12197757010274], [28.709274496702328, 47.1219789586254], [28.709271647002538, 47.12198260070569], [28.70926936252995, 47.12198330971881]]]}, "properties": {"vineyard_id": "V01", "tile": "siret3_r021_c012.tif"}}, {"type": "Feature", "geometry": {"type": "Polygon", "coordinates": [[[28.709327627708813, 47.12192957170938], [28.709324992185778, 47.121929611048934], [28.70932459070176, 47.121927367325995], [28.70932712536345, 47.121924179889966], [28.709329395423957, 47.12192302114764], [28.709328993939817, 47.12192077742472], [28.709332603374587, 47.12192027360466], [28.709334859026004, 47.12191866513416], [28.709337150699344, 47.121918180983805], [28.709337107472866, 47.121916831799595], [28.709335123626666, 47.121916636440375], [28.709334750959947, 47.121915292173604], [28.709339291079775, 47.121912974688655], [28.70933924785325, 47.12191162550444], [28.709340866236865, 47.121910701460884], [28.709341152450556, 47.1219093473592], [28.709347883379955, 47.12190339762694], [28.70934956660334, 47.12190449735958], [28.70935120659997, 47.12190424790801], [28.709351793435694, 47.12190198943263], [28.70935308958308, 47.12190129517047], [28.70935267368918, 47.12189860171957], [28.709354292072174, 47.12189767767583], [28.709356970820547, 47.121898987519856], [28.70935709329693, 47.12190281020844], [28.709354801624436, 47.12190329435918], [28.709354852055828, 47.12190486840741], [28.709352954663743, 47.12190737141692], [28.709348436158376, 47.121910363494514], [28.70934777727786, 47.12191037332952], [28.7093471256018, 47.121910608028564], [28.709347748460033, 47.12190947387337], [28.709346745730375, 47.121909038897805], [28.709343458532317, 47.1219093129368], [28.709343508963382, 47.121910886985034], [28.709345514422736, 47.12191175693622], [28.70934587988525, 47.1219128763389], [28.709343946470256, 47.121914255028074], [28.70934335242965, 47.121916288639376], [28.709337896032963, 47.12192086951729], [28.70933526051037, 47.12192090885706], [28.70933364212635, 47.12192183290052], [28.70933367094395, 47.12192273235667], [28.70933534696326, 47.12192360722549], [28.709333069698463, 47.12192454110387], [28.709331501745034, 47.12192703919558], [28.709329525102856, 47.12192706870031], [28.709327627708813, 47.12192957170938]]]}, "properties": {"vineyard_id": "V01", "tile": "siret3_r021_c012.tif"}}, {"type": "Feature", "geometry": {"type": "Polygon", "coordinates": [[[28.709132688826823, 47.12206903907331], [28.709130676161273, 47.12206794425439], [28.709132215313787, 47.12206454670912], [28.709132100056408, 47.122060948884254], [28.709132737328087, 47.1220602644583], [28.709133417821295, 47.122060929216666], [28.70913572390986, 47.12206089479836], [28.709136647401085, 47.12205885627116], [28.709140264050767, 47.12205857732107], [28.709140850896965, 47.12205631884671], [28.709142498102935, 47.1220562942621], [28.70914352964831, 47.12205762869565], [28.709141661055483, 47.12206103115799], [28.70914005707108, 47.122062404926915], [28.709137385523185, 47.12206131994195], [28.70913574552066, 47.12206156939053], [28.70913750078093, 47.1220649177668], [28.709132688826823, 47.12206903907331]]]}, "properties": {"vineyard_id": "V01", "tile": "siret3_r021_c012.tif"}}, {"type": "Feature", "geometry": {"type": "Polygon", "coordinates": [[[28.709152473058772, 47.12204872132331], [28.709151463124343, 47.12204806148199], [28.709152365003753, 47.12204534836251], [28.709150022897596, 47.12204425846088], [28.709152579186192, 47.12204174562072], [28.7091564892573, 47.12204033743292], [28.709157220176348, 47.122042576239515], [28.70915525793707, 47.122043055469405], [28.709154305632115, 47.122044194540535], [28.7091553515849, 47.12204597870207], [28.709155086976885, 47.1220480073955], [28.709152473058772, 47.12204872132331]]]}, "properties": {"vineyard_id": "V01", "tile": "siret3_r021_c012.tif"}}, {"type": "Feature", "geometry": {"type": "Polygon", "coordinates": [[[28.70916845526192, 47.122033184719086], [28.709167717138815, 47.12203072104852], [28.70916505999941, 47.122030085792275], [28.709166979015777, 47.122028257377934], [28.70916927789915, 47.122027998094914], [28.709171540763784, 47.1220266144916], [28.70917549405584, 47.12202655548748], [28.70917543642576, 47.12202475657507], [28.70917705481566, 47.12202383253379], [28.709179053072905, 47.12202447762379], [28.709179740769994, 47.12202536724594], [28.70917813678764, 47.122026741015375], [28.7091755012596, 47.122026780351526], [28.70917654000897, 47.12202833964883], [28.7091749432302, 47.12202993828226], [28.70917264434677, 47.12203019756539], [28.7091713986201, 47.12203246587393], [28.70916845526192, 47.122033184719086]]]}, "properties": {"vineyard_id": "V01", "tile": "siret3_r021_c012.tif"}}, {"type": "Feature", "geometry": {"type": "Polygon", "coordinates": [[[28.709182554459378, 47.122020600847605], [28.709181845150955, 47.12201903663332], [28.709179517452935, 47.12201839646038], [28.70917945982273, 47.122016597547976], [28.709183620090517, 47.12201271093771], [28.70918723673679, 47.12201243198618], [28.709187515751054, 47.122010853020775], [28.709188826310864, 47.12201060848852], [28.70919020170502, 47.1220123877327], [28.70918757338151, 47.12201265193317], [28.709188311505265, 47.12201511560362], [28.70918541137107, 47.122017183633496], [28.70918418725662, 47.122020126534295], [28.709182554459378, 47.122020600847605]]]}, "properties": {"vineyard_id": "V01", "tile": "siret3_r021_c012.tif"}}, {"type": "Feature", "geometry": {"type": "Polygon", "coordinates": [[[28.709191433022795, 47.12200966969587], [28.709190050424855, 47.122007665587645], [28.709194282729506, 47.122006027617495], [28.70919418187584, 47.12200287952081], [28.709199087469383, 47.12200168144444], [28.709201730200018, 47.1220018669718], [28.70920211727179, 47.1220036609671], [28.709199159507925, 47.12200393008493], [28.70919593713772, 47.1220062278962], [28.709195357498192, 47.122008711234876], [28.709191433022795, 47.12200966969587]]]}, "properties": {"vineyard_id": "V01", "tile": "siret3_r021_c012.tif"}}, {"type": "Feature", "geometry": {"type": "Polygon", "coordinates": [[[28.709201357535996, 47.12200052270461], [28.709199623885535, 47.121997848921445], [28.709201865136517, 47.12199579072541], [28.709203841781378, 47.121995761222855], [28.70920442142038, 47.12199327788412], [28.709208581684546, 47.121989391272976], [28.709210515105767, 47.12198801258602], [28.709213802309453, 47.121987738550786], [28.709212741948107, 47.12198550466167], [28.709215942704585, 47.1219825322578], [28.709218241585738, 47.121982272973845], [28.709219645795844, 47.121984951673866], [28.70921736852637, 47.121985885550004], [28.709217397342076, 47.12198678500619], [28.70922006168384, 47.12198764512529], [28.709215264150846, 47.121992216163235], [28.70921103905184, 47.1219940789982], [28.709210144380123, 47.121997016982164], [28.709207251451648, 47.12199930987662], [28.70920326214232, 47.121998244561574], [28.709202997536316, 47.1220002732551], [28.709201357535996, 47.12200052270461]]]}, "properties": {"vineyard_id": "V01", "tile": "siret3_r021_c012.tif"}}, {"type": "Feature", "geometry": {"type": "Polygon", "coordinates": [[[28.70922163684817, 47.12198537189909], [28.70922344059779, 47.121979945659085], [28.709226735004865, 47.12197989648754], [28.709226662965225, 47.12197764784707], [28.70922793030022, 47.12197605413011], [28.709230544213742, 47.121975340200635], [28.709232441613956, 47.12197283719309], [28.70923474769859, 47.12197280277284], [28.709235105955248, 47.12197369731183], [28.709224544183193, 47.12198352873237], [28.709222589150656, 47.12198423282742], [28.709222625170398, 47.12198535714765], [28.70922163684817, 47.12198537189909]]]}, "properties": {"vineyard_id": "V01", "tile": "siret3_r021_c012.tif"}}, {"type": "Feature", "geometry": {"type": "Polygon", "coordinates": [[[28.70924022572151, 47.12196889649183], [28.709239230195585, 47.121968686379375], [28.709238850326862, 47.12196711724825], [28.709236522630473, 47.121966477076455], [28.709236801643073, 47.121964898110946], [28.709239035687244, 47.12196261505015], [28.709245008842217, 47.12196387572479], [28.70924022572151, 47.12196889649183]]]}, "properties": {"vineyard_id": "V01", "tile": "siret3_r021_c012.tif"}}, {"type": "Feature", "geometry": {"type": "Polygon", "coordinates": [[[28.70925878576706, 47.12195152162548], [28.709255140309033, 47.12195090112303], [28.709253442677927, 47.12194935166092], [28.709253399453516, 47.12194800247664], [28.709255325668014, 47.12194639892491], [28.709257939579715, 47.12194568499484], [28.709257545302457, 47.121943666135685], [28.709260108785323, 47.12194137815726], [28.709261748783536, 47.12194112870693], [28.709261383322573, 47.12194000930397], [28.709265550782604, 47.12193634755487], [28.709267234005377, 47.12193744728874], [28.70926562282378, 47.1219385961953], [28.709266024305418, 47.12194083991848], [28.70926409809144, 47.12194244347037], [28.709263819079748, 47.12194402243593], [28.709261549016905, 47.121945181176976], [28.709262623787637, 47.121947864793725], [28.70925878576706, 47.12195152162548]]]}, "properties": {"vineyard_id": "V01", "tile": "siret3_r021_c012.tif"}}, {"type": "Feature", "geometry": {"type": "Polygon", "coordinates": [[[28.709278920960944, 47.121931873529284], [28.709276908297714, 47.12193077871289], [28.70927750954518, 47.12192896996596], [28.70928010904737, 47.12192780630731], [28.709282622099213, 47.121923944280084], [28.709284605945513, 47.121924139640214], [28.70928590209433, 47.12192344537879], [28.709285529428797, 47.12192210111187], [28.709281898380866, 47.12192193033833], [28.709282184596105, 47.12192057623677], [28.709286438503604, 47.121919612855436], [28.70928731876152, 47.121916225142826], [28.709289266586495, 47.12191529618268], [28.7092895455973, 47.12191371721704], [28.709294100127472, 47.12191184946193], [28.709294028085164, 47.12190960082152], [28.709297228832614, 47.121906628415466], [28.709301174911264, 47.12190634454306], [28.709304103852066, 47.12190517596652], [28.709304526947854, 47.12190809428166], [28.709303252412457, 47.12190946313541], [28.709298075023515, 47.121912465045796], [28.709298111044752, 47.121913589366], [28.709299106569862, 47.121913799477966], [28.709298469302038, 47.12191448390482], [28.709293263095425, 47.12191658635883], [28.709292991288944, 47.12191839018851], [28.709293986814124, 47.12191860030052], [28.709290692410946, 47.12191864947395], [28.70929078606579, 47.121921572706476], [28.709290083959818, 47.12192023335691], [28.70928777787752, 47.121920267778236], [28.709287813898555, 47.12192139209846], [28.709289153272536, 47.12192204702124], [28.709288867057467, 47.12192340112283], [28.70928534407239, 47.12192660331003], [28.709281448421418, 47.12192846123018], [28.70928150605488, 47.12193026014251], [28.709278920960944, 47.121931873529284]]]}, "properties": {"vineyard_id": "V01", "tile": "siret3_r021_c012.tif"}}, {"type": "Feature", "geometry": {"type": "Polygon", "coordinates": [[[28.709301740136343, 47.121903411475806], [28.709301066847384, 47.12190297158245], [28.709305277527474, 47.121900659016205], [28.70930556374202, 47.12189930491459], [28.709308206467878, 47.12189949043954], [28.709310777150765, 47.121897427324065], [28.70931197243836, 47.121893584965804], [28.709317229072255, 47.12189305655923], [28.709317938382856, 47.121894620772686], [28.709314013918114, 47.12189557923775], [28.709313749316724, 47.1218976079315], [28.70931478806748, 47.12189916722757], [28.70931217415884, 47.1218998811589], [28.70931095005393, 47.12190282406101], [28.70930996893758, 47.121903063677244], [28.709308607950963, 47.121901734162556], [28.70930729019012, 47.12190175383211], [28.70930633789089, 47.12190289290445], [28.709303365724654, 47.12190271229683], [28.709301740136343, 47.121903411475806]]]}, "properties": {"vineyard_id": "V01", "tile": "siret3_r021_c012.tif"}}, {"type": "Feature", "geometry": {"type": "Polygon", "coordinates": [[[28.70932555677245, 47.12188550819291], [28.709324746600817, 47.121880795882966], [28.70932863504244, 47.12187871309735], [28.70932956572766, 47.121876899432706], [28.709331220132306, 47.12187709970949], [28.709333569439014, 47.121878414471524], [28.709333963718596, 47.12188043333041], [28.709331063597332, 47.121882501363864], [28.709328764721075, 47.12188276065004], [28.709328177884572, 47.1218850191253], [28.70932555677245, 47.12188550819291]]]}, "properties": {"vineyard_id": "V01", "tile": "siret3_r021_c012.tif"}}, {"type": "Feature", "geometry": {"type": "Polygon", "coordinates": [[[28.70934862085477, 47.121864691507724], [28.709348527196944, 47.12186176827525], [28.70935204296953, 47.12185834122214], [28.709351312045076, 47.1218561024168], [28.70935560196853, 47.12185626335316], [28.709355674013292, 47.121858511993516], [28.70935437066249, 47.12185898139166], [28.709354413889326, 47.12186033057588], [28.709353124947405, 47.121861249702086], [28.709353512023103, 47.12186304369687], [28.70935158581454, 47.12186464725018], [28.70934862085477, 47.121864691507724]]]}, "properties": {"vineyard_id": "V01", "tile": "siret3_r021_c012.tif"}}, {"type": "Feature", "geometry": {"type": "Polygon", "coordinates": [[[28.709334543350415, 47.12187794999108], [28.709333410942484, 47.1218734674627], [28.709335666591933, 47.121871858992215], [28.70933626783679, 47.12187005024497], [28.709337256156818, 47.12187003549257], [28.709337672049678, 47.12187272894355], [28.709341267072286, 47.121871775395185], [28.709341209436936, 47.121869976482884], [28.709339160752773, 47.12186775734736], [28.709340428081852, 47.12186616362919], [28.70934862805922, 47.121864916371784], [28.709347697374852, 47.12186673003656], [28.70934278459272, 47.12186770325509], [28.70934315005485, 47.12186882265779], [28.709346788303744, 47.12186921829346], [28.70934103128971, 47.121874703545124], [28.709335861110656, 47.12187793032123], [28.709334543350415, 47.12187794999108]]]}, "properties": {"vineyard_id": "V01", "tile": "siret3_r021_c012.tif"}}, {"type": "Feature", "geometry": {"type": "Polygon", "coordinates": [[[28.709078181658242, 47.12207547686653], [28.709074872838308, 47.122075076305755], [28.70907384129428, 47.12207374187158], [28.709076755842606, 47.12207212357257], [28.709076705419115, 47.12207054952415], [28.709077994370844, 47.12206963040095], [28.709080944935682, 47.12206913642216], [28.70908295760028, 47.122070231241956], [28.709083000820566, 47.12207158042631], [28.709080386900293, 47.12207229435248], [28.709080759561836, 47.122073638620094], [28.709078181658242, 47.12207547686653]]]}, "properties": {"vineyard_id": "V01", "tile": "siret3_r021_c012.tif"}}, {"type": "Feature", "geometry": {"type": "Polygon", "coordinates": [[[28.709090919902756, 47.12206156348858], [28.709090561647876, 47.122060668949125], [28.709087281642372, 47.12206116784494], [28.709086901777372, 47.12205959871328], [28.709090475206953, 47.122057970580414], [28.709090417579677, 47.122056171667936], [28.709091684920583, 47.12205457795241], [28.709093296109433, 47.122053429048236], [28.709094943315357, 47.12205340446431], [28.70909652569037, 47.122051356103825], [28.709097843455048, 47.122051336436655], [28.70909796591352, 47.122055159125665], [28.709096376335026, 47.1220569826221], [28.709096426759068, 47.1220585566705], [28.709092810109116, 47.12205883561921], [28.709093197177708, 47.12206062961489], [28.709090919902756, 47.12206156348858]]]}, "properties": {"vineyard_id": "V01", "tile": "siret3_r021_c012.tif"}}, {"type": "Feature", "geometry": {"type": "Polygon", "coordinates": [[[28.709106036263435, 47.122049864332155], [28.709101652679987, 47.1220467801539], [28.70910224673116, 47.12204474654376], [28.70910483903939, 47.122043358024925], [28.709105447497343, 47.12204177414288], [28.70910874190844, 47.12204172497468], [28.70910801099143, 47.12203948616776], [28.70911220728371, 47.122036723880285], [28.709113137978942, 47.122034910217316], [28.709115737489917, 47.122033746562295], [28.70911807239141, 47.12203461160059], [28.70912103015744, 47.12203434248484], [28.709120772751696, 47.12203659604224], [28.709116562052852, 47.122038908601915], [28.709116290239876, 47.122040712431215], [28.70911468625541, 47.12204208619979], [28.70911134862334, 47.12204078618382], [28.709109708621313, 47.12204103563202], [28.709109737435256, 47.12204193508827], [28.709112065133517, 47.12204257526261], [28.709112767236743, 47.122043914613286], [28.7091101749287, 47.12204530313229], [28.709110210946147, 47.12204642745259], [28.709106036263435, 47.122049864332155]]]}, "properties": {"vineyard_id": "V01", "tile": "siret3_r021_c012.tif"}}, {"type": "Feature", "geometry": {"type": "Polygon", "coordinates": [[[28.709129086094798, 47.12202859796164], [28.7091251183954, 47.122028207236056], [28.70912799692188, 47.122025464615504], [28.709127609852413, 47.122023670619924], [28.70912989432867, 47.12202296160959], [28.709130825023077, 47.12202114794649], [28.70913212837983, 47.12202067855082], [28.709133181534984, 47.122022687576646], [28.709131334553376, 47.122026764630995], [28.709129086094798, 47.12202859796164]]]}, "properties": {"vineyard_id": "V01", "tile": "siret3_r021_c012.tif"}}, {"type": "Feature", "geometry": {"type": "Polygon", "coordinates": [[[28.709138666774095, 47.12201900616443], [28.709138286907923, 47.122017437032945], [28.709140234739213, 47.12201650807527], [28.709140205924776, 47.122015608619044], [28.7091398404658, 47.12201448921569], [28.709137849412983, 47.122014068989024], [28.709137806191396, 47.12201271980469], [28.70914102856453, 47.12201042199503], [28.709142259884782, 47.1220077039587], [28.70914455876741, 47.12200744467618], [28.709144816172042, 47.1220051911187], [28.709149298678728, 47.12200107472867], [28.709150638053078, 47.122001729653064], [28.70915083255163, 47.12200780098254], [28.7091455759046, 47.12200832938163], [28.709145604719122, 47.12200922883785], [28.709148269060897, 47.122010088958596], [28.709145676755423, 47.122011477478395], [28.709141737871654, 47.122011986209586], [28.70914282704507, 47.122015119555584], [28.70914093684278, 47.12201784742577], [28.709138666774095, 47.12201900616443]]]}, "properties": {"vineyard_id": "V01", "tile": "siret3_r021_c012.tif"}}, {"type": "Feature", "geometry": {"type": "Polygon", "coordinates": [[[28.709162325035052, 47.12199615590525], [28.709160641812506, 47.12199505616985], [28.709158013489684, 47.12199532036964], [28.709156996352547, 47.12199443566431], [28.709159918097708, 47.12199304222732], [28.709160497738736, 47.12199055888877], [28.709164056754037, 47.12198848102557], [28.709164672413348, 47.12198712200728], [28.70916796682097, 47.12198707283743], [28.709169012773035, 47.12198885699886], [28.70916573277273, 47.121989355896865], [28.709166127046906, 47.12199137475637], [28.709168125302792, 47.12199201984659], [28.709164200828095, 47.121992978306636], [28.70916330615381, 47.121995916290274], [28.709162325035052, 47.12199615590525]]]}, "properties": {"vineyard_id": "V01", "tile": "siret3_r021_c012.tif"}}, {"type": "Feature", "geometry": {"type": "Polygon", "coordinates": [[[28.709172886821165, 47.12198632449028], [28.709170859750515, 47.12198477994393], [28.709168224224538, 47.121984819279895], [28.709167543731894, 47.121984154521726], [28.709169784983573, 47.1219820963263], [28.709172764357614, 47.12198250180139], [28.709173988471893, 47.12197955890069], [28.709178886860023, 47.12197813596116], [28.70917912985557, 47.121975432675505], [28.70917810551472, 47.121974323106315], [28.70918005334374, 47.121973394147965], [28.709184021039395, 47.1219737848717], [28.709187171370246, 47.12196923842026], [28.709189427028154, 47.121967629952564], [28.709193716960257, 47.121967790894864], [28.70919374577555, 47.12196869035106], [28.709178064224364, 47.12198332258541], [28.70917517849896, 47.12198584034312], [28.709172886821165, 47.12198632449028]]]}, "properties": {"vineyard_id": "V01", "tile": "siret3_r021_c012.tif"}}, {"type": "Feature", "geometry": {"type": "Polygon", "coordinates": [[[28.709192305548104, 47.12196488733045], [28.709190643937376, 47.121964462187634], [28.70919154581349, 47.12196174906785], [28.709193149793588, 47.12196037529826], [28.709195778114495, 47.121960111097685], [28.709199873542175, 47.12195420071039], [28.709201491929534, 47.12195327666876], [28.70920547403157, 47.121954117119884], [28.709208037517193, 47.12195182914258], [28.709207987090046, 47.12195025509425], [28.70920961268103, 47.121949555916565], [28.709208509097387, 47.12194597284308], [28.709209483011122, 47.121945508363666], [28.70921151008135, 47.12194705290934], [28.709213823368795, 47.121947243353596], [28.709215169946454, 47.121948123141294], [28.70921486932157, 47.121949027514624], [28.70920750830589, 47.12195588652969], [28.70920557488573, 47.12195726521658], [28.70920031824427, 47.12195779361811], [28.709200390282753, 47.121960042258614], [28.709197446928954, 47.12196076110447], [28.70919652344166, 47.12196279963215], [28.709193887916804, 47.12196283896869], [28.70919360169912, 47.12196419307005], [28.709192305548104, 47.12196488733045]]]}, "properties": {"vineyard_id": "V01", "tile": "siret3_r021_c012.tif"}}, {"type": "Feature", "geometry": {"type": "Polygon", "coordinates": [[[28.70921571356493, 47.12194451548226], [28.7092149970527, 47.12194272640411], [28.709216572215983, 47.121940453178], [28.709219859416706, 47.12194017914262], [28.709221771224087, 47.12193812586336], [28.70922265869033, 47.121934963015235], [28.70922462092502, 47.121934483784266], [28.709227607500733, 47.121935114122024], [28.709228631841828, 47.121936223690774], [28.709224471583184, 47.12194011030262], [28.709222201519623, 47.121941269042885], [28.709218914318846, 47.121941543078336], [28.70921734635955, 47.12194404116852], [28.70921571356493, 47.12194451548226]]]}, "properties": {"vineyard_id": "V01", "tile": "siret3_r021_c012.tif"}}, {"type": "Feature", "geometry": {"type": "Polygon", "coordinates": [[[28.70922886763076, 47.12193329554099], [28.70922686217243, 47.12193242558776], [28.709228773979262, 47.12193037230836], [28.709227713618507, 47.12192813841936], [28.709228350887408, 47.1219274539929], [28.709233807294297, 47.12192287312009], [28.7092387561036, 47.12192302422639], [28.70923919360399, 47.12192639226991], [28.709236601304944, 47.1219277807917], [28.709233751605183, 47.121931422871064], [28.709230464405078, 47.121931696906834], [28.70922886763076, 47.12193329554099]]]}, "properties": {"vineyard_id": "V01", "tile": "siret3_r021_c012.tif"}}, {"type": "Feature", "geometry": {"type": "Polygon", "coordinates": [[[28.70924297399203, 47.12192093652643], [28.709240918105884, 47.12191849252509], [28.709241855998776, 47.121916903725186], [28.70924510717778, 47.12191550536887], [28.709250027170224, 47.121914757018516], [28.709248144180915, 47.12191770975443], [28.709246203559147, 47.12191886357794], [28.70924291635989, 47.12191913761405], [28.70924297399203, 47.12192093652643]]]}, "properties": {"vineyard_id": "V01", "tile": "siret3_r021_c012.tif"}}, {"type": "Feature", "geometry": {"type": "Polygon", "coordinates": [[[28.709256772518756, 47.12190925701955], [28.709254050547884, 47.121906597988904], [28.709253319626807, 47.1219043591829], [28.709258117148806, 47.12189978814343], [28.709260093790043, 47.121899758639955], [28.709259721125342, 47.12189841437292], [28.709264518646258, 47.12189384333319], [28.709265506966762, 47.1218938285814], [28.709266860748, 47.121894933232554], [28.709266947197353, 47.121897631601115], [28.70926830097871, 47.121898736252255], [28.70926575190641, 47.121901473958935], [28.709262464708342, 47.12190174799558], [28.709263517865892, 47.121903757020235], [28.709260911160403, 47.12190469581445], [28.70926063935287, 47.12190649964407], [28.70925899215163, 47.12190652423032], [28.709258025443116, 47.1219072135742], [28.709258390903763, 47.12190833297717], [28.709256772518756, 47.12190925701955]]]}, "properties": {"vineyard_id": "V01", "tile": "siret3_r021_c012.tif"}}, {"type": "Feature", "geometry": {"type": "Polygon", "coordinates": [[[28.709267762619138, 47.12189222011221], [28.709267082126487, 47.12189155535461], [28.709275080393542, 47.121884011909145], [28.709276054305562, 47.12188354742917], [28.70927871864303, 47.12188440754697], [28.709277186708935, 47.12188802995818], [28.70927260336362, 47.12188899825643], [28.709271694288645, 47.12189148651276], [28.709267762619138, 47.12189222011221]]]}, "properties": {"vineyard_id": "V01", "tile": "siret3_r021_c012.tif"}}, {"type": "Feature", "geometry": {"type": "Polygon", "coordinates": [[[28.7092783243655, 47.121882388687865], [28.70927732163691, 47.12188195371168], [28.709285642136955, 47.12187418048415], [28.709287589960446, 47.121873251524036], [28.709289802386074, 47.121870293870174], [28.709292745733602, 47.12186957502202], [28.70929051169555, 47.12187185808381], [28.709292317388392, 47.12187678050606], [28.709291365089268, 47.12187791957829], [28.709288113913782, 47.12187931793588], [28.70928653875531, 47.121881591162946], [28.7092783243655, 47.121882388687865]]]}, "properties": {"vineyard_id": "V01", "tile": "siret3_r021_c012.tif"}}, {"type": "Feature", "geometry": {"type": "Polygon", "coordinates": [[[28.709307683845882, 47.1218626029021], [28.70930366572792, 47.12186063813424], [28.709303564868307, 47.12185749003764], [28.709306772816443, 47.121854742495394], [28.709308792681636, 47.12185606217534], [28.709310110441347, 47.12185604250578], [28.70931203665087, 47.12185443895315], [28.709310639644052, 47.12185198511826], [28.709312529831948, 47.121849257245394], [28.709318945725983, 47.12184376216031], [28.709322576768674, 47.121843932932755], [28.70932294943454, 47.12184527719956], [28.70932033552863, 47.12184599113105], [28.709321066451643, 47.12184822993663], [28.709318832415683, 47.12185051299895], [28.70931856781466, 47.12185254169273], [28.709315001610133, 47.12185439469655], [28.709314407569018, 47.12185642830773], [28.709307683845882, 47.1218626029021]]]}, "properties": {"vineyard_id": "V01", "tile": "siret3_r021_c012.tif"}}, {"type": "Feature", "geometry": {"type": "Polygon", "coordinates": [[[28.709335853262054, 47.12183653566829], [28.70933451388969, 47.12183588074601], [28.709334441845876, 47.12183363210562], [28.70933541575646, 47.121833167625155], [28.709334319371404, 47.12182980941693], [28.709337262716087, 47.121829090567665], [28.709337212285348, 47.121827516519396], [28.70933819340019, 47.121827276902955], [28.709340879349003, 47.121828811611444], [28.709341932507975, 47.12183082063537], [28.709335853262054, 47.12183653566829]]]}, "properties": {"vineyard_id": "V01", "tile": "siret3_r021_c012.tif"}}, {"type": "Feature", "geometry": {"type": "Polygon", "coordinates": [[[28.70932612856355, 47.12184163020061], [28.70932343541016, 47.12183987062774], [28.709325332801324, 47.12183736761872], [28.709329307692126, 47.12183798320158], [28.709331885575665, 47.12183614494968], [28.709335523822247, 47.12183654058574], [28.70933293873445, 47.121838153973684], [28.70933265252088, 47.12183950807538], [28.709330404077047, 47.12184134140984], [28.70932612856355, 47.12184163020061]]]}, "properties": {"vineyard_id": "V01", "tile": "siret3_r021_c012.tif"}}, {"type": "Feature", "geometry": {"type": "Polygon", "coordinates": [[[28.70934673001583, 47.12182624959231], [28.709345676856774, 47.12182424056843], [28.70934826914796, 47.12182285204426], [28.709348841574126, 47.1218201438408], [28.70934457326686, 47.121820657496265], [28.709344222213897, 47.121819987821645], [28.70934717276233, 47.12181949383616], [28.70934876232531, 47.121817670336384], [28.709352035108797, 47.12181694656924], [28.709352980201103, 47.12181558263248], [28.70935426914195, 47.12181466350629], [28.709354362799935, 47.12181758673879], [28.7093520639266, 47.121817846025394], [28.709352494228636, 47.12182098920441], [28.70934673001583, 47.12182624959231]]]}, "properties": {"vineyard_id": "V01", "tile": "siret3_r021_c012.tif"}}, {"type": "Feature", "geometry": {"type": "Polygon", "coordinates": [[[28.709019562710765, 47.12207702662342], [28.70902018557786, 47.12207589246995], [28.70902281390541, 47.12207562827326], [28.70902275628038, 47.12207382936073], [28.70902042137865, 47.122072964320495], [28.709021373686987, 47.122071825250444], [28.70902340075676, 47.12207336979943], [28.70902504796335, 47.12207334521651], [28.70902791929427, 47.12207037773433], [28.70902813348517, 47.12206677499268], [28.709030095726526, 47.12206629576496], [28.70903071859327, 47.122065161611424], [28.70903397699007, 47.12206398812503], [28.70903589601217, 47.12206215971281], [28.7090368915391, 47.12206236982702], [28.70903795189475, 47.1220646037178], [28.709035689024986, 47.122065987318535], [28.709034457698014, 47.12206870535379], [28.709030297414962, 47.122072591958805], [28.70902769069705, 47.122073530747855], [28.70902582209625, 47.1220769332084], [28.709019562710765, 47.12207702662342]]]}, "properties": {"vineyard_id": "V01", "tile": "siret3_r021_c012.tif"}}, {"type": "Feature", "geometry": {"type": "Polygon", "coordinates": [[[28.709048857564966, 47.12205521712543], [28.709047818818757, 47.122053657826946], [28.709048355246217, 47.12204982530454], [28.70905482881747, 47.12204612914629], [28.70905502859999, 47.122042076676465], [28.70905764251915, 47.12204136275088], [28.7090585804196, 47.122039773952395], [28.709060886507334, 47.1220397395356], [28.709062956796725, 47.122042633268286], [28.709054629034934, 47.1220501816161], [28.709051019588536, 47.12205068542756], [28.709048857564966, 47.12205521712543]]]}, "properties": {"vineyard_id": "V01", "tile": "siret3_r021_c012.tif"}}, {"type": "Feature", "geometry": {"type": "Polygon", "coordinates": [[[28.7090611943386, 47.12203906002673], [28.709060155592354, 47.12203750072833], [28.709061766781396, 47.12203635182458], [28.709062675868488, 47.12203386356982], [28.709065655244697, 47.122034269047674], [28.709066621958, 47.12203357970538], [28.70907031784291, 47.122035774262216], [28.709067432109578, 47.122038292017294], [28.70906443112324, 47.12203721194728], [28.70906283434081, 47.12203881057921], [28.7090611943386, 47.12203906002673]]]}, "properties": {"vineyard_id": "V01", "tile": "siret3_r021_c012.tif"}}, {"type": "Feature", "geometry": {"type": "Polygon", "coordinates": [[[28.70906986594544, 47.12203195648985], [28.70906916384345, 47.122030617138904], [28.709071441117487, 47.12202968326565], [28.7090719919497, 47.122026300471276], [28.70907427642684, 47.12202559146205], [28.70907388215584, 47.122023572602195], [28.7090771333458, 47.12202217425055], [28.709077412363378, 47.12202059528537], [28.709082847182632, 47.12201533982736], [28.709086463829703, 47.12201506087901], [28.709088053407335, 47.1220132373827], [28.709090681731425, 47.1220129731845], [28.709091376630308, 47.12201408767127], [28.70908847649234, 47.12201615569874], [28.709088849153652, 47.12201749996635], [28.709089844679937, 47.1220177100801], [28.709088570136434, 47.12201907893152], [28.709085619574434, 47.1220195729105], [28.709083363911187, 47.12202118137621], [28.709079417822693, 47.1220214652412], [28.70908152412916, 47.122025483293875], [28.70908084363705, 47.122024818535166], [28.7090788813977, 47.12202529776375], [28.70907960510992, 47.12202731170682], [28.709078645600254, 47.12202822591329], [28.709075300766578, 47.12202670103218], [28.709073653561465, 47.122026725615804], [28.709072715661687, 47.12202831441441], [28.70907570944434, 47.12202916962013], [28.70907575266438, 47.12203051880451], [28.709072465457247, 47.122030792835815], [28.70906986594544, 47.12203195648985]]]}, "properties": {"vineyard_id": "V01", "tile": "siret3_r021_c012.tif"}}, {"type": "Feature", "geometry": {"type": "Polygon", "coordinates": [[[28.709096453192927, 47.122007937673146], [28.709094784378166, 47.122007287664886], [28.70909437569972, 47.122004819077], [28.709099502685167, 47.12200024312718], [28.709099853736326, 47.12200091280254], [28.709102797093713, 47.122000193959174], [28.709103340720233, 47.1219965863006], [28.709105925822662, 47.1219949729177], [28.709111983500698, 47.12198858330441], [28.709112062739013, 47.12199105680907], [28.70911012931509, 47.12199243549438], [28.709110186942905, 47.121994234406856], [28.709106950162447, 47.12199608248755], [28.709106334501556, 47.12199744150554], [28.709107781927315, 47.12200146939136], [28.709104573960165, 47.12200421692821], [28.709100649483375, 47.12200517538611], [28.709099067109847, 47.12200722374664], [28.709096453192927, 47.122007937673146]]]}, "properties": {"vineyard_id": "V01", "tile": "siret3_r021_c012.tif"}}, {"type": "Feature", "geometry": {"type": "Polygon", "coordinates": [[[28.70912122224956, 47.12198889536091], [28.709120183502595, 47.12198733606306], [28.709117540772915, 47.12198715053382], [28.70911550650031, 47.121985381122386], [28.709117754957582, 47.121983547792006], [28.70911973880558, 47.121983743154985], [28.70912034005895, 47.1219819344088], [28.70912294677074, 47.121980995617704], [28.70912394229647, 47.12198120573118], [28.709124314958395, 47.121982549998656], [28.709123126858945, 47.12198661721916], [28.70912119343547, 47.12198799590468], [28.70912122224956, 47.12198889536091]]]}, "properties": {"vineyard_id": "V01", "tile": "siret3_r021_c012.tif"}}, {"type": "Feature", "geometry": {"type": "Polygon", "coordinates": [[[28.70912757334807, 47.12198137650968], [28.709124529142596, 47.12197894725686], [28.709124793751503, 47.121976918563476], [28.70912799451245, 47.12197394616201], [28.709130286190142, 47.121973462015745], [28.709130901850163, 47.121972102997624], [28.709133515764854, 47.121971389070346], [28.709136086458, 47.12196932595869], [28.70913536274449, 47.121967312015954], [28.70913632225211, 47.12196639780905], [28.709140970439048, 47.121967453292655], [28.709140118985445, 47.12197174046047], [28.709133917241235, 47.12197363279404], [28.7091340036841, 47.12197633116273], [28.709131440194106, 47.12197861913842], [28.709127859567513, 47.12198002240845], [28.70912757334807, 47.12198137650968]]]}, "properties": {"vineyard_id": "V01", "tile": "siret3_r021_c012.tif"}}, {"type": "Feature", "geometry": {"type": "Polygon", "coordinates": [[[28.70915835682812, 47.12195459539093], [28.709154066897142, 47.1219544344473], [28.709153379201428, 47.121953544824954], [28.709154345912136, 47.12195285548193], [28.709158950876198, 47.12195256178052], [28.709159436869133, 47.121947155209256], [28.709158111903402, 47.12194695001305], [28.709158090292398, 47.12194627542087], [28.709168022003606, 47.12193735329654], [28.709172304729513, 47.12193728937562], [28.70917193927044, 47.12193616997235], [28.709169296543156, 47.12193598444425], [28.709171867233227, 47.12193392133181], [28.709173608083866, 47.1219368199795], [28.709177239132558, 47.12193699075647], [28.70917661627037, 47.121938124910756], [28.70917371613982, 47.121940192940315], [28.70917174670071, 47.121940447306386], [28.70917053699458, 47.12194383993519], [28.709169219232603, 47.12194385960316], [28.709166490060532, 47.12194097570634], [28.709164850061835, 47.121941225155304], [28.70916459986198, 47.12194370357689], [28.709162079596947, 47.12194734073756], [28.709162151633787, 47.12194958937811], [28.709163168770136, 47.12195047408342], [28.70915835682812, 47.12195459539093]]]}, "properties": {"vineyard_id": "V01", "tile": "siret3_r021_c012.tif"}}, {"type": "Feature", "geometry": {"type": "Polygon", "coordinates": [[[28.709183970083913, 47.12193104103358], [28.70917732364569, 47.12192934046161], [28.70917730203446, 47.12192866586945], [28.709189797224013, 47.12191745576661], [28.70919153807506, 47.121920354414044], [28.709189246400218, 47.1219208385615], [28.70918701955938, 47.121923346485396], [28.70918505012096, 47.12192360085168], [28.7091871852464, 47.12192851835862], [28.709183970083913, 47.12193104103358]]]}, "properties": {"vineyard_id": "V01", "tile": "siret3_r021_c012.tif"}}, {"type": "Feature", "geometry": {"type": "Polygon", "coordinates": [[[28.709199343789663, 47.121917088307754], [28.7091983338572, 47.121916428466825], [28.709196034978778, 47.12191668775037], [28.709194688402235, 47.12191580796241], [28.709195912513866, 47.12191286506146], [28.70919785313653, 47.12191171123879], [28.709197473269477, 47.12191014210749], [28.70920103227802, 47.1219080642432], [28.709205014376654, 47.12190890469438], [28.709205952270462, 47.121907315894745], [28.709211817360224, 47.12190520361043], [28.709207678714296, 47.12190976481382], [28.709204728159506, 47.121910258795786], [28.709205115230624, 47.121912052791096], [28.70920318901581, 47.121913656342], [28.709201219577835, 47.12191391070855], [28.70920127000472, 47.121915484756926], [28.709199343789663, 47.121917088307754]]]}, "properties": {"vineyard_id": "V01", "tile": "siret3_r021_c012.tif"}}, {"type": "Feature", "geometry": {"type": "Polygon", "coordinates": [[[28.709214373639394, 47.121902690768955], [28.709213671535586, 47.12190135141888], [28.709211394269534, 47.12190228529488], [28.7092097398645, 47.12190208501635], [28.709209682233524, 47.121900286103944], [28.70921327726038, 47.121899332559536], [28.709212854169653, 47.12189641424398], [28.709219034290317, 47.121893847314105], [28.70921961392763, 47.12189136397528], [28.709222478034146, 47.12188817162436], [28.709231938146708, 47.12188510579425], [28.70923220995512, 47.12188330196468], [28.709231171207083, 47.12188174266784], [28.709232424131812, 47.12187969922271], [28.709235074060462, 47.12188010961344], [28.709235533172123, 47.121884152249145], [28.709231043477804, 47.12188804377839], [28.709228400752743, 47.121887858251625], [28.709229124468578, 47.12188987219374], [28.70922784993165, 47.12189124104668], [28.70922651055919, 47.12189058612316], [28.70922454832612, 47.121891065354134], [28.709222958756726, 47.12189288885227], [28.709223045203853, 47.12189558722086], [28.709215361960087, 47.121902676017605], [28.709214373639394, 47.121902690768955]]]}, "properties": {"vineyard_id": "V01", "tile": "siret3_r021_c012.tif"}}, {"type": "Feature", "geometry": {"type": "Polygon", "coordinates": [[[28.709243216410567, 47.12187706345112], [28.709241747366264, 47.12187236097489], [28.709238775201907, 47.12187218036555], [28.70924133868224, 47.121869892387544], [28.709243300914377, 47.121869413156254], [28.709243902162356, 47.12186760440949], [28.70924806241406, 47.12186371779697], [28.709249430602217, 47.121865272176464], [28.70924720376648, 47.121867780101475], [28.70924802113508, 47.12187271727611], [28.709243216410567, 47.12187706345112]]]}, "properties": {"vineyard_id": "V01", "tile": "siret3_r021_c012.tif"}}, {"type": "Feature", "geometry": {"type": "Polygon", "coordinates": [[[28.70926754064883, 47.1218544282007], [28.70926323631753, 47.12185381753296], [28.7092628636531, 47.12185247326593], [28.709267023902253, 47.12184858665276], [28.709266951861245, 47.1218463380123], [28.70927047484227, 47.12184313582567], [28.709270840302704, 47.121844255228616], [28.709269572972026, 47.12184584894605], [28.709273540658746, 47.12184623966682], [28.709274141905453, 47.121844430919865], [28.709277092455924, 47.12184393693617], [28.70927702041451, 47.1218416882957], [28.709278294949016, 47.121840319442256], [28.709280908855234, 47.1218396055117], [28.709281625368178, 47.12184139458947], [28.70927939853494, 47.121843902515096], [28.709271393070246, 47.12185122109678], [28.70926844251931, 47.12185171508034], [28.709268829592094, 47.12185350907546], [28.70926754064883, 47.1218544282007]]]}, "properties": {"vineyard_id": "V01", "tile": "siret3_r021_c012.tif"}}, {"type": "Feature", "geometry": {"type": "Polygon", "coordinates": [[[28.70929220151055, 47.121832012892014], [28.709290525494858, 47.12183113802249], [28.709291427363794, 47.12182842490197], [28.70928942911266, 47.121827779813806], [28.70929163433217, 47.12182459729587], [28.7092936181748, 47.121824792655886], [28.70929434189217, 47.12182680659761], [28.709296304122233, 47.121826327365454], [28.70929554438372, 47.12182318910352], [28.709293861164046, 47.12182208937001], [28.70929515010608, 47.121821170244466], [28.70929848772859, 47.121822470255246], [28.70929956970277, 47.121825378735764], [28.70929666237886, 47.12182722190428], [28.709295724489117, 47.12182881070464], [28.709292802756476, 47.121830204144985], [28.70929220151055, 47.121832012892014]]]}, "properties": {"vineyard_id": "V01", "tile": "siret3_r021_c012.tif"}}, {"type": "Feature", "geometry": {"type": "Polygon", "coordinates": [[[28.709312358260927, 47.12181303938242], [28.70931061740703, 47.121810140736805], [28.7093124715721, 47.12180628854375], [28.709313774922006, 47.12180581914607], [28.70931339505239, 47.12180425001516], [28.70931759131566, 47.12180148772043], [28.709318945095553, 47.12180259237101], [28.70931574435542, 47.12180556477764], [28.709315787581186, 47.12180691396189], [28.70931781464906, 47.12180845850576], [28.709312358260927, 47.12181303938242]]]}, "properties": {"vineyard_id": "V01", "tile": "siret3_r021_c012.tif"}}, {"type": "Feature", "geometry": {"type": "Polygon", "coordinates": [[[28.709323893893828, 47.12180274347379], [28.709322819123145, 47.12180005985754], [28.709320176402187, 47.12179987433286], [28.7093191448576, 47.12179853990083], [28.709320756033883, 47.12179739099355], [28.70932306211083, 47.12179735657161], [28.709323011680564, 47.12179578252332], [28.70932430062146, 47.12179486339746], [28.70932859774428, 47.12179524919893], [28.709328518496463, 47.121792775694466], [28.70933048072496, 47.12179229646174], [28.70933691822357, 47.121787475967835], [28.709334840725372, 47.121784357376], [28.709335470786844, 47.12178344808492], [28.709336766931614, 47.12178275382296], [28.70934107125792, 47.12178336448802], [28.70934327647256, 47.12178018196911], [28.709344902056593, 47.121779482789584], [28.709344178338018, 47.12177746884818], [28.70934938452914, 47.121775366391994], [28.70934935571142, 47.12177446693584], [28.709347028022236, 47.12177382676617], [28.70934992813708, 47.12177175873237], [28.709352893091687, 47.12177171447485], [28.70935305879391, 47.121776886347774], [28.70935047370949, 47.12177849973607], [28.709348167633387, 47.121778534158544], [28.70934687869329, 47.12177945328467], [28.70934791744261, 47.12178101258048], [28.709340227027358, 47.12178787652125], [28.709337591511343, 47.121787915860985], [28.709337670759556, 47.12179038936543], [28.709331512269706, 47.12179363089367], [28.70933222878368, 47.1217954199711], [28.709323893893828, 47.12180274347379]]]}, "properties": {"vineyard_id": "V01", "tile": "siret3_r021_c012.tif"}}, {"type": "Feature", "geometry": {"type": "Polygon", "coordinates": [[[28.70896948762572, 47.122077773931345], [28.708974936867275, 47.122072968206425], [28.70898310807372, 47.12207082151841], [28.708983630100057, 47.122066539268125], [28.708986809265294, 47.122062892278265], [28.708986773250423, 47.12206176795791], [28.708989372765522, 47.12206060430571], [28.708989651785874, 47.122059025340725], [28.70899448535933, 47.122055578632306], [28.708994456547316, 47.12205467917603], [28.70899830179651, 47.12205124721693], [28.70899934054124, 47.12205280651588], [28.708998409841815, 47.122054620177984], [28.708999147957496, 47.12205708384974], [28.708996204595522, 47.122057802690506], [28.708993297248472, 47.122059645851564], [28.708993047040227, 47.12206212427283], [28.708990755357423, 47.12206260841642], [28.708990490743076, 47.122064637109546], [28.708988535704396, 47.12206534120065], [28.70898890836357, 47.122066685468596], [28.708987927242696, 47.12206692508211], [28.70898736920181, 47.122070083012055], [28.70898476248324, 47.122071021800146], [28.708981919961687, 47.12207488873756], [28.708979928907773, 47.122074468508174], [28.708978962192603, 47.12207515784975], [28.708979041425, 47.12207763135455], [28.70896948762572, 47.122077773931345]]]}, "properties": {"vineyard_id": "V01", "tile": "siret3_r021_c012.tif"}}, {"type": "Feature", "geometry": {"type": "Polygon", "coordinates": [[[28.709003594464612, 47.12205184314488], [28.7090031713839, 47.122048924828505], [28.709007016632118, 47.122045492869134], [28.709006622363493, 47.12204347400903], [28.709008262366122, 47.12204322456229], [28.709008863623897, 47.12204141581665], [28.70901782866378, 47.12203318304676], [28.709020449786138, 47.12203269398608], [28.70902114468383, 47.12203380847328], [28.709017871882367, 47.12203453223117], [28.709015036568193, 47.12203862403345], [28.709015115802156, 47.1220410975382], [28.709013555033525, 47.12204382048981], [28.709010926707485, 47.12204408468626], [28.709007088662677, 47.122047741509824], [28.709005878943785, 47.122051134136996], [28.709003594464612, 47.12205184314488]]]}, "properties": {"vineyard_id": "V01", "tile": "siret3_r021_c012.tif"}}, {"type": "Feature", "geometry": {"type": "Polygon", "coordinates": [[[28.709036354693627, 47.12202503255879], [28.70903611698895, 47.12201761204457], [28.70904217467794, 47.122011222434864], [28.70904351405127, 47.12201187736054], [28.70904390111782, 47.12201367135643], [28.709041388044504, 47.12201753337862], [28.709043078468554, 47.12201885797986], [28.709041481686015, 47.122020456611494], [28.709037528394134, 47.122020515610984], [28.70903789385102, 47.1220216350147], [28.70903987770019, 47.122021830379026], [28.709036354693627, 47.12202503255879]]]}, "properties": {"vineyard_id": "V01", "tile": "siret3_r021_c012.tif"}}, {"type": "Feature", "geometry": {"type": "Polygon", "coordinates": [[[28.70905381845415, 47.12200429951356], [28.70905312355618, 47.12200318502655], [28.709056038101348, 47.12200156672809], [28.70905600928835, 47.122000667271834], [28.70905272928617, 47.122001166166626], [28.709058178512485, 47.121996360437876], [28.709059181241518, 47.12199679541597], [28.709059253274148, 47.12199904405663], [28.709062290274595, 47.12200124844712], [28.709059375729638, 47.12200286674573], [28.70905381845415, 47.12200429951356]]]}, "properties": {"vineyard_id": "V01", "tile": "siret3_r021_c012.tif"}}, {"type": "Feature", "geometry": {"type": "Polygon", "coordinates": [[[28.709080542559146, 47.12198455311775], [28.709079188779384, 47.12198344846438], [28.709074920456224, 47.12198396210999], [28.70907355947327, 47.12198263259249], [28.709076158982622, 47.12198146893839], [28.709076101355983, 47.12197967002588], [28.709078027577007, 47.12197806647704], [28.709085325696428, 47.121979532357166], [28.70908438059443, 47.121980896291795], [28.70908241835671, 47.121981375520406], [28.70908246157686, 47.121982724704786], [28.709080542559146, 47.12198455311775]]]}, "properties": {"vineyard_id": "V01", "tile": "siret3_r021_c012.tif"}}, {"type": "Feature", "geometry": {"type": "Polygon", "coordinates": [[[28.709065741245144, 47.12199579762594], [28.70906438026211, 47.12199446810833], [28.709064988720755, 47.12199288422651], [28.70906960089216, 47.12199281539266], [28.709069185011707, 47.1219901219406], [28.709067201163624, 47.12198992657676], [28.709066563891906, 47.12199061100237], [28.709065854587283, 47.121989046787306], [28.709070981573735, 47.12198447083873], [28.709073946540585, 47.12198442658828], [28.709074254371384, 47.121983747079376], [28.70907634626923, 47.12198731540404], [28.70907606004844, 47.12198866950517], [28.70907314550459, 47.1219902878041], [28.709072859283697, 47.12199164190521], [28.70906994473959, 47.121993260204086], [28.709068047330973, 47.121995763209036], [28.709065741245144, 47.12199579762594]]]}, "properties": {"vineyard_id": "V01", "tile": "siret3_r021_c012.tif"}}, {"type": "Feature", "geometry": {"type": "Polygon", "coordinates": [[[28.70908526086612, 47.12197750858059], [28.709083584849093, 47.12197663370809], [28.709083871069637, 47.121975279606964], [28.709086126730963, 47.12197367114126], [28.709085066375227, 47.12197143725088], [28.709088281544854, 47.12196891457863], [28.709089649731197, 47.12197046896003], [28.70908982261244, 47.12197586569752], [28.709088218629187, 47.12197723946572], [28.70908526086612, 47.12197750858059]]]}, "properties": {"vineyard_id": "V01", "tile": "siret3_r021_c012.tif"}}, {"type": "Feature", "geometry": {"type": "Polygon", "coordinates": [[[28.70909458413787, 47.121970170344376], [28.709089233849934, 47.12196777550803], [28.70909278566318, 47.121965472782954], [28.709092749646203, 47.12196434846265], [28.709095313137208, 47.1219620604878], [28.7090960152389, 47.1219633998386], [28.709099961323005, 47.12196311597309], [28.70910098566203, 47.121964225543024], [28.709099059442188, 47.12196582909221], [28.70909943210338, 47.12196717335979], [28.709097513086807, 47.12196900177302], [28.709096231341217, 47.12197014576047], [28.70909458413787, 47.121970170344376]]]}, "properties": {"vineyard_id": "V01", "tile": "siret3_r021_c012.tif"}}, {"type": "Feature", "geometry": {"type": "Polygon", "coordinates": [[[28.70910056257683, 47.121961307227004], [28.70909855711946, 47.1219604372715], [28.7090998460682, 47.1219595181481], [28.709103455507954, 47.1219590143352], [28.709104020744405, 47.12195608126877], [28.7091059541672, 47.121954702583565], [28.709105896539608, 47.12195290367108], [28.70910785877606, 47.12195242444207], [28.70910943394422, 47.12195015121737], [28.70911042226585, 47.1219501364669], [28.70911119640246, 47.12195372445823], [28.709108303471957, 47.121956017350236], [28.709109005573886, 47.121957356700975], [28.709105797609396, 47.121960104237864], [28.709100870407152, 47.121960627718025], [28.70910056257683, 47.121961307227004]]]}, "properties": {"vineyard_id": "V01", "tile": "siret3_r021_c012.tif"}}, {"type": "Feature", "geometry": {"type": "Polygon", "coordinates": [[[28.709124408121014, 47.12194430344116], [28.709123068748436, 47.121943648516435], [28.709117475463398, 47.12194395696694], [28.70911776888642, 47.12194282772979], [28.709119408885403, 47.12194257828152], [28.709121012866824, 47.1219412045129], [28.709121248661685, 47.12193827636325], [28.709125444945442, 47.12193551407537], [28.709127335145737, 47.12193278620544], [28.70913257017488, 47.12193158321511], [28.709132132681162, 47.1219282151711], [28.709133736661826, 47.121926841402306], [28.709138012183384, 47.12192655261864], [28.70913929392704, 47.12192540863073], [28.70914159280615, 47.12192514934833], [28.709142946585672, 47.12192625400096], [28.70914233813006, 47.1219278378832], [28.709139029318887, 47.12192743732416], [28.70913648023855, 47.121930175028055], [28.709133229055734, 47.12193157338134], [28.70913361612464, 47.12193336737693], [28.709134618853074, 47.12193380235438], [28.709128768164106, 47.1219363643629], [28.709127529641172, 47.121938857535056], [28.70912823894689, 47.121940421749734], [28.709124408121014, 47.12194430344116]]]}, "properties": {"vineyard_id": "V01", "tile": "siret3_r021_c012.tif"}}, {"type": "Feature", "geometry": {"type": "Polygon", "coordinates": [[[28.709141198533455, 47.1219231304887], [28.70913985916122, 47.121922475564155], [28.70913981593972, 47.12192112637981], [28.709142057189904, 47.12191906818491], [28.709144026628376, 47.12191881381936], [28.70914920402679, 47.12191581191583], [28.70915417444622, 47.12191663761798], [28.709152570466387, 47.12191801138703], [28.70915091606107, 47.12191781110767], [28.70914867481129, 47.12191986930273], [28.70914541642582, 47.12192104279227], [28.70914276649576, 47.121920632399494], [28.709141198533455, 47.1219231304887]]]}, "properties": {"vineyard_id": "V01", "tile": "siret3_r021_c012.tif"}}, {"type": "Feature", "geometry": {"type": "Polygon", "coordinates": [[[28.709154761290435, 47.1219143791435], [28.70915210415701, 47.12191374388688], [28.70915206813884, 47.121912619566594], [28.709153643303974, 47.1219103463413], [28.709156565044676, 47.12190895290443], [28.70915678643019, 47.1219055750266], [28.709159385933958, 47.12190441137067], [28.709159987185156, 47.121902602624296], [28.70916126892778, 47.12190145863616], [28.70916421948252, 47.12190096465532], [28.709167528292216, 47.12190136521365], [28.7091681295431, 47.12189955646723], [28.7091697695405, 47.12189930701823], [28.709169870392365, 47.121902455115034], [28.70916695585606, 47.121904073416296], [28.709164635366946, 47.12190365810702], [28.709162687540164, 47.12190458706509], [28.70916346888321, 47.1219083999201], [28.70916250937708, 47.12190931412725], [28.7091612276343, 47.12191045811541], [28.709159566025527, 47.1219100329721], [28.709158628130282, 47.12191162177139], [28.709155384152826, 47.12191324498932], [28.709154761290435, 47.1219143791435]]]}, "properties": {"vineyard_id": "V01", "tile": "siret3_r021_c012.tif"}}, {"type": "Feature", "geometry": {"type": "Polygon", "coordinates": [[[28.709174345684954, 47.12189811386001], [28.709171960362628, 47.12189567477439], [28.709171881121797, 47.12189320126978], [28.709172511187308, 47.12189229197956], [28.709176757890926, 47.121891103738236], [28.7091766570387, 47.121887955641455], [28.70917791716941, 47.12188613706097], [28.709179872198998, 47.12188543296672], [28.70918011712631, 47.121893078344605], [28.7091761998628, 47.12189426166904], [28.709176594136565, 47.121896280528524], [28.709174345684954, 47.12189811386001]]]}, "properties": {"vineyard_id": "V01", "tile": "siret3_r021_c012.tif"}}, {"type": "Feature", "geometry": {"type": "Polygon", "coordinates": [[[28.709187793169697, 47.12188576468614], [28.709186410575228, 47.12188376057779], [28.709189002873504, 47.121882372057144], [28.709189897544643, 47.12187943407331], [28.709189188237993, 47.121877869859006], [28.709186882157407, 47.121877904278286], [28.709189137811535, 47.12187629581063], [28.70918951767808, 47.12187786494195], [28.70919216040254, 47.12187805046962], [28.709193542997067, 47.1218800545779], [28.709187793169697, 47.12188576468614]]]}, "properties": {"vineyard_id": "V01", "tile": "siret3_r021_c012.tif"}}, {"type": "Feature", "geometry": {"type": "Polygon", "coordinates": [[[28.709193764380167, 47.12187667670003], [28.70919040514534, 47.12187470209405], [28.70919365632318, 47.12187330373922], [28.7091936058966, 47.121871729690845], [28.709197179310404, 47.12187010155477], [28.709200488118398, 47.12187050211219], [28.709202765383303, 47.12186956823642], [28.70920469880043, 47.1218681895496], [28.709204669985056, 47.12186729009336], [28.70920267893729, 47.121866869867766], [28.709202313478112, 47.12186575046459], [28.70920459074279, 47.1218648165888], [28.70920689682279, 47.121864782169155], [28.70920890227823, 47.121865652122786], [28.709209253329817, 47.12186632179785], [28.709203811334117, 47.121871352397605], [28.70920252238929, 47.121872271522136], [28.70920083196609, 47.121870946923224], [28.70919951420593, 47.121870966591516], [28.709199242396462, 47.121872770421014], [28.709197939043886, 47.121873239817404], [28.70919800387823, 47.12187526359389], [28.709193764380167, 47.12187667670003]]]}, "properties": {"vineyard_id": "V01", "tile": "siret3_r021_c012.tif"}}, {"type": "Feature", "geometry": {"type": "Polygon", "coordinates": [[[28.709237980820692, 47.12183709665656], [28.7092372282894, 47.121834183258265], [28.70923913288844, 47.12183190511466], [28.709241095119218, 47.12183142588345], [28.70924333636176, 47.121829367686644], [28.709244990764635, 47.12182956796472], [28.709246022308015, 47.1218309023974], [28.70924312218591, 47.12183297042864], [28.70924156863879, 47.12183591824727], [28.709237980820692, 47.12183709665656]]]}, "properties": {"vineyard_id": "V01", "tile": "siret3_r021_c012.tif"}}, {"type": "Feature", "geometry": {"type": "Polygon", "coordinates": [[[28.70921181681116, 47.121864033820486], [28.70920777708496, 47.12186139445708], [28.709208729385608, 47.12186025538553], [28.709210706025434, 47.12186022588291], [28.70921359174251, 47.121857708124345], [28.709215883414416, 47.12185722397644], [28.709216169631034, 47.121855869875006], [28.709214486411913, 47.121854770140324], [28.709217715976227, 47.121852697192665], [28.709219541333834, 47.1218479455448], [28.709224045433547, 47.12184450374413], [28.70922731822046, 47.12184377998051], [28.7092272822008, 47.12184265566025], [28.709225950033513, 47.121842225600744], [28.709226594505363, 47.121841766038344], [28.709227618844594, 47.12184287560716], [28.709230232751647, 47.121842161677755], [28.709230833999786, 47.12184035293102], [28.709229179596623, 47.12184015265277], [28.709229150780867, 47.12183925319656], [28.70923170705613, 47.12183674035472], [28.709231750279823, 47.121838089539025], [28.709233784550474, 47.12183985894844], [28.709235102309837, 47.12183983927976], [28.709237651380867, 47.121837101573746], [28.709238711740127, 47.1218393354627], [28.709227505522733, 47.121849626445865], [28.709220243437045, 47.12184928489486], [28.709220630508188, 47.12185107889014], [28.70922360987524, 47.12185148436402], [28.709223968130836, 47.121852378903085], [28.70921181681116, 47.121864033820486]]]}, "properties": {"vineyard_id": "V01", "tile": "siret3_r021_c012.tif"}}, {"type": "Feature", "geometry": {"type": "Polygon", "coordinates": [[[28.709248629010208, 47.121829963603545], [28.709247210394913, 47.12182683517568], [28.709249788280804, 47.1218249969256], [28.709250052884343, 47.121822968231946], [28.709251664062865, 47.1218218193256], [28.7092509475512, 47.12182003024765], [28.709252895373357, 47.12181910128813], [28.709252200473784, 47.12181798680232], [28.70925411947969, 47.12181615838659], [28.709255100594724, 47.12181591877086], [28.70925540121824, 47.12181501439743], [28.709256052893565, 47.12181477969893], [28.70925581710647, 47.1218177078488], [28.709257800948727, 47.12181790320944], [28.70926591447175, 47.12181395758942], [28.7092588829206, 47.12182081169036], [28.70925592516717, 47.12182108080953], [28.709256319443327, 47.12182309966874], [28.709248629010208, 47.121829963603545]]]}, "properties": {"vineyard_id": "V01", "tile": "siret3_r021_c012.tif"}}, {"type": "Feature", "geometry": {"type": "Polygon", "coordinates": [[[28.709268764163237, 47.121810315509286], [28.709265469766702, 47.121810364681906], [28.70926544815445, 47.121809690089755], [28.70926770380334, 47.12180808162061], [28.70926766778287, 47.121806957300365], [28.70926698729134, 47.12180629254273], [28.70926534009319, 47.121806317129035], [28.709264380590625, 47.12180723133699], [28.70926405115099, 47.12180723625425], [28.709264366182463, 47.121806781608896], [28.709266951270884, 47.12180516822249], [28.709267566925575, 47.12180380920367], [28.709271527405036, 47.121803975060494], [28.70927475696407, 47.12180190211127], [28.70927745011393, 47.12180366168534], [28.709271048628487, 47.12180960649625], [28.70926939422614, 47.121809406218546], [28.709268764163237, 47.121810315509286]]]}, "properties": {"vineyard_id": "V01", "tile": "siret3_r021_c012.tif"}}, {"type": "Feature", "geometry": {"type": "Polygon", "coordinates": [[[28.709280951479126, 47.12179978490628], [28.709276281691896, 47.12179805483603], [28.709277541817137, 47.1217962362545], [28.709279840689952, 47.12179597696938], [28.70928043473178, 47.121793943358355], [28.709283808373012, 47.12179636768983], [28.70928577780623, 47.12179611332191], [28.709280951479126, 47.12179978490628]]]}, "properties": {"vineyard_id": "V01", "tile": "siret3_r021_c012.tif"}}, {"type": "Feature", "geometry": {"type": "Polygon", "coordinates": [[[28.70929089755127, 47.12179131249978], [28.709292694083608, 47.12178566139464], [28.709290330373662, 47.121783896903565], [28.709290301556933, 47.12178299744738], [28.709292865030847, 47.12178070946827], [28.709293581543342, 47.121782498545976], [28.70929689034653, 47.12178289910066], [28.70929786425654, 47.121782434620535], [28.70929781382704, 47.12178086057221], [28.709301745487938, 47.12178012697182], [28.70930233952877, 47.12177809336069], [28.70930591293297, 47.12177646522135], [28.709305525859573, 47.121774671226355], [28.709303857049726, 47.12177402122106], [28.709303756190412, 47.12177087312442], [28.709308704985716, 47.12177102422788], [28.70930962126132, 47.1217687608353], [28.709313230686046, 47.12176825701595], [28.709314146961415, 47.12176599362333], [28.709311475425096, 47.12176490864223], [28.709315642868287, 47.12176124689141], [28.709315277407537, 47.121760127488585], [28.70931595789906, 47.12176079224592], [28.70931890124022, 47.12176007339716], [28.70932286171654, 47.12176023925225], [28.709324744696364, 47.12175728651516], [28.709329270394704, 47.121754519302606], [28.709330280325627, 47.12175517914242], [28.70932387885182, 47.12176112395616], [28.70932258991171, 47.12176204308203], [28.70931862943526, 47.12176187722693], [28.70931769154727, 47.12176346602745], [28.70931541428891, 47.12176439990543], [28.7093154647189, 47.12176597395374], [28.709319396378447, 47.12176524035277], [28.70929089755127, 47.12179131249978]]]}, "properties": {"vineyard_id": "V01", "tile": "siret3_r021_c012.tif"}}, {"type": "Feature", "geometry": {"type": "Polygon", "coordinates": [[[28.709338593594214, 47.12174718104718], [28.709337848263228, 47.1217444925136], [28.709339437824365, 47.12174266901395], [28.70933939459809, 47.12174131982969], [28.7093360857972, 47.121740919276206], [28.70933897150197, 47.1217384015146], [28.709340611493577, 47.12173815206322], [28.70934404997348, 47.12174260016935], [28.709338593594214, 47.12174718104718]]]}, "properties": {"vineyard_id": "V01", "tile": "siret3_r021_c012.tif"}}, {"type": "Feature", "geometry": {"type": "Polygon", "coordinates": [[[28.70934531729954, 47.12174100645113], [28.70934846039891, 47.12173623513139], [28.709349662884907, 47.121732617636745], [28.709348939166837, 47.121730603695354], [28.70935152424902, 47.121728990307105], [28.709351747586297, 47.12173596109239], [28.70934531729954, 47.12174100645113]]]}, "properties": {"vineyard_id": "V01", "tile": "siret3_r021_c012.tif"}}, {"type": "Feature", "geometry": {"type": "Polygon", "coordinates": [[[28.708910188180308, 47.122078658872944], [28.708910510419027, 47.12207842909261], [28.70891111888315, 47.12207684521153], [28.70891408385539, 47.12207680096516], [28.708913016301974, 47.12207434220909], [28.708915930855323, 47.122072723914115], [28.708917821071093, 47.12206999604751], [28.708919461074984, 47.12206974660203], [28.708921466533667, 47.12207061656063], [28.70892090848881, 47.122073774490296], [28.708915687846112, 47.12207542719933], [28.7089157238595, 47.12207655151973], [28.708918424214563, 47.122078535966224], [28.708910188180308, 47.122078658872944]]]}, "properties": {"vineyard_id": "V01", "tile": "siret3_r021_c012.tif"}}, {"type": "Feature", "geometry": {"type": "Polygon", "coordinates": [[[28.708932049987382, 47.12206145975947], [28.708928082286782, 47.12206106902708], [28.70893062418128, 47.12205810646356], [28.70893517153385, 47.122056013858376], [28.70894010594947, 47.12205571524929], [28.708937256222665, 47.12205935732156], [28.708937299439253, 47.12206070650601], [28.708932049987382, 47.12206145975947]]]}, "properties": {"vineyard_id": "V01", "tile": "siret3_r021_c012.tif"}}, {"type": "Feature", "geometry": {"type": "Polygon", "coordinates": [[[28.708925075982744, 47.122070112753235], [28.7089227266773, 47.12206879798283], [28.708923270316593, 47.122065190324975], [28.70892614165282, 47.122062222845294], [28.708928418930775, 47.12206128897484], [28.70892945767368, 47.12206284827446], [28.70892918585426, 47.122064652103404], [28.708926622351218, 47.12206694007464], [28.708926687175712, 47.12206896385134], [28.708925075982744, 47.122070112753235]]]}, "properties": {"vineyard_id": "V01", "tile": "siret3_r021_c012.tif"}}, {"type": "Feature", "geometry": {"type": "Polygon", "coordinates": [[[28.708942039380112, 47.12205433656677], [28.708939704480507, 47.12205347152486], [28.708939654061094, 47.12205189747633], [28.708941265253202, 47.12205074857423], [28.70894291245917, 47.122050723992494], [28.70894450204279, 47.12204890049812], [28.708946457081478, 47.12204819640776], [28.70894716638346, 47.12204976062357], [28.708944989945454, 47.122053842591455], [28.708944295049072, 47.122052728103775], [28.70894264784304, 47.122052752685526], [28.708942039380112, 47.12205433656677]]]}, "properties": {"vineyard_id": "V01", "tile": "siret3_r021_c012.tif"}}, {"type": "Feature", "geometry": {"type": "Polygon", "coordinates": [[[28.708954549054194, 47.12204357621697], [28.708950831564938, 47.122040707064116], [28.708950795550855, 47.122039582743746], [28.708954046745102, 47.12203818439552], [28.70895865171784, 47.12203789070203], [28.708960327734818, 47.12203876557636], [28.70896003430798, 47.122039894813135], [28.70895586681878, 47.12204355655143], [28.708954549054194, 47.12204357621697]]]}, "properties": {"vineyard_id": "V01", "tile": "siret3_r021_c012.tif"}}, {"type": "Feature", "geometry": {"type": "Polygon", "coordinates": [[[28.70897532166872, 47.122023243747584], [28.708973953484275, 47.122021689364814], [28.70897102452968, 47.122022857933075], [28.708969677954048, 47.122021978142484], [28.708975119987112, 47.122016947553504], [28.70897807775299, 47.12201667844145], [28.708979431531557, 47.12201778309601], [28.708981071533536, 47.122017533649675], [28.708980018384185, 47.12201552462237], [28.708980949083593, 47.12201371096041], [28.708980246984073, 47.12201237160889], [28.708984185869564, 47.12201186288321], [28.70898805992828, 47.12200933038077], [28.708989341677142, 47.122008186394496], [28.70898930566229, 47.12200706207413], [28.70898763684882, 47.122006412064295], [28.70898858195375, 47.122005048130426], [28.708993910632113, 47.122006768379265], [28.708993968256035, 47.12200856729184], [28.708983084194163, 47.12201862847128], [28.708981465800978, 47.12201955250988], [28.708978171391035, 47.122019601674396], [28.70897792838515, 47.122022304959735], [28.70897532166872, 47.122023243747584]]]}, "properties": {"vineyard_id": "V01", "tile": "siret3_r021_c012.tif"}}, {"type": "Feature", "geometry": {"type": "Polygon", "coordinates": [[[28.70896675089081, 47.122033495374495], [28.7089647238242, 47.12203195082444], [28.708960462698805, 47.122032689329934], [28.70895879388486, 47.12203203931966], [28.708964235919968, 47.1220270087312], [28.708965868719428, 47.12202653442099], [28.708965839907922, 47.12202563496469], [28.70896936291882, 47.122022432787055], [28.708970702291563, 47.12202308771358], [28.708970129844257, 47.12202579591533], [28.708966520398626, 47.12202629972409], [28.70896622697198, 47.12202742896089], [28.70897150523159, 47.122027575162214], [28.708971526840294, 47.122028249754436], [28.708970918378487, 47.122029833635814], [28.70896675089081, 47.122033495374495]]]}, "properties": {"vineyard_id": "V01", "tile": "siret3_r021_c012.tif"}}, {"type": "Feature", "geometry": {"type": "Polygon", "coordinates": [[[28.70899547140072, 47.12200404542792], [28.708994088810226, 47.122002041317245], [28.708991474892088, 47.122002755241375], [28.708991446080173, 47.12200185578509], [28.708994990696958, 47.12199932819888], [28.708997847619692, 47.121995910989305], [28.70900045433439, 47.12199497220097], [28.709000425522337, 47.121994072744684], [28.70900503769399, 47.12199400391344], [28.709004852313825, 47.1219985061114], [28.709001966579322, 47.122001023864875], [28.708999008814445, 47.12200129297753], [28.708997118605197, 47.122004020845424], [28.70899547140072, 47.12200404542792]]]}, "properties": {"vineyard_id": "V01", "tile": "siret3_r021_c012.tif"}}, {"type": "Feature", "geometry": {"type": "Polygon", "coordinates": [[[28.709006627273837, 47.12199218041826], [28.709005946783083, 47.12199151565909], [28.70900687748121, 47.12198970199694], [28.709009476992392, 47.12198853834432], [28.70900944097714, 47.12198741402396], [28.709007772164053, 47.1219867640144], [28.709016414957503, 47.12197876102526], [28.709018062161185, 47.121978736442465], [28.709016845241354, 47.121981904205704], [28.709014875799895, 47.1219821585691], [28.709014983845982, 47.12198553153016], [28.70901765538763, 47.12198661651807], [28.709015736367533, 47.121988444929976], [28.70901182629634, 47.12198985311297], [28.709011568886137, 47.121992106670234], [28.709006627273837, 47.12199218041826]]]}, "properties": {"vineyard_id": "V01", "tile": "siret3_r021_c012.tif"}}, {"type": "Feature", "geometry": {"type": "Polygon", "coordinates": [[[28.709024056922402, 47.121980671720884], [28.709023326009838, 47.121978432913345], [28.709025273841778, 47.121977503957595], [28.70902776530509, 47.12197296734352], [28.70902762124263, 47.12196847006212], [28.709029225227205, 47.12196709629476], [28.70903185354936, 47.121966832097925], [28.709032805855625, 47.12196569302778], [28.70903413082138, 47.12196589822544], [28.70903617949688, 47.12196811736649], [28.709035263206424, 47.12197038075703], [28.709024056922402, 47.121980671720884]]]}, "properties": {"vineyard_id": "V01", "tile": "siret3_r021_c012.tif"}}, {"type": "Feature", "geometry": {"type": "Polygon", "coordinates": [[[28.709042444166922, 47.12195790015099], [28.7090410687791, 47.121956120904954], [28.709044591780945, 47.12195291872506], [28.709046955490543, 47.12195468322115], [28.70904859549025, 47.121954433773865], [28.70904855227101, 47.12195308458947], [28.7090501634578, 47.12195193568588], [28.70904875205385, 47.12194903211959], [28.709049711562646, 47.12194811791338], [28.709052676527516, 47.1219480736635], [28.70905291232615, 47.12194514551396], [28.709055175190407, 47.12194376191293], [28.709056528968656, 47.12194486656661], [28.70905669464316, 47.12195003844016], [28.709054424575445, 47.121951197177154], [28.709053816116924, 47.12195278105895], [28.709051524439374, 47.121953265203686], [28.70905190430249, 47.12195483433551], [28.70904966304732, 47.12195689252869], [28.70904535870999, 47.121956281852825], [28.70904442081054, 47.121957870651215], [28.709042444166922, 47.12195790015099]]]}, "properties": {"vineyard_id": "V01", "tile": "siret3_r021_c012.tif"}}, {"type": "Feature", "geometry": {"type": "Polygon", "coordinates": [[[28.709037095787263, 47.121965853975965], [28.70903406599304, 47.12196387444882], [28.709034345011634, 47.12196229548372], [28.70903882752345, 47.12195817909792], [28.70904211472632, 47.12195790506762], [28.709042501792382, 47.12195969906354], [28.70904120563946, 47.121960393322254], [28.70904162872141, 47.12196331163853], [28.70903900760265, 47.121963800699646], [28.709037095787263, 47.121965853975965]]]}, "properties": {"vineyard_id": "V01", "tile": "siret3_r021_c012.tif"}}, {"type": "Feature", "geometry": {"type": "Polygon", "coordinates": [[[28.709072361811952, 47.12193495649392], [28.70906871635707, 47.12193433598551], [28.709068358103472, 47.12193344144594], [28.709069926069503, 47.1219309433577], [28.70907382893153, 47.121929310308694], [28.709073728085237, 47.12192616221177], [28.70907723667652, 47.12192251030279], [28.709078554438033, 47.12192249063586], [28.709079908216204, 47.12192359528928], [28.709082228705576, 47.12192401060027], [28.709082952416455, 47.12192602454338], [28.709074316844756, 47.121934252401445], [28.709072361811952, 47.12193495649392]]]}, "properties": {"vineyard_id": "V01", "tile": "siret3_r021_c012.tif"}}, {"type": "Feature", "geometry": {"type": "Polygon", "coordinates": [[[28.70909426481302, 47.121908757871154], [28.709092925441713, 47.12190810294605], [28.70909936297584, 47.12190328246513], [28.709101024583955, 47.1219037076093], [28.70910263576813, 47.121902558705], [28.709106632271777, 47.12190384888777], [28.709105364934775, 47.12190544260344], [28.709101733888396, 47.12190527182416], [28.709100173128004, 47.1219079947769], [28.70909426481302, 47.121908757871154]]]}, "properties": {"vineyard_id": "V01", "tile": "siret3_r021_c012.tif"}}, {"type": "Feature", "geometry": {"type": "Polygon", "coordinates": [[[28.709108529675404, 47.12190134588219], [28.70910668798136, 47.12189529913654], [28.70910989594201, 47.12189255159965], [28.70911616250904, 47.12189268304402], [28.709116571187486, 47.12189515163188], [28.709110169673167, 47.12190109643406], [28.709108529675404, 47.12190134588219]]]}, "properties": {"vineyard_id": "V01", "tile": "siret3_r021_c012.tif"}}, {"type": "Feature", "geometry": {"type": "Polygon", "coordinates": [[[28.709130798102926, 47.1218762666562], [28.70912720307607, 47.12187722019803], [28.709128456004713, 47.121875176754], [28.709131656759507, 47.12187220435246], [28.709137514644937, 47.1218698672079], [28.7091364614928, 47.121867858182014], [28.709142576781755, 47.1218632674797], [28.709143822505908, 47.12186099917146], [28.70914448858947, 47.121861214201694], [28.709145026933577, 47.12186773034254], [28.709144103445787, 47.12186976886982], [28.70914015736885, 47.12187005273678], [28.709138560593587, 47.1218716513697], [28.709135588429547, 47.12187147075768], [28.709134650534224, 47.121873059556776], [28.709138288782047, 47.12187345519908], [28.70913533102501, 47.121873724315186], [28.70913469375552, 47.121874408741135], [28.709132051031407, 47.121874223212146], [28.709130798102926, 47.1218762666562]]]}, "properties": {"vineyard_id": "V01", "tile": "siret3_r021_c012.tif"}}, {"type": "Feature", "geometry": {"type": "Polygon", "coordinates": [[[28.70915715665794, 47.12185540083985], [28.709154162883873, 47.12185454563612], [28.709153747000432, 47.12185185218434], [28.7091572699887, 47.12184865000113], [28.70916022054057, 47.12184815602041], [28.70916192536937, 47.12184993034808], [28.709162670693136, 47.12185261888286], [28.70916074447912, 47.12185422243306], [28.709158767839458, 47.121854251934806], [28.70915715665794, 47.12185540083985]]]}, "properties": {"vineyard_id": "V01", "tile": "siret3_r021_c012.tif"}}, {"type": "Feature", "geometry": {"type": "Polygon", "coordinates": [[[28.709173768868233, 47.12183895494502], [28.709171763414368, 47.12183808499075], [28.709172722919085, 47.12183717078354], [28.70917234305336, 47.121835601652116], [28.70917429808119, 47.12183489755798], [28.70917359597933, 47.121833558207626], [28.7091787157381, 47.121828757390354], [28.709180040700964, 47.12182896258638], [28.709184109238308, 47.12183250140707], [28.709182798682825, 47.12183274593921], [28.70918187519705, 47.1218347844668], [28.709179583525774, 47.12183526861403], [28.709179956187985, 47.12183661288135], [28.70917738550282, 47.121838675993956], [28.709173768868233, 47.12183895494502]]]}, "properties": {"vineyard_id": "V01", "tile": "siret3_r021_c012.tif"}}, {"type": "Feature", "geometry": {"type": "Polygon", "coordinates": [[[28.70916418822677, 47.12184854674497], [28.70916110800913, 47.1218449931727], [28.709166234973793, 47.12184041722004], [28.709168541052783, 47.121840382801196], [28.709170452858693, 47.12183832952278], [28.709172100057906, 47.121838304937825], [28.709173439428387, 47.12183895986201], [28.7091732324515, 47.121842787468005], [28.70916936561731, 47.12184554484058], [28.70916746821847, 47.12184804784711], [28.709165806611608, 47.121847622703875], [28.70916418822677, 47.12184854674497]]]}, "properties": {"vineyard_id": "V01", "tile": "siret3_r021_c012.tif"}}, {"type": "Feature", "geometry": {"type": "Polygon", "coordinates": [[[28.7091909679101, 47.12182025057321], [28.709188962456675, 47.12181938061925], [28.709193759976817, 47.12181480958242], [28.709199976108124, 47.121813366973925], [28.709200699821803, 47.12181538091628], [28.709202361427923, 47.12181580605903], [28.70919948291633, 47.12181854868136], [28.709197184042118, 47.12181880796488], [28.709196224538143, 47.121819722172276], [28.7091909679101, 47.12182025057321]]]}, "properties": {"vineyard_id": "V01", "tile": "siret3_r021_c012.tif"}}, {"type": "Feature", "geometry": {"type": "Polygon", "coordinates": [[[28.709211761960294, 47.12180059265463], [28.70921008594688, 47.12179971778391], [28.709216809673748, 47.12179354319517], [28.70922133538082, 47.121790775986796], [28.70922234531114, 47.12179143582757], [28.709224644184044, 47.12179117654356], [28.70922624095435, 47.12178957790949], [28.709226512762562, 47.12178777407989], [28.709229792749916, 47.1217872751803], [28.7092287251882, 47.121784816427166], [28.70922641911168, 47.1217848508472], [28.709229612651725, 47.12178165357896], [28.709231925932045, 47.12178184402293], [28.70923121662554, 47.12178027980887], [28.70923284941503, 47.121779805494974], [28.709235083451837, 47.121777522434286], [28.70923902231738, 47.12177701370009], [28.709241070993833, 47.12177923283753], [28.709240777574227, 47.12178036207498], [28.709233416584603, 47.12178722109158], [28.709230817088127, 47.12178838474911], [28.709230853107794, 47.12178950906937], [28.709226341809163, 47.121792726006234], [28.709226048389176, 47.121793855243645], [28.709224086159637, 47.121794334474586], [28.709224129383074, 47.121795683658924], [28.709222518204726, 47.12179683256487], [28.709220183312112, 47.121795967528556], [28.70921657388456, 47.121796471345], [28.70921502033697, 47.121799419163274], [28.709211761960294, 47.12180059265463]]]}, "properties": {"vineyard_id": "V01", "tile": "siret3_r021_c012.tif"}}, {"type": "Feature", "geometry": {"type": "Polygon", "coordinates": [[[28.709246212353356, 47.12177510660951], [28.70924447870831, 47.121772432826866], [28.70924444268838, 47.1217713085066], [28.70924573163008, 47.121770389381595], [28.709245645182182, 47.12176769101297], [28.709250206905622, 47.12176604812377], [28.70925317906409, 47.12176622873289], [28.70925454004579, 47.1217675582483], [28.709246212353356, 47.12177510660951]]]}, "properties": {"vineyard_id": "V01", "tile": "siret3_r021_c012.tif"}}, {"type": "Feature", "geometry": {"type": "Polygon", "coordinates": [[[28.70925581457916, 47.1217661893951], [28.709255033231894, 47.12176237654067], [28.70925761831849, 47.12176076315449], [28.709257539074066, 47.12175828964993], [28.709261477937957, 47.12175778091499], [28.709261391489303, 47.12175508254637], [28.709262666022205, 47.12175371369309], [28.709265287128503, 47.12175322462701], [28.70926795145923, 47.12175408474515], [28.709267980275555, 47.12175498420136], [28.709266347487144, 47.121755458515736], [28.70926382723765, 47.121759095678584], [28.70926187941785, 47.121760024638256], [28.709261585998785, 47.12176115387575], [28.70925581457916, 47.1217661893951]]]}, "properties": {"vineyard_id": "V01", "tile": "siret3_r021_c012.tif"}}, {"type": "Feature", "geometry": {"type": "Polygon", "coordinates": [[[28.70926684067202, 47.12175027680807], [28.70926578751753, 47.121748267783374], [28.709269954962643, 47.12174460603419], [28.709275569838052, 47.121744972168635], [28.709275784011517, 47.12174136942656], [28.709282579764885, 47.121737443474586], [28.709284570808382, 47.12173786369886], [28.709284950676626, 47.1217394328299], [28.70927694522798, 47.1217467514119], [28.70927070749431, 47.12174751943231], [28.709270099044396, 47.1217491033152], [28.70926684067202, 47.12175027680807]]]}, "properties": {"vineyard_id": "V01", "tile": "siret3_r021_c012.tif"}}, {"type": "Feature", "geometry": {"type": "Polygon", "coordinates": [[[28.7092887958847, 47.121736000861404], [28.70928680484124, 47.12173558063721], [28.70928732684062, 47.12173129838564], [28.70928893801561, 47.121730149478815], [28.709291931784705, 47.1217310046791], [28.709293908419657, 47.12173097517512], [28.709294545685417, 47.121730290748296], [28.709294173021146, 47.12172894648135], [28.709289532056427, 47.12172811586774], [28.709289488831434, 47.12172676668344], [28.709294358376585, 47.121724444283046], [28.70929397850818, 47.121722875152045], [28.70929494521295, 47.12172218580789], [28.709298912890603, 47.121722576527894], [28.709302149647925, 47.12172072844199], [28.70930380404762, 47.121720928719256], [28.70930416230362, 47.121721823258085], [28.7092887958847, 47.121736000861404]]]}, "properties": {"vineyard_id": "V01", "tile": "siret3_r021_c012.tif"}}, {"type": "Feature", "geometry": {"type": "Polygon", "coordinates": [[[28.70930767086588, 47.12171817134229], [28.70930398940223, 47.12171642652093], [28.709305535738352, 47.12171325383745], [28.709307146912412, 47.12171210493036], [28.709307082074293, 47.12171008115395], [28.70931124951361, 47.12170641940331], [28.70931386341286, 47.12170570547209], [28.709316835568128, 47.12170588607959], [28.70931800203426, 47.12170114426503], [28.70932127481108, 47.12170042049884], [28.70932116674671, 47.121697047538134], [28.70932474014496, 47.12169541939828], [28.7093270462175, 47.12169538497631], [28.709324826596635, 47.121698117766826], [28.70932624521281, 47.121701246193766], [28.709324641243803, 47.121702619965156], [28.709323001253203, 47.121702869416275], [28.709323366713697, 47.1217039888191], [28.70932144771412, 47.12170581723594], [28.709316191098672, 47.12170634564249], [28.70931526762008, 47.121708384171086], [28.709313598812212, 47.121707734165895], [28.70931162938239, 47.12170798853427], [28.709311422415677, 47.12171181614045], [28.70931344227547, 47.12171313582041], [28.70930767086588, 47.12171817134229]]]}, "properties": {"vineyard_id": "V01", "tile": "siret3_r021_c012.tif"}}, {"type": "Feature", "geometry": {"type": "Polygon", "coordinates": [[[28.709335602464197, 47.12168468359535], [28.70933685538047, 47.12168264014913], [28.70934015697337, 47.12168281583862], [28.70934073660301, 47.12168033249918], [28.70933973387777, 47.121679897523485], [28.709343256843646, 47.121676695334735], [28.709344896833336, 47.12167644588332], [28.70934613534029, 47.12167395270892], [28.7093496583054, 47.12167075051999], [28.709349939277228, 47.1216795202177], [28.709341926642015, 47.12168661394004], [28.709340938325386, 47.121686628692444], [28.709339519708756, 47.12168350026567], [28.709338201953326, 47.121683519935495], [28.70933757909739, 47.121684654090636], [28.709335602464197, 47.12168468359535]]]}, "properties": {"vineyard_id": "V01", "tile": "siret3_r021_c012.tif"}}, {"type": "Feature", "geometry": {"type": "Polygon", "coordinates": [[[28.70885187705624, 47.1220795290356], [28.708851841044194, 47.12207840471516], [28.70885477720692, 47.12207746101397], [28.708855392875126, 47.12207610199727], [28.708857677357372, 47.12207539299228], [28.708856280365236, 47.12207293915175], [28.708858521632724, 47.12207088096224], [28.70886209507022, 47.12206925283641], [28.70886206626042, 47.122068353380065], [28.708863097799096, 47.12206968781622], [28.708866757666, 47.12207075805926], [28.708866156403086, 47.1220725668042], [28.708864194159958, 47.12207304602913], [28.708862597370405, 47.12207464465833], [28.708859654005533, 47.12207536349563], [28.70885912476673, 47.122079420881406], [28.70885187705624, 47.1220795290356]]]}, "properties": {"vineyard_id": "V01", "tile": "siret3_r021_c012.tif"}}, {"type": "Feature", "geometry": {"type": "Polygon", "coordinates": [[[28.70887825742792, 47.12205933787371], [28.708875850504036, 47.122056224189656], [28.708875800086506, 47.12205465014106], [28.70888001079725, 47.12205233759011], [28.70888465178441, 47.122053168220006], [28.708884723809824, 47.122055416860825], [28.708880556314192, 47.12205907859646], [28.70887825742792, 47.12205933787371]]]}, "properties": {"vineyard_id": "V01", "tile": "siret3_r021_c012.tif"}}, {"type": "Feature", "geometry": {"type": "Polygon", "coordinates": [[[28.708885926334002, 47.12205179937076], [28.70888358423285, 47.12205070946362], [28.70888127814442, 47.12205074387685], [28.708883569827776, 47.12205025973545], [28.708883483397354, 47.12204756136645], [28.708886046901362, 47.12204527339616], [28.70888906228979, 47.12204680319903], [28.708890702293115, 47.12204655375397], [28.708890637470034, 47.12204452997722], [28.708887965927953, 47.12204344498635], [28.708890844467593, 47.1220407023716], [28.708893157758148, 47.12204089282228], [28.70889389586878, 47.12204335649478], [28.708896187551694, 47.12204287235314], [28.708895793287272, 47.12204085349261], [28.708897433290378, 47.12204060404745], [28.70889880867571, 47.12204238329522], [28.70888920634097, 47.122051300480706], [28.708885926334002, 47.12205179937076]]]}, "properties": {"vineyard_id": "V01", "tile": "siret3_r021_c012.tif"}}, {"type": "Feature", "geometry": {"type": "Polygon", "coordinates": [[[28.70889938112681, 47.12203967509379], [28.708896043499962, 47.122038375071476], [28.708896286510054, 47.12203567178626], [28.708899508895136, 47.122033373983264], [28.70890481596573, 47.12203441964399], [28.708905210230437, 47.122036438504495], [28.708901687214734, 47.122039640680214], [28.70889938112681, 47.12203967509379]]]}, "properties": {"vineyard_id": "V01", "tile": "siret3_r021_c012.tif"}}, {"type": "Feature", "geometry": {"type": "Polygon", "coordinates": [[[28.708909678353145, 47.122031872395404], [28.70890833177827, 47.12203099260409], [28.708910594649943, 47.122029609005835], [28.70891022919566, 47.12202848960168], [28.70890891143141, 47.122028509266684], [28.708907629680326, 47.12202965325209], [28.708904986949143, 47.122029467717944], [28.708903969815474, 47.12202858301032], [28.7089068483535, 47.122025840395175], [28.708911782766524, 47.12202554178735], [28.70891339395846, 47.12202439288565], [28.70891327151334, 47.122020570196256], [28.70891585662278, 47.12201895681756], [28.708917152778778, 47.12201826256024], [28.7089214571198, 47.12201887324086], [28.708921851385004, 47.122020892101304], [28.708919932360384, 47.12202272051165], [28.708916974593826, 47.12202298962221], [28.708917053823203, 47.122025463127116], [28.708909678353145, 47.122031872395404]]]}, "properties": {"vineyard_id": "V01", "tile": "siret3_r021_c012.tif"}}, {"type": "Feature", "geometry": {"type": "Polygon", "coordinates": [[[28.70892562460951, 47.12201521150379], [28.70892361195017, 47.122014116681164], [28.708926182653574, 47.12201205357408], [28.70892847433484, 47.122011569431805], [28.708928445523984, 47.12201066997549], [28.708927120557476, 47.122010464776615], [28.708926711886747, 47.12200799618804], [28.708936937075553, 47.12199794484647], [28.708939543791463, 47.121997006059516], [28.70893826204178, 47.12199815004524], [28.708939057775893, 47.12200241263008], [28.70893842050237, 47.12200309705499], [28.70893513329611, 47.12200337108234], [28.70893516210707, 47.12200427053865], [28.70893785525636, 47.122006030120694], [28.708934904693574, 47.12200652409579], [28.708932333990774, 47.122008587203055], [28.70893209818533, 47.1220115153524], [28.70892886139753, 47.122013363428145], [28.708927923493633, 47.12201495222562], [28.70892562460951, 47.12201521150379]]]}, "properties": {"vineyard_id": "V01", "tile": "siret3_r021_c012.tif"}}, {"type": "Feature", "geometry": {"type": "Polygon", "coordinates": [[[28.708947700582268, 47.12199440964598], [28.70894302358548, 47.121992454698194], [28.708949425129376, 47.121986509905064], [28.708950141633366, 47.12198829898496], [28.708952820376687, 47.12198960883849], [28.708950643941453, 47.12199369080648], [28.708947700582268, 47.12199440964598]]]}, "properties": {"vineyard_id": "V01", "tile": "siret3_r021_c012.tif"}}, {"type": "Feature", "geometry": {"type": "Polygon", "coordinates": [[[28.708951695200906, 47.12198535117012], [28.708951344151703, 47.12198468149423], [28.708955826671847, 47.12198056511159], [28.70895911387658, 47.121980291083666], [28.70895966471551, 47.12197690828972], [28.708972467794478, 47.121965018701324], [28.708974107794873, 47.1219647692551], [28.70897682255211, 47.12196720342846], [28.708972977307422, 47.121970635386816], [28.70897370821777, 47.121972874194725], [28.708969146468, 47.121974517073205], [28.708966496536515, 47.121974106676376], [28.708965221990816, 47.121975475526455], [28.7089629375143, 47.12197618453352], [28.70896370443858, 47.12197954766188], [28.708962122060473, 47.121981596020575], [28.70895781772205, 47.12198098534145], [28.708956951847846, 47.121984822779936], [28.708951695200906, 47.12198535117012]]]}, "properties": {"vineyard_id": "V01", "tile": "siret3_r021_c012.tif"}}, {"type": "Feature", "geometry": {"type": "Polygon", "coordinates": [[[28.70899674366423, 47.121951158122165], [28.7089920738725, 47.12194942804042], [28.708989438348027, 47.12194946737225], [28.708991357367672, 47.12194763896077], [28.70899563289181, 47.12194735018237], [28.70899556806497, 47.1219453264057], [28.708997193658675, 47.121944627231], [28.709001233381077, 47.12194726660187], [28.708998612262707, 47.121947755662056], [28.70899802541154, 47.1219500141358], [28.70899674366423, 47.121951158122165]]]}, "properties": {"vineyard_id": "V01", "tile": "siret3_r021_c012.tif"}}, {"type": "Feature", "geometry": {"type": "Polygon", "coordinates": [[[28.70900217128164, 47.121945677803815], [28.709001118132996, 47.12194366877669], [28.70899747267828, 47.12194304826598], [28.70899711442581, 47.121942153726195], [28.709005764416858, 47.121934375601924], [28.70900839994057, 47.12193433626974], [28.709009402668034, 47.121934771248284], [28.709009238897412, 47.121939948038516], [28.70900217128164, 47.121945677803815]]]}, "properties": {"vineyard_id": "V01", "tile": "siret3_r021_c012.tif"}}, {"type": "Feature", "geometry": {"type": "Polygon", "coordinates": [[[28.709014666512417, 47.1219344677196], [28.709012990497893, 47.12193359284602], [28.709014293853613, 47.12193312345171], [28.709014565669598, 47.121931319622576], [28.709013226298666, 47.12193066469655], [28.709012509793396, 47.12192887561702], [28.709015460351132, 47.12192838164], [28.709014729439698, 47.12192614283234], [28.709020164255847, 47.12192088737726], [28.70902385292786, 47.12192285707168], [28.709024276008506, 47.12192577538806], [28.709014666512417, 47.1219344677196]]]}, "properties": {"vineyard_id": "V01", "tile": "siret3_r021_c012.tif"}}, {"type": "Feature", "geometry": {"type": "Polygon", "coordinates": [[[28.70902375928763, 47.12191993383873], [28.709022720544887, 47.12191837453993], [28.70903360457925, 47.121908313356926], [28.70903555961162, 47.1219076092651], [28.70903776484958, 47.12190442675186], [28.709039390441482, 47.12190372757658], [28.709039426457256, 47.121904851896936], [28.709041410302078, 47.121905047261286], [28.709043329318355, 47.121903218848985], [28.709044983722862, 47.1219034191299], [28.709045729041584, 47.121906107665495], [28.709041532755887, 47.1219088699505], [28.70903822394657, 47.12190846938853], [28.709037257235117, 47.121909158730574], [28.70903699262314, 47.12191118742383], [28.709038360806478, 47.12191274180587], [28.70903388550148, 47.12191708305571], [28.709032459693123, 47.121913729761026], [28.709030805288343, 47.12191352947993], [28.709028915083724, 47.121916257348325], [28.709025971729893, 47.12191697618979], [28.70902539928639, 47.1219196843918], [28.70902375928763, 47.12191993383873]]]}, "properties": {"vineyard_id": "V01", "tile": "siret3_r021_c012.tif"}}, {"type": "Feature", "geometry": {"type": "Polygon", "coordinates": [[[28.709047518400336, 47.121900231699854], [28.70904648686049, 47.12189889726533], [28.709044166372475, 47.121898481953615], [28.70904864887829, 47.12189436556745], [28.70905429978436, 47.121895856032914], [28.70905180112353, 47.12190016778349], [28.709047518400336, 47.121900231699854]]]}, "properties": {"vineyard_id": "V01", "tile": "siret3_r021_c012.tif"}}, {"type": "Feature", "geometry": {"type": "Polygon", "coordinates": [[[28.709052566144756, 47.12189318224735], [28.709051878451533, 47.12189229262437], [28.70905414851683, 47.12189113388744], [28.709053453620395, 47.12189001940041], [28.70905600990641, 47.121887506562366], [28.709058287174646, 47.12188657268945], [28.709058251158492, 47.12188544836909], [28.709060492410405, 47.12188339017577], [28.70906059325576, 47.12188653827274], [28.709061911016402, 47.12188651860603], [28.709063822828064, 47.12188446532933], [28.70906377240529, 47.12188289128083], [28.709062411425258, 47.12188156176315], [28.709069608685127, 47.121879879547485], [28.709067367433715, 47.121881937740994], [28.709068398973734, 47.12188327217531], [28.70906813436304, 47.121885300868634], [28.709063974096413, 47.12188918747478], [28.709060028017543, 47.121889471338996], [28.70905978501622, 47.1218921746245], [28.709058467255446, 47.121892194291185], [28.709057406902577, 47.12188996040049], [28.709055759701666, 47.1218899849838], [28.709054785787554, 47.121890449461915], [28.709055516700133, 47.12189268826929], [28.709052566144756, 47.12189318224735]]]}, "properties": {"vineyard_id": "V01", "tile": "siret3_r021_c012.tif"}}, {"type": "Feature", "geometry": {"type": "Polygon", "coordinates": [[[28.709080922989433, 47.12187296154038], [28.709072980411232, 47.12187195522132], [28.709076496202407, 47.12186852817645], [28.70907844402943, 47.12186759921985], [28.70908173842982, 47.121867550052556], [28.709082031853228, 47.12186642081549], [28.709084015696757, 47.12186661617914], [28.709086235336855, 47.12186388339312], [28.709089529737007, 47.121863834225614], [28.709090217430468, 47.12186472384837], [28.709087625130408, 47.121866112366796], [28.709086379403733, 47.121868380674464], [28.709083414443345, 47.121868424925154], [28.709083815916728, 47.12187066864909], [28.709080922989433, 47.12187296154038]]]}, "properties": {"vineyard_id": "V01", "tile": "siret3_r021_c012.tif"}}, {"type": "Feature", "geometry": {"type": "Polygon", "coordinates": [[[28.70907356196652, 47.12187982054702], [28.709069923718683, 47.12187942490265], [28.70907020273584, 47.12187784593746], [28.709068848959056, 47.12187674128393], [28.709068820145966, 47.12187584182766], [28.70907078237996, 47.121875362599305], [28.709073023630967, 47.12187330440575], [28.70907298761452, 47.12187218008541], [28.709076755521377, 47.12187662328292], [28.70907356196652, 47.12187982054702]]]}, "properties": {"vineyard_id": "V01", "tile": "siret3_r021_c012.tif"}}, {"type": "Feature", "geometry": {"type": "Polygon", "coordinates": [[[28.709088483790143, 47.12186205006335], [28.709091427140073, 47.12186133122032], [28.70909139832662, 47.12186043176405], [28.70908939287324, 47.121859561808336], [28.709089013009773, 47.12185799267663], [28.709091884325826, 47.12185502519292], [28.70909517152204, 47.12185475116118], [28.709094741234814, 47.12185160798102], [28.709096696264293, 47.12185090388819], [28.70909730472045, 47.12184932000617], [28.709099581986333, 47.12184838613244], [28.709100512678894, 47.12184657246956], [28.70910480980449, 47.121846958279384], [28.70910558393904, 47.12185054627085], [28.709094062660057, 47.121861291886205], [28.709088483790143, 47.12186205006335]]]}, "properties": {"vineyard_id": "V01", "tile": "siret3_r021_c012.tif"}}, {"type": "Feature", "geometry": {"type": "Polygon", "coordinates": [[[28.709118064719096, 47.12183888644759], [28.70911705478913, 47.1218382266059], [28.70911759841334, 47.1218346189472], [28.709121143013146, 47.12183209135725], [28.70911976762608, 47.1218303121121], [28.709121701043987, 47.121828933426656], [28.70912099174004, 47.121827369211886], [28.70912260292152, 47.12182622030733], [28.709124300544858, 47.121827769771535], [28.70912793878952, 47.12182816541422], [28.709127982010582, 47.1218295145986], [28.70912670026892, 47.12183065858637], [28.709123420277866, 47.12183115748306], [28.709124788461573, 47.1218327118641], [28.709118064719096, 47.12183888644759]]]}, "properties": {"vineyard_id": "V01", "tile": "siret3_r021_c012.tif"}}, {"type": "Feature", "geometry": {"type": "Polygon", "coordinates": [[[28.709149004677172, 47.12180670367735], [28.70914798034027, 47.1218055941078], [28.70914851675853, 47.12180176158489], [28.70914979849903, 47.12180061759689], [28.709152090169113, 47.12180013345027], [28.709154009177876, 47.12179830503618], [28.709153958752598, 47.121796730987754], [28.70916358260877, 47.12178848837302], [28.709165624078917, 47.12179048264779], [28.709164342338994, 47.121791626635975], [28.70916170682254, 47.12179166597166], [28.709163762700047, 47.121794109974566], [28.7091601460684, 47.121794388925174], [28.70915824867087, 47.12179689193156], [28.709158277485393, 47.12179779138781], [28.709160641191676, 47.12179955588163], [28.709155199197962, 47.121804586479094], [28.709151303551124, 47.121806444394814], [28.709149004677172, 47.12180670367735]]]}, "properties": {"vineyard_id": "V01", "tile": "siret3_r021_c012.tif"}}, {"type": "Feature", "geometry": {"type": "Polygon", "coordinates": [[[28.709169233506596, 47.12178997883296], [28.70916647552798, 47.121786195479714], [28.709169354039588, 47.12178345285821], [28.709172311791438, 47.12178318374129], [28.70917156646825, 47.12178049520655], [28.70917511106193, 47.121777967614975], [28.70917668622225, 47.12177569438939], [28.70917709490245, 47.12177816297705], [28.709173586327307, 47.12178181488899], [28.709174346058006, 47.121784953151824], [28.709172162444062, 47.12178881025981], [28.709169233506596, 47.12178997883296]]]}, "properties": {"vineyard_id": "V01", "tile": "siret3_r021_c012.tif"}}, {"type": "Feature", "geometry": {"type": "Polygon", "coordinates": [[[28.7091789706873, 47.12177498537821], [28.70917828299357, 47.12177409575597], [28.709184047217725, 47.12176883537637], [28.70918574484095, 47.121770384839664], [28.709188050916893, 47.12177035042047], [28.70918906805016, 47.1217712351256], [28.709189447915875, 47.121772804256985], [28.709188488412572, 47.121773718464325], [28.7091789706873, 47.12177498537821]]]}, "properties": {"vineyard_id": "V01", "tile": "siret3_r021_c012.tif"}}, {"type": "Feature", "geometry": {"type": "Polygon", "coordinates": [[[28.709189926700827, 47.12176717282145], [28.709186925727508, 47.121766092754434], [28.709203251685008, 47.12175100095694], [28.709205858384117, 47.1217500621641], [28.709204605461263, 47.12175210560893], [28.709200717023776, 47.12175418839032], [28.709200789061757, 47.121756437030896], [28.709199485712016, 47.12175690642728], [28.70919889166746, 47.12175894003794], [28.709196607203367, 47.121759649049515], [28.709196320986702, 47.12176100315093], [28.709193714286886, 47.12176194194357], [28.709193779120824, 47.1217639657201], [28.709191509063967, 47.121765124459706], [28.709189926700827, 47.12176717282145]]]}, "properties": {"vineyard_id": "V01", "tile": "siret3_r021_c012.tif"}}, {"type": "Feature", "geometry": {"type": "Polygon", "coordinates": [[[28.709213750519396, 47.12174949442574], [28.709211408425173, 47.12174840452516], [28.709205815161205, 47.12174871297973], [28.70921094211295, 47.12174413702516], [28.70921324098388, 47.121743877741416], [28.709213849435432, 47.121742293858816], [28.70921745885937, 47.12174179004249], [28.709220810882787, 47.12174353978376], [28.709213750519396, 47.12174949442574]]]}, "properties": {"vineyard_id": "V01", "tile": "siret3_r021_c012.tif"}}, {"type": "Feature", "geometry": {"type": "Polygon", "coordinates": [[[28.7092213833147, 47.12174083158083], [28.709216054656103, 47.121739111342265], [28.709219943091895, 47.121737028560354], [28.709219899868646, 47.12173567937602], [28.709221181606054, 47.12173453538725], [28.709223208668426, 47.12173607993288], [28.709223990012987, 47.121739892787566], [28.70922335995009, 47.12174080207806], [28.7092213833147, 47.12174083158083]]]}, "properties": {"vineyard_id": "V01", "tile": "siret3_r021_c012.tif"}}, {"type": "Feature", "geometry": {"type": "Polygon", "coordinates": [[[28.70923073534263, 47.121734392790245], [28.70922872989184, 47.12173352283691], [28.709228350025292, 47.12173195370567], [28.70922573612357, 47.12173266763496], [28.709225113264683, 47.12173380178951], [28.709223773896262, 47.12173314686588], [28.70922373787682, 47.121732022545594], [28.7092256568807, 47.12173019413034], [28.7092315939896, 47.12173033048578], [28.709229817123312, 47.121726307518536], [28.709236148506378, 47.121728462733095], [28.70923073534263, 47.121734392790245]]]}, "properties": {"vineyard_id": "V01", "tile": "siret3_r021_c012.tif"}}, {"type": "Feature", "geometry": {"type": "Polygon", "coordinates": [[[28.70924064539117, 47.121724796067795], [28.70923367674192, 47.12172332527995], [28.709234299600503, 47.121722191125365], [28.709236927909476, 47.121721926923996], [28.709236540838848, 47.12172013292871], [28.709239419343337, 47.121717390305506], [28.709243050377225, 47.12171756108057], [28.709245613850126, 47.12171527310252], [28.709250584252164, 47.12171609880072], [28.709246424011866, 47.121719985413264], [28.70924382451892, 47.12172114907107], [28.70924386053878, 47.121722273391335], [28.70924064539117, 47.121724796067795]]]}, "properties": {"vineyard_id": "V01", "tile": "siret3_r021_c012.tif"}}, {"type": "Feature", "geometry": {"type": "Polygon", "coordinates": [[[28.709257594178887, 47.12170857010817], [28.709255910963652, 47.12170747037403], [28.709256168362483, 47.12170521681626], [28.709262677898085, 47.12170264496704], [28.7092612088573, 47.12169794249087], [28.70926253381718, 47.121698147685976], [28.70926289207233, 47.12169904222494], [28.709264539267167, 47.121699017638726], [28.70926745378941, 47.12169739933511], [28.70926846371848, 47.12169805917549], [28.709267547442252, 47.12170032256778], [28.70925922696595, 47.12170809579392], [28.709257594178887, 47.12170857010817]]]}, "properties": {"vineyard_id": "V01", "tile": "siret3_r021_c012.tif"}}, {"type": "Feature", "geometry": {"type": "Polygon", "coordinates": [[[28.70927028186256, 47.12169308266278], [28.709269586964336, 47.121691968177025], [28.70927150596523, 47.121690139761036], [28.709275752650573, 47.12168895151625], [28.709275673405507, 47.121686478011675], [28.709274319629504, 47.121685373360506], [28.70927690471184, 47.12168375997393], [28.709278479865116, 47.121681486747], [28.709282053263674, 47.121679858608445], [28.70928569870338, 47.121680479110296], [28.709289308122408, 47.12167997529177], [28.709287389122487, 47.12168180370806], [28.70928506864222, 47.12168138840111], [28.709283443060336, 47.12168208757977], [28.70928291385689, 47.12168614496729], [28.709279713121518, 47.121689117372895], [28.709277113630804, 47.121690281031434], [28.70927649797759, 47.121691640050315], [28.709273862466233, 47.12169167938853], [28.709272917373994, 47.12169304332464], [28.70927028186256, 47.12169308266278]]]}, "properties": {"vineyard_id": "V01", "tile": "siret3_r021_c012.tif"}}, {"type": "Feature", "geometry": {"type": "Polygon", "coordinates": [[[28.709312028285236, 47.12165871380343], [28.709307072296134, 47.12165833783592], [28.70930838284674, 47.1216580933024], [28.70930760149752, 47.12165428044829], [28.709310888680115, 47.12165400641052], [28.70931016496465, 47.12165199246883], [28.709313687930532, 47.12164879028098], [28.709316001205323, 47.12164898072331], [28.70931827125453, 47.121647821981306], [28.709320899559387, 47.12164755777806], [28.709320190252186, 47.12164599356453], [28.709317203691732, 47.121645363228964], [28.709325846384218, 47.121637360217306], [28.709327808607068, 47.121636880984695], [28.709328724879704, 47.12163461759194], [28.709330021020996, 47.12163392333008], [28.7093329931723, 47.12163410393723], [28.709333130054496, 47.121638376354134], [28.7093311894446, 47.12163953017899], [28.70933092484487, 47.12164155887283], [28.709328962621882, 47.12164203810552], [28.709329005847742, 47.1216433872898], [28.70932580511748, 47.12164635969666], [28.70932320562986, 47.12164752335621], [28.709322604386863, 47.12164933210342], [28.709314921191073, 47.12165642090648], [28.709312028285236, 47.12165871380343]]]}, "properties": {"vineyard_id": "V01", "tile": "siret3_r021_c012.tif"}}, {"type": "Feature", "geometry": {"type": "Polygon", "coordinates": [[[28.70930140175051, 47.121666521454145], [28.709298415189107, 47.1216658911181], [28.70929868699436, 47.12166408728835], [28.709300305371304, 47.121663163245444], [28.70930057717648, 47.12166135941569], [28.70930283281814, 47.12165975094589], [28.709304823858872, 47.12166017116985], [28.709305747337087, 47.12165813264131], [28.709306742857425, 47.121658342753285], [28.70930649266513, 47.1216608211752], [28.709308197492568, 47.12166259550076], [28.709304352290918, 47.12166602746985], [28.70930140175051, 47.121666521454145]]]}, "properties": {"vineyard_id": "V01", "tile": "siret3_r021_c012.tif"}}, {"type": "Feature", "geometry": {"type": "Polygon", "coordinates": [[[28.709338923066273, 47.1216340154232], [28.70933789872888, 47.1216329058553], [28.7093378050724, 47.12162998262271], [28.70934009673339, 47.121629498472416], [28.70934134964826, 47.121627455026164], [28.70934031090225, 47.12162589573022], [28.70933832706688, 47.121625700370906], [28.709341556612664, 47.121623627419915], [28.709341527795235, 47.121622727963704], [28.70934381225151, 47.12162201894933], [28.709344427902245, 47.12162065993011], [28.709346390124303, 47.12162018069718], [28.70934806613417, 47.12162105556597], [28.709348224630663, 47.121626002574985], [28.709338923066273, 47.1216340154232]]]}, "properties": {"vineyard_id": "V01", "tile": "siret3_r021_c012.tif"}}, {"type": "Feature", "geometry": {"type": "Polygon", "coordinates": [[[28.708812257662313, 47.1220774205904], [28.70881156997059, 47.122076530966], [28.70881317396399, 47.12207515720157], [28.708815472851295, 47.12207489792561], [28.708817012024195, 47.122071500384315], [28.708822454076774, 47.122066469802384], [28.70882122273886, 47.12206918783548], [28.708822913159214, 47.122070512440004], [28.708820965320303, 47.12207144139238], [28.70882205447628, 47.122074574741646], [28.70881718487848, 47.12207689712248], [28.708812257662313, 47.1220774205904]]]}, "properties": {"vineyard_id": "V01", "tile": "siret3_r021_c012.tif"}}, {"type": "Feature", "geometry": {"type": "Polygon", "coordinates": [[[28.70882901409374, 47.12206547202576], [28.708827689126217, 47.12206526682576], [28.708826972625204, 47.12206347774506], [28.7088299231922, 47.1220629837727], [28.708832780128915, 47.122059566567096], [28.708836733424114, 47.12205950757464], [28.70883712768646, 47.122061526435395], [28.70883553809876, 47.12206334992833], [28.708829973608392, 47.12206455782133], [28.70882901409374, 47.12206547202576]]]}, "properties": {"vineyard_id": "V01", "tile": "siret3_r021_c012.tif"}}, {"type": "Feature", "geometry": {"type": "Polygon", "coordinates": [[[28.708840944136973, 47.1220571950251], [28.70883861644117, 47.1220565548452], [28.708837592105713, 47.1220554452729], [28.70883755609399, 47.122054320952444], [28.70883984057557, 47.12205361194784], [28.70883913127666, 47.12205204773133], [28.708845984720845, 47.12204992071725], [28.708846485150907, 47.12204496387517], [28.708854247690848, 47.122040348607435], [28.70885645294499, 47.12203716609753], [28.708858092948184, 47.12203691665294], [28.708857677077987, 47.1220342232], [28.70886026939223, 47.12203283468662], [28.708860870654934, 47.1220310259417], [28.708867358642152, 47.12202777952207], [28.70886978717163, 47.12203156779861], [28.708861452181363, 47.122038891268645], [28.708857205458724, 47.12204007949848], [28.708856024540086, 47.12204437158053], [28.70885154200691, 47.122048487959404], [28.70884667961516, 47.12205103520556], [28.70884385869163, 47.12205557673194], [28.708840944136973, 47.1220571950251]]]}, "properties": {"vineyard_id": "V01", "tile": "siret3_r021_c012.tif"}}, {"type": "Feature", "geometry": {"type": "Polygon", "coordinates": [[[28.70887810055211, 47.12202356973573], [28.70887741286002, 47.12202268011171], [28.708874118449703, 47.122022729273255], [28.70887499873541, 47.1220193415635], [28.708878930420006, 47.12201860797736], [28.70887923105098, 47.122017703604854], [28.708881193291944, 47.1220172243797], [28.708882116792243, 47.122015185854416], [28.70888009693126, 47.12201386616692], [28.70888006812121, 47.12201296671057], [28.708882631623748, 47.12201067874036], [28.708888525548215, 47.122009465928684], [28.708890552611784, 47.12201101048012], [28.708889944147746, 47.122012594361095], [28.70887810055211, 47.12202356973573]]]}, "properties": {"vineyard_id": "V01", "tile": "siret3_r021_c012.tif"}}, {"type": "Feature", "geometry": {"type": "Polygon", "coordinates": [[[28.708915478321654, 47.121986566557226], [28.708914153355796, 47.12198636135818], [28.70891374468588, 47.12198389276954], [28.708912083076672, 47.12198346762266], [28.708912398112172, 47.12198301297823], [28.708919759169962, 47.12197615398163], [28.70892339022075, 47.12197632476662], [28.70892500861367, 47.12197540072884], [28.708924958194828, 47.12197382668027], [28.70892888987536, 47.12197309309246], [28.70892959917576, 47.12197465730843], [28.708928682880654, 47.121976920698145], [28.70892740113121, 47.12197806468376], [28.70892412112911, 47.121978563574864], [28.70892286098757, 47.12198038215268], [28.708920855532295, 47.121979512194024], [28.708919215531175, 47.12197976163951], [28.708920326298898, 47.121983569580074], [28.708915478321654, 47.121986566557226]]]}, "properties": {"vineyard_id": "V01", "tile": "siret3_r021_c012.tif"}}, {"type": "Feature", "geometry": {"type": "Polygon", "coordinates": [[[28.70896091198296, 47.12194381885545], [28.708955340305184, 47.12194480189029], [28.708954967647784, 47.12194345762218], [28.708962335897546, 47.12193682348702], [28.708964026317062, 47.121938148089505], [28.70896408393984, 47.12193994700213], [28.70896091198296, 47.12194381885545]]]}, "properties": {"vineyard_id": "V01", "tile": "siret3_r021_c012.tif"}}, {"type": "Feature", "geometry": {"type": "Polygon", "coordinates": [[[28.708965894917213, 47.12193474562991], [28.70896585170009, 47.12193339644543], [28.708976098476192, 47.12192401969276], [28.708975146169426, 47.12192515876246], [28.708975533232977, 47.12192695275864], [28.70897296253552, 47.12192901586678], [28.708973020158584, 47.121930814779404], [28.70897105071877, 47.12193106914202], [28.708968530440995, 47.12193470629863], [28.708965894917213, 47.12193474562991]]]}, "properties": {"vineyard_id": "V01", "tile": "siret3_r021_c012.tif"}}, {"type": "Feature", "geometry": {"type": "Polygon", "coordinates": [[[28.70898012379016, 47.12192620933626], [28.70897841176193, 47.12192421014178], [28.708978705187814, 47.121923080904956], [28.708980015746494, 47.1219228363751], [28.708979614277016, 47.12192059265077], [28.70898186273636, 47.121918759323016], [28.708985652247907, 47.12192387711577], [28.70898012379016, 47.12192620933626]]]}, "properties": {"vineyard_id": "V01", "tile": "siret3_r021_c012.tif"}}, {"type": "Feature", "geometry": {"type": "Polygon", "coordinates": [[[28.709000617331007, 47.121907455827575], [28.708997866560914, 47.12190389733437], [28.708999792781658, 47.12190229378683], [28.709000831523404, 47.12190385308587], [28.709004440960427, 47.12190334927611], [28.709004412148396, 47.12190244981982], [28.70900241389779, 47.12190180472666], [28.709001711799285, 47.12190046537522], [28.709003308579543, 47.121898866744125], [28.709008543608338, 47.12189766375947], [28.709010068358, 47.12189381648756], [28.709012037796242, 47.121893562124285], [28.709011530179577, 47.121898294102934], [28.709008988296993, 47.12190125666815], [28.70900636718095, 47.121901745728486], [28.709007742566175, 47.12190352497501], [28.709003582293697, 47.121907411579016], [28.709000617331007, 47.121907455827575]]]}, "properties": {"vineyard_id": "V01", "tile": "siret3_r021_c012.tif"}}, {"type": "Feature", "geometry": {"type": "Polygon", "coordinates": [[[28.709016700380595, 47.121895067341214], [28.709017580655335, 47.12189167963045], [28.709013620169898, 47.12189151376492], [28.709015911845174, 47.12189102962097], [28.709016856947418, 47.12188966568688], [28.709020437571027, 47.12188826242035], [28.709021618473276, 47.12188397033668], [28.709023537489504, 47.121882141924715], [28.709025571755074, 47.121883911337875], [28.709025020921132, 47.12188729413212], [28.709016700380595, 47.121895067341214]]]}, "properties": {"vineyard_id": "V01", "tile": "siret3_r021_c012.tif"}}, {"type": "Feature", "geometry": {"type": "Polygon", "coordinates": [[[28.709032389154494, 47.1218806599926], [28.709031930058238, 47.121876617355866], [28.70903353404001, 47.12187524358848], [28.70903375543324, 47.12187186571078], [28.709037006615144, 47.121870467360324], [28.709043415337316, 47.12186474742622], [28.7090443388289, 47.121862708899705], [28.709047962669057, 47.12186265481676], [28.709049581056377, 47.121861730777276], [28.709050131888535, 47.12185834798291], [28.70905335425638, 47.12185605017572], [28.709058288652734, 47.12185575156179], [28.709057995228875, 47.12185688079881], [28.709049352460987, 47.12186488379092], [28.709047046380793, 47.121864918207386], [28.709046745753476, 47.12186582258031], [28.709044468485903, 47.121866756453], [28.709044232687035, 47.121869684602565], [28.709032389154494, 47.1218806599926]]]}, "properties": {"vineyard_id": "V01", "tile": "siret3_r021_c012.tif"}}, {"type": "Feature", "geometry": {"type": "Polygon", "coordinates": [[[28.709060866546615, 47.121853913315874], [28.70905946234805, 47.1218512346137], [28.709060056398872, 47.121849201003705], [28.709064288695217, 47.12184756303843], [28.70906390162934, 47.12184576904254], [28.70906650833557, 47.12184483025278], [28.7090667513364, 47.12184212696726], [28.709068706365915, 47.121841422874894], [28.709071757764143, 47.121844076993455], [28.709066609181153, 47.12184797834977], [28.70906663799418, 47.121848877806066], [28.709060866546615, 47.121853913315874]]]}, "properties": {"vineyard_id": "V01", "tile": "siret3_r021_c012.tif"}}, {"type": "Feature", "geometry": {"type": "Polygon", "coordinates": [[[28.709086328528922, 47.12182563683454], [28.709086213275594, 47.121822039009444], [28.709089084589923, 47.12181907152583], [28.709092063954273, 47.12181947700315], [28.70909464184526, 47.1218176387565], [28.709094605828422, 47.121816514436155], [28.709092922613024, 47.12181541469963], [28.7091009353007, 47.1218083209942], [28.709101293553942, 47.12180921553368], [28.709104967814223, 47.121810735497455], [28.709104996627854, 47.12181163495374], [28.709103678869095, 47.121811654620906], [28.709101115385508, 47.1218139425959], [28.709099424966666, 47.121812617995396], [28.70909778497156, 47.12181286744336], [28.709097900225636, 47.12181646526844], [28.70909627463715, 47.12181716444452], [28.709095028911932, 47.12181943275229], [28.70909543758875, 47.12182190134027], [28.709093826406804, 47.12182305024443], [28.709090481585726, 47.121821525363565], [28.709088512150544, 47.12182177972814], [28.709086328528922, 47.12182563683454]]]}, "properties": {"vineyard_id": "V01", "tile": "siret3_r021_c012.tif"}}, {"type": "Feature", "geometry": {"type": "Polygon", "coordinates": [[[28.709118571850297, 47.1217929846772], [28.70911852862953, 47.1217916354928], [28.70912397062546, 47.12178660489704], [28.70912657012424, 47.12178544124188], [28.709126534106783, 47.121784316921556], [28.709129448637892, 47.12178269862135], [28.709129412620374, 47.12178157430103], [28.709133265045075, 47.12177836720168], [28.709134654838252, 47.121780596174816], [28.709134368619907, 47.121781950276095], [28.709135722395565, 47.12178305492889], [28.70912988613, 47.12178606666548], [28.709129349710537, 47.121789899188315], [28.709123104766007, 47.12179044233672], [28.709120534080785, 47.12179250544804], [28.709118571850297, 47.1217929846772]]]}, "properties": {"vineyard_id": "V01", "tile": "siret3_r021_c012.tif"}}, {"type": "Feature", "geometry": {"type": "Polygon", "coordinates": [[[28.709106571792148, 47.12180936172906], [28.709104208087183, 47.121807597234096], [28.70910445108598, 47.12180489394849], [28.709108317920702, 47.12180213657809], [28.709109248612194, 47.12180032291514], [28.709117569124665, 47.121792549699556], [28.709117756414575, 47.12179839616529], [28.70911613803036, 47.121799320205696], [28.709112843634237, 47.121799369373925], [28.70911154748609, 47.12180006363339], [28.709112314416878, 47.12180342676076], [28.709110044356557, 47.121804585498786], [28.709108526819925, 47.12180865763603], [28.709106571792148, 47.12180936172906]]]}, "properties": {"vineyard_id": "V01", "tile": "siret3_r021_c012.tif"}}, {"type": "Feature", "geometry": {"type": "Polygon", "coordinates": [[[28.709144177844717, 47.1217692054648], [28.70914317511934, 47.12176877048739], [28.709147664810367, 47.121764878961564], [28.70915324366924, 47.121764120781705], [28.70915327968724, 47.12176524510202], [28.709150071736335, 47.12176799264004], [28.709144177844717, 47.1217692054648]]]}, "properties": {"vineyard_id": "V01", "tile": "siret3_r021_c012.tif"}}, {"type": "Feature", "geometry": {"type": "Polygon", "coordinates": [[[28.709157526381272, 47.12176405686151], [28.70915713931296, 47.12176226286594], [28.709153551497824, 47.12176344127257], [28.709153794493982, 47.121760737986875], [28.709156028533435, 47.121758454927686], [28.70915960194093, 47.12175682679286], [28.709159178854488, 47.12175390847699], [28.7091659890255, 47.12175043225994], [28.709166075469312, 47.1217531306287], [28.709169384269813, 47.121753531187096], [28.70916617632044, 47.12175627872557], [28.709162881927067, 47.1217563278952], [28.70916394228151, 47.12175856178496], [28.709160741535186, 47.121761534187335], [28.70915845707046, 47.121762243198155], [28.709157526381272, 47.12176405686151]]]}, "properties": {"vineyard_id": "V01", "tile": "siret3_r021_c012.tif"}}, {"type": "Feature", "geometry": {"type": "Polygon", "coordinates": [[[28.709174504021494, 47.12174873037006], [28.709173494092582, 47.12174807052883], [28.70917376590241, 47.12174626669935], [28.709178936078928, 47.12174303993055], [28.70917890006041, 47.121741915610244], [28.70917488915996, 47.12174017570172], [28.70917915746262, 47.12173966205262], [28.70917942206852, 47.12173763335907], [28.709183567907665, 47.12173329702077], [28.709186869503323, 47.121733472714624], [28.709188165648868, 47.12173277845432], [28.709188745286088, 47.121730295115604], [28.709187398714455, 47.121729415327486], [28.709188372624478, 47.12172895084827], [28.709189267293315, 47.1217260128644], [28.70919155895983, 47.121725528717015], [28.709195541044622, 47.121726369168734], [28.70919682998611, 47.12172545004429], [28.709198484385595, 47.121725650323064], [28.709198190965356, 47.121726779560426], [28.70919208290035, 47.12173159512961], [28.709191789479938, 47.12173272436695], [28.709174504021494, 47.12174873037006]]]}, "properties": {"vineyard_id": "V01", "tile": "siret3_r021_c012.tif"}}, {"type": "Feature", "geometry": {"type": "Polygon", "coordinates": [[[28.709200990230492, 47.121721563433496], [28.70920020888787, 47.121717750578604], [28.70920208466931, 47.12171457297937], [28.70920858700492, 47.12171177626913], [28.709208185527682, 47.121709532545616], [28.709216263018952, 47.12170446260891], [28.709214880428316, 47.12170245850081], [28.709222027231977, 47.12169920222749], [28.70922563665292, 47.121698698410945], [28.709224862512812, 47.1216951104203], [28.70922807045553, 47.121692362880246], [28.709232360365554, 47.12169252382137], [28.709233062466925, 47.12169386317142], [28.709232117373592, 47.12169522710721], [28.709223796892836, 47.12170300033083], [28.70922056013379, 47.121704848414545], [28.70922059615314, 47.121705972734844], [28.709206833688796, 47.121718776557465], [28.709204907480853, 47.12172038010835], [28.709200990230492, 47.121721563433496]]]}, "properties": {"vineyard_id": "V01", "tile": "siret3_r021_c012.tif"}}, {"type": "Feature", "geometry": {"type": "Polygon", "coordinates": [[[28.70923490942989, 47.121689786115454], [28.709232839145486, 47.12168689238565], [28.709234801371018, 47.12168641315459], [28.709237994904832, 47.12168321588615], [28.70924163314034, 47.121683611525356], [28.70924297971168, 47.121684491312855], [28.709242041822716, 47.121686080112795], [28.70923490942989, 47.121689786115454]]]}, "properties": {"vineyard_id": "V01", "tile": "siret3_r021_c012.tif"}}, {"type": "Feature", "geometry": {"type": "Polygon", "coordinates": [[[28.70924512729657, 47.121679509883315], [28.709241481857365, 47.12167888938016], [28.709241760868547, 47.1216773104146], [28.709244353155466, 47.12167592189279], [28.70924432433962, 47.12167502243657], [28.709247854514963, 47.121672045114735], [28.709254106648206, 47.121671726823784], [28.709253733985406, 47.121670382556665], [28.70925142791386, 47.12167041697714], [28.70925298865986, 47.12166769402242], [28.709255251507255, 47.12166631041758], [28.709257557578617, 47.12166627599705], [28.709258481058743, 47.121664237468885], [28.709260765517932, 47.12166352845611], [28.70926201123259, 47.121661260146624], [28.70926128751886, 47.1216592462046], [28.70926521196733, 47.121658287741504], [28.70926448825352, 47.1216562737995], [28.709264810488186, 47.12165604401821], [28.709270410946097, 47.121655960424924], [28.70927067554819, 47.12165393173118], [28.709271964486643, 47.12165301260591], [28.70927192126221, 47.121651663421595], [28.70927056748719, 47.12165055877037], [28.70927409045538, 47.121647356583686], [28.709276382117725, 47.12164687243468], [28.70927713464822, 47.12164978583282], [28.70927590334264, 47.121652503870564], [28.709277228301442, 47.121652709065515], [28.70927724991373, 47.12165338365768], [28.709266659395123, 47.12166231562551], [28.709266688211336, 47.121663215081725], [28.70926405270137, 47.12166325441968], [28.709262119293093, 47.12166463310744], [28.70926188350677, 47.1216675612574], [28.709258646751188, 47.12166940934215], [28.709258045505766, 47.12167121808903], [28.709255123780633, 47.12167261152836], [28.70925483756586, 47.12167396562992], [28.709250684533064, 47.121678077106644], [28.70924512729657, 47.121679509883315]]]}, "properties": {"vineyard_id": "V01", "tile": "siret3_r021_c012.tif"}}, {"type": "Feature", "geometry": {"type": "Polygon", "coordinates": [[[28.70928736690747, 47.12163995932517], [28.70928732368267, 47.121638610140856], [28.709284329918876, 47.121637754940366], [28.709292013116162, 47.1216306661393], [28.70929436241091, 47.12163198090236], [28.70929310228997, 47.12163379948408], [28.709290481189782, 47.12163428855074], [28.709290510006365, 47.121635188006955], [28.709293840412847, 47.121636263154], [28.709291555955275, 47.12163697216741], [28.709288684661868, 47.12163993965593], [28.70928736690747, 47.12163995932517]]]}, "properties": {"vineyard_id": "V01", "tile": "siret3_r021_c012.tif"}}, {"type": "Feature", "geometry": {"type": "Polygon", "coordinates": [[[28.708770505031097, 47.12208074328078], [28.708770404202163, 47.122077595183434], [28.70876906483043, 47.12207694025455], [28.708769995538074, 47.12207512659423], [28.708772236809025, 47.12207306840637], [28.708774220659272, 47.122073263775285], [28.7087751873771, 47.12207257443539], [28.70877543759551, 47.12207009601448], [28.708777041589666, 47.122068722250546], [28.708778366557095, 47.122068927451146], [28.70877904704606, 47.122069592211666], [28.708777135216863, 47.122071645483786], [28.70877723604617, 47.12207479358113], [28.70877891206143, 47.12207566845813], [28.708776670790627, 47.12207772664611], [28.708772424062943, 47.122078914872866], [28.70877149335532, 47.12208072853321], [28.708770505031097, 47.12208074328078]]]}, "properties": {"vineyard_id": "V01", "tile": "siret3_r021_c012.tif"}}, {"type": "Feature", "geometry": {"type": "Polygon", "coordinates": [[[28.708783380198277, 47.122071102353836], [28.708782627688077, 47.122068188952376], [28.708779970551134, 47.12206755368717], [28.708780564614827, 47.12206552007855], [28.708782161406607, 47.12206392145046], [28.70878445309147, 47.122063437311034], [28.70878503995283, 47.122061178838294], [28.708789558502957, 47.122058186782425], [28.708791119283507, 47.12205546383374], [28.708793482989506, 47.12205722833508], [28.708795130195796, 47.12205720375548], [28.70879570265231, 47.122054495554494], [28.708798323777884, 47.12205400649888], [28.708800680281865, 47.12205554613596], [28.708795187813124, 47.12205900266823], [28.708793934867494, 47.12206104610877], [28.708786121904353, 47.12206408732383], [28.708787167845326, 47.122065871488886], [28.708784998596503, 47.12207017831799], [28.708783380198277, 47.122071102353836]]]}, "properties": {"vineyard_id": "V01", "tile": "siret3_r021_c012.tif"}}, {"type": "Feature", "geometry": {"type": "Polygon", "coordinates": [[[28.708809953191164, 47.122046633873694], [28.708807940532935, 47.12204553904901], [28.708808219558602, 47.1220439600844], [28.708806865782847, 47.12204285542778], [28.708807760477562, 47.12203991744669], [28.708813919028035, 47.122036675945985], [28.708813524766768, 47.12203465708512], [28.708818014504047, 47.12203076557181], [28.70881965450724, 47.122030516127765], [28.70881961849593, 47.12202939180731], [28.70882090745119, 47.12202847268697], [28.708821924583507, 47.122029357395334], [28.70882131611722, 47.12203094127598], [28.7088224412837, 47.122035198945724], [28.708817636509757, 47.122039545103384], [28.708815667065128, 47.12203979946338], [28.70881475076412, 47.12204206285225], [28.708813125165026, 47.122042762024414], [28.70881316117621, 47.12204388634488], [28.708811521172574, 47.12204413578884], [28.70881155718373, 47.122045260109296], [28.708809953191164, 47.122046633873694]]]}, "properties": {"vineyard_id": "V01", "tile": "siret3_r021_c012.tif"}}, {"type": "Feature", "geometry": {"type": "Polygon", "coordinates": [[[28.70880355882669, 47.122052803523346], [28.708798266160464, 47.12205220758612], [28.70879943988174, 47.12204769064051], [28.7088007216356, 47.12204654665629], [28.708803357165134, 47.12204650732875], [28.70880463891889, 47.12204536334447], [28.708806014301288, 47.12204714259341], [28.708807661507258, 47.12204711801363], [28.708807947735156, 47.12204576391311], [28.70880996039339, 47.12204685873778], [28.70880355882669, 47.122052803523346]]]}, "properties": {"vineyard_id": "V01", "tile": "siret3_r021_c012.tif"}}, {"type": "Feature", "geometry": {"type": "Polygon", "coordinates": [[[28.70883619671878, 47.12202217030365], [28.708837449661914, 47.122020126862665], [28.70883346035805, 47.122019061534665], [28.708834713301222, 47.122017018093715], [28.708834326241654, 47.122015224097005], [28.708837219187266, 47.12201293121177], [28.7088427692674, 47.12201127359028], [28.70884200955256, 47.12200813532513], [28.708843606340793, 47.12200653669621], [28.70884589802262, 47.122006052555584], [28.708845847606064, 47.12200447850696], [28.70884811047828, 47.12200309490993], [28.708848225716288, 47.12200669273537], [28.708849586694328, 47.122008022255606], [28.708846693749514, 47.122010315141154], [28.708843887232764, 47.12201530639573], [28.708842254432515, 47.122015780704196], [28.708841968205633, 47.1220171348048], [28.70883619671878, 47.12202217030365]]]}, "properties": {"vineyard_id": "V01", "tile": "siret3_r021_c012.tif"}}, {"type": "Feature", "geometry": {"type": "Polygon", "coordinates": [[[28.708872600599364, 47.121985631615054], [28.70887089577562, 47.121983857283034], [28.70887346647967, 47.12198179417713], [28.708873372847485, 47.121978870944], [28.708876272991947, 47.12197680292186], [28.70887673927999, 47.12198107042338], [28.708878451306333, 47.12198306961939], [28.70887621004322, 47.12198512780926], [28.708872600599364, 47.121985631615054]]]}, "properties": {"vineyard_id": "V01", "tile": "siret3_r021_c012.tif"}}, {"type": "Feature", "geometry": {"type": "Polygon", "coordinates": [[[28.70890270372267, 47.1219581858034], [28.708900655053046, 47.121955966659876], [28.70890185757408, 47.12195234916962], [28.708905717227335, 47.12194936694177], [28.708907686668162, 47.12194911258026], [28.708910271774375, 47.12194749920172], [28.70891183974826, 47.12194500111554], [28.70891743303488, 47.121944692675044], [28.708917483453448, 47.12194626672363], [28.708916516739727, 47.12194695606469], [28.708914547299024, 47.121947210426356], [28.708910658835933, 47.121949293198156], [28.70891174079183, 47.1219522016825], [28.70890758050857, 47.121956088283135], [28.70890495218624, 47.121956352477106], [28.708904658758637, 47.12195748171376], [28.70890565428311, 47.121957691829145], [28.70890270372267, 47.1219581858034]]]}, "properties": {"vineyard_id": "V01", "tile": "siret3_r021_c012.tif"}}, {"type": "Feature", "geometry": {"type": "Polygon", "coordinates": [[[28.70891807751065, 47.12194423311434], [28.708917002757236, 47.12194154949414], [28.70891928003026, 47.12194061562391], [28.708919236814307, 47.12193926643941], [28.70892115583603, 47.12193743802909], [28.70892076877422, 47.121935644032696], [28.708924686046654, 47.1219344607169], [28.708923303460672, 47.12193245660528], [28.708927492551744, 47.12192946946045], [28.708928108216476, 47.121928110443335], [28.708930765348097, 47.12192874570519], [28.70893057275902, 47.12193302303908], [28.70892698492731, 47.121934201438776], [28.70892614065961, 47.121938713469326], [28.708920963246175, 47.12194171536296], [28.708920046951228, 47.12194397875262], [28.70891807751065, 47.12194423311434]]]}, "properties": {"vineyard_id": "V01", "tile": "siret3_r021_c012.tif"}}, {"type": "Feature", "geometry": {"type": "Polygon", "coordinates": [[[28.708935656535647, 47.121927097911936], [28.70893430276033, 47.12192599325679], [28.708936243389243, 47.12192483943847], [28.70893619297016, 47.1219232653899], [28.708934187516846, 47.12192239543146], [28.708935784299793, 47.121920796801305], [28.708939751989973, 47.12192118753357], [28.708941685415844, 47.1219198088511], [28.708941620591116, 47.121917785074345], [28.708942902338844, 47.12191664108859], [28.708945023036264, 47.12192110887218], [28.708940218282468, 47.12192545503481], [28.708935656535647, 47.121927097911936]]]}, "properties": {"vineyard_id": "V01", "tile": "siret3_r021_c012.tif"}}, {"type": "Feature", "geometry": {"type": "Polygon", "coordinates": [[[28.708949176111332, 47.12191699740617], [28.708945852896598, 47.121916147113346], [28.708942508073722, 47.12191462222819], [28.708942823108575, 47.1219141675837], [28.70894410485619, 47.12191302359792], [28.70894607429548, 47.12191276923578], [28.70894602387613, 47.1219111951872], [28.70894699058882, 47.12191050584591], [28.708952862892346, 47.1219086184388], [28.70895276205327, 47.12190547034167], [28.70895407261165, 47.121905225812114], [28.708954996107323, 47.121903187286286], [28.708959257222507, 47.121902448781114], [28.708960517361028, 47.12190063020292], [28.708961842324904, 47.12190083540145], [28.708961556101606, 47.12190218950233], [28.708959608271236, 47.12190311845698], [28.708960389599785, 47.12190693131357], [28.708957160022045, 47.12190900425412], [28.708957188833292, 47.12190990371045], [28.708949176111332, 47.12191699740617]]]}, "properties": {"vineyard_id": "V01", "tile": "siret3_r021_c012.tif"}}, {"type": "Feature", "geometry": {"type": "Polygon", "coordinates": [[[28.708967062949178, 47.121899182690505], [28.708966933297898, 47.12189513513706], [28.708964927845166, 47.12189426517916], [28.70896754896125, 47.121893776119755], [28.70896848686193, 47.12189218732197], [28.708970456300325, 47.12189193295943], [28.70897191091566, 47.12189618571127], [28.708967062949178, 47.121899182690505]]]}, "properties": {"vineyard_id": "V01", "tile": "siret3_r021_c012.tif"}}, {"type": "Feature", "geometry": {"type": "Polygon", "coordinates": [[[28.708978627479432, 47.12188978627202], [28.708977194472425, 47.12188620811251], [28.708974909999856, 47.12188691711975], [28.708972911750184, 47.121886272026074], [28.708976749786057, 47.12188261520367], [28.70898032320739, 47.12188098707429], [28.708984355721146, 47.12188340158176], [28.708983432226923, 47.12188544010783], [28.708978627479432, 47.12188978627202]]]}, "properties": {"vineyard_id": "V01", "tile": "siret3_r021_c012.tif"}}, {"type": "Feature", "geometry": {"type": "Polygon", "coordinates": [[[28.708983596000028, 47.12188026331758], [28.708982514041796, 47.12187735483389], [28.70899147185599, 47.12186889720205], [28.708993111853356, 47.12186864775559], [28.708993477308177, 47.1218697671595], [28.70899154388545, 47.12187114584284], [28.708989997526217, 47.121874318522295], [28.708989030814738, 47.12187500786394], [28.708986395293927, 47.12187504719565], [28.70898544298823, 47.121876186265425], [28.708985815645878, 47.12187753053344], [28.70898811452376, 47.12187727125413], [28.708990771653507, 47.12187790651461], [28.708990793262345, 47.12187858110685], [28.70898754928163, 47.12188020432008], [28.708983596000028, 47.12188026331758]]]}, "properties": {"vineyard_id": "V01", "tile": "siret3_r021_c012.tif"}}, {"type": "Feature", "geometry": {"type": "Polygon", "coordinates": [[[28.70902343814469, 47.12184817269971], [28.709021432692854, 47.12184730274278], [28.709023015064826, 47.12184525438329], [28.709022979049465, 47.121844130062925], [28.709020959191662, 47.12184281037783], [28.709021245413176, 47.12184145627681], [28.709022541563517, 47.12184076201834], [28.70902684589126, 47.121841372695194], [28.709027776586186, 47.121839559032864], [28.7090254561009, 47.12183914372073], [28.709025398476253, 47.121837344808114], [28.709027002457045, 47.12183597104081], [28.709031951257934, 47.12183612215617], [28.709029416582467, 47.1218393095859], [28.709029452597953, 47.12184043390628], [28.709030799169884, 47.121841313696244], [28.70902343814469, 47.12184817269971]]]}, "properties": {"vineyard_id": "V01", "tile": "siret3_r021_c012.tif"}}, {"type": "Feature", "geometry": {"type": "Polygon", "coordinates": [[[28.709009954615492, 47.12185939753435], [28.709008608043437, 47.121858517744144], [28.709009445100047, 47.12185378084896], [28.709010741250843, 47.121853086590626], [28.709012095025827, 47.121854191244886], [28.70901373502263, 47.121853941798136], [28.709014644109104, 47.121851453543684], [28.70901420662361, 47.12184808549906], [28.709015846620215, 47.121847836052304], [28.70901720039517, 47.1218489407065], [28.709018847594844, 47.12184891612375], [28.709021103252926, 47.12184730765934], [28.709023108704763, 47.12184817761628], [28.70901927787758, 47.12185205930426], [28.709016699982325, 47.121853897549265], [28.70901440830864, 47.12185438169321], [28.70901415810208, 47.1218568601146], [28.709009954615492, 47.12185939753435]]]}, "properties": {"vineyard_id": "V01", "tile": "siret3_r021_c012.tif"}}, {"type": "Feature", "geometry": {"type": "Polygon", "coordinates": [[[28.70903226629157, 47.121835667511434], [28.70903253090344, 47.12183363881816], [28.709034163696394, 47.12183316450705], [28.709034127680816, 47.12183204018668], [28.709036712777547, 47.121830426805374], [28.70903698459235, 47.121828622976174], [28.709040923463725, 47.12182811424874], [28.709041274512963, 47.12182878392435], [28.70904359499791, 47.12182919923617], [28.709042320457574, 47.1218305680871], [28.709039011653132, 47.121830167525076], [28.7090374004697, 47.12183131642847], [28.709037436485346, 47.12183244074885], [28.709034844185418, 47.12183382926609], [28.70903424293067, 47.12183563801187], [28.70903226629157, 47.121835667511434]]]}, "properties": {"vineyard_id": "V01", "tile": "siret3_r021_c012.tif"}}, {"type": "Feature", "geometry": {"type": "Polygon", "coordinates": [[[28.709046043234103, 47.121823313437254], [28.709045004492673, 47.12182175413861], [28.70904561295007, 47.12182017025685], [28.70905397669412, 47.1218137462302], [28.709054878574875, 47.12181103311138], [28.70905762934378, 47.1218145916033], [28.709059605982073, 47.12181456210332], [28.709058324239273, 47.121815706090345], [28.709055366484964, 47.12181597520432], [28.7090548012471, 47.12181890827059], [28.709051278254506, 47.121822110450736], [28.709048972176166, 47.1218221448672], [28.709046043234103, 47.121823313437254]]]}, "properties": {"vineyard_id": "V01", "tile": "siret3_r021_c012.tif"}}, {"type": "Feature", "geometry": {"type": "Polygon", "coordinates": [[[28.709059411495204, 47.121808490773354], [28.709058687786932, 47.121806476830024], [28.709061244068806, 47.12180396399189], [28.709065791394714, 47.12180187138177], [28.70906778964228, 47.12180251647387], [28.709066543916165, 47.121804784781354], [28.709064610497666, 47.12180616346587], [28.70906296329935, 47.12180618804926], [28.709061710369724, 47.1218082314926], [28.709059411495204, 47.121808490773354]]]}, "properties": {"vineyard_id": "V01", "tile": "siret3_r021_c012.tif"}}, {"type": "Feature", "geometry": {"type": "Polygon", "coordinates": [[[28.70908479613385, 47.12178808945162], [28.709084423474405, 47.12178674518394], [28.709081730331658, 47.121784985605224], [28.70908525332001, 47.12178178342417], [28.709088211072245, 47.12178151430942], [28.709087487363288, 47.121779500366266], [28.7090887691046, 47.12177835637893], [28.709094648591854, 47.12177669382885], [28.709095336284236, 47.12177758345161], [28.70909434796579, 47.121777598201895], [28.70909308063132, 47.12177919191744], [28.709093109444726, 47.121780091373715], [28.70909510769178, 47.12178073646535], [28.70909449203292, 47.1217820954833], [28.709091606314132, 47.12178461323891], [28.709087681853152, 47.12178557169617], [28.7090870806007, 47.121787380442235], [28.70908479613385, 47.12178808945162]]]}, "properties": {"vineyard_id": "V01", "tile": "siret3_r021_c012.tif"}}, {"type": "Feature", "geometry": {"type": "Polygon", "coordinates": [[[28.709077764562444, 47.12179494354172], [28.709078021969123, 47.121792689984304], [28.709076367567956, 47.1217924897038], [28.709074749183184, 47.121793413743646], [28.709075028199816, 47.12179183477843], [28.709077957139513, 47.12179066620765], [28.709078551189013, 47.12178863259758], [28.7090844666943, 47.121788094368355], [28.709085505436196, 47.12178965366664], [28.70908488977699, 47.12179101268455], [28.709080671892345, 47.12179310037867], [28.70908006343628, 47.12179468426062], [28.709077764562444, 47.12179494354172]]]}, "properties": {"vineyard_id": "V01", "tile": "siret3_r021_c012.tif"}}, {"type": "Feature", "geometry": {"type": "Polygon", "coordinates": [[[28.709097555920177, 47.12177485066538], [28.709091969855972, 47.121775383978516], [28.70909581507917, 47.12177195201633], [28.70910009058858, 47.12177166323421], [28.709100047368313, 47.12177031404979], [28.709098063528334, 47.12177011868638], [28.709098371357655, 47.1217694391774], [28.709099051846636, 47.12177010393606], [28.709104279657193, 47.12176867608311], [28.709106915172583, 47.12176863674875], [28.70910759566166, 47.12176930150735], [28.709105691059108, 47.12177157964883], [28.709104029455105, 47.12177115450466], [28.709103062746962, 47.12177184384723], [28.709103772049602, 47.12177340806213], [28.709101451566656, 47.1217729927515], [28.709097555920177, 47.12177485066538]]]}, "properties": {"vineyard_id": "V01", "tile": "siret3_r021_c012.tif"}}, {"type": "Feature", "geometry": {"type": "Polygon", "coordinates": [[[28.70911241479477, 47.12176540506608], [28.709111325628626, 47.12176227171956], [28.70910934178891, 47.12176207635634], [28.70910743718668, 47.12176435449785], [28.709106691867035, 47.121761665962616], [28.709110265276294, 47.1217600378293], [28.70911216987825, 47.12175775968775], [28.709115449864925, 47.12175726079145], [28.70911671719822, 47.12175566707568], [28.70911629411413, 47.12175274875962], [28.709122387781523, 47.12174748346623], [28.709126011613712, 47.12174742938091], [28.70912387121856, 47.121752635672415], [28.709121536329448, 47.121751770634035], [28.709118987256343, 47.12175450833755], [28.709119775797237, 47.12175854605708], [28.70911241479477, 47.12176540506608]]]}, "properties": {"vineyard_id": "V01", "tile": "siret3_r021_c012.tif"}}, {"type": "Feature", "geometry": {"type": "Polygon", "coordinates": [[[28.709132893821224, 47.12174620180648], [28.709130837947026, 47.12174375780296], [28.709128553482632, 47.1217444668132], [28.709125896358024, 47.12174383155583], [28.709129741576792, 47.12174039959254], [28.709133988269407, 47.12173921135294], [28.709136200698282, 47.121736253701926], [28.709135498598737, 47.12173491435128], [28.709139658848365, 47.12173102774266], [28.709139687662507, 47.12173192719894], [28.709141356469082, 47.121732577206664], [28.709145309739416, 47.12173251820386], [28.70914601904274, 47.121734082418506], [28.709139610347037, 47.121739802358135], [28.709137648118656, 47.12174028158759], [28.7091367390397, 47.121742769842974], [28.709132893821224, 47.12174620180648]]]}, "properties": {"vineyard_id": "V01", "tile": "siret3_r021_c012.tif"}}, {"type": "Feature", "geometry": {"type": "Polygon", "coordinates": [[[28.709154940789244, 47.121724500453986], [28.709152928136433, 47.12172340563525], [28.709153880435885, 47.121722266564134], [28.70915342133213, 47.1217182239279], [28.709155340337976, 47.121716395513786], [28.70915827647537, 47.12171545180508], [28.70916125583439, 47.121715857280705], [28.70916225855891, 47.12171629225798], [28.70916170053146, 47.12171945018877], [28.70915658078135, 47.121724251005254], [28.709154940789244, 47.121724500453986]]]}, "properties": {"vineyard_id": "V01", "tile": "siret3_r021_c012.tif"}}, {"type": "Feature", "geometry": {"type": "Polygon", "coordinates": [[[28.709141950515576, 47.12173054359628], [28.709141577855135, 47.12172919932877], [28.709142537358474, 47.12172828512181], [28.70914483622909, 47.121728025839445], [28.70914478580421, 47.12172645179099], [28.70914830878495, 47.12172324960806], [28.70914964815222, 47.1217239045326], [28.70915293534003, 47.121723630499304], [28.709154611350097, 47.12172450537091], [28.709152656326, 47.121725209464685], [28.709152391719137, 47.1217272381582], [28.7091491333454, 47.12172841164776], [28.709146805660527, 47.12172777147395], [28.709143912743563, 47.121730064366744], [28.709141950515576, 47.12173054359628]]]}, "properties": {"vineyard_id": "V01", "tile": "siret3_r021_c012.tif"}}, {"type": "Feature", "geometry": {"type": "Polygon", "coordinates": [[[28.70916712090515, 47.12171374499886], [28.709166683411418, 47.12171037695486], [28.709169590733655, 47.12170853378962], [28.709169561919033, 47.12170763433337], [28.70916559424332, 47.12170724360885], [28.709165902071433, 47.12170656409971], [28.709169747284964, 47.12170313213512], [28.70917203895069, 47.12170264798815], [28.70917198132139, 47.121700849075644], [28.709173907529653, 47.1216992455253], [28.70917554752089, 47.12169899607629], [28.709175826534118, 47.12169741711085], [28.70918130453371, 47.121693510832806], [28.709181905781982, 47.12169170208629], [28.709185156949037, 47.121690303731775], [28.70918608763606, 47.12168849006823], [28.70918804986209, 47.121688010837964], [28.709190283897104, 47.12168572777814], [28.709190226267214, 47.12168392886565], [28.709192181289296, 47.121683224771246], [28.709195045386647, 47.12168003242102], [28.70919731543986, 47.12167887368138], [28.709198546750038, 47.12167615564441], [28.70920174748923, 47.121673183241015], [28.70920373132593, 47.12167337860269], [28.70920565753225, 47.12167177505183], [28.70920560710567, 47.121670201003404], [28.709207189465435, 47.12166815264147], [28.709209108467658, 47.121666324226474], [28.709210103987797, 47.12166653433928], [28.70921049105711, 47.12166832833471], [28.70920895912415, 47.121671950745096], [28.70921130841874, 47.12167326550984], [28.70920938221254, 47.12167486906079], [28.70920611663946, 47.12167581768786], [28.70920682594376, 47.121677381902124], [28.70919978719866, 47.12168401113539], [28.70919714448381, 47.12168382560778], [28.709195884358348, 47.121685644188474], [28.709192589969383, 47.1216856933589], [28.70919299144576, 47.12168793708248], [28.709192053555242, 47.12168952588204], [28.709193707953595, 47.12168972616088], [28.70919206796273, 47.12168997561016], [28.709190507212977, 47.12169269856407], [28.70918985553883, 47.1216929332622], [28.709188809592153, 47.12169114910078], [28.709187162397495, 47.12169117368591], [28.7091836538286, 47.12169482559812], [28.709180073222267, 47.12169622886958], [28.709180460290817, 47.12169802286509], [28.709181792454125, 47.12169845292518], [28.70918154225588, 47.12170093134689], [28.7091799310794, 47.12170208025222], [28.709176636689392, 47.1217021294222], [28.709176679911494, 47.12170347860658], [28.70917866374924, 47.12170367396867], [28.70916712090515, 47.12171374499886]]]}, "properties": {"vineyard_id": "V01", "tile": "siret3_r021_c012.tif"}}, {"type": "Feature", "geometry": {"type": "Polygon", "coordinates": [[[28.70921640654757, 47.12166779009883], [28.709216019478067, 47.12166599610346], [28.709216635132552, 47.121664637084876], [28.709218275122517, 47.12166438763529], [28.70921823189942, 47.12166303845091], [28.709216577501817, 47.1216628381724], [28.709216276878422, 47.12166374254575], [28.7092149591234, 47.12166376221416], [28.70921492310422, 47.12166263789386], [28.70921686371751, 47.12166148407094], [28.709216827698302, 47.12166035975064], [28.709220100474095, 47.12165963598735], [28.7092234669001, 47.12166183545675], [28.70921640654757, 47.12166779009883]]]}, "properties": {"vineyard_id": "V01", "tile": "siret3_r021_c012.tif"}}, {"type": "Feature", "geometry": {"type": "Polygon", "coordinates": [[[28.709227927760846, 47.12165704447166], [28.709222971772395, 47.12165666850049], [28.709221274151812, 47.12165511903769], [28.709228971767814, 47.12164847996887], [28.709229666664598, 47.12164959445487], [28.709232953847362, 47.12164932041935], [28.709231835861125, 47.12164528761774], [28.70923439212722, 47.121642774775886], [28.709236676585824, 47.12164206576359], [28.709238718052912, 47.121644060037134], [28.709235481297924, 47.12164590812124], [28.709235195082773, 47.12164726222274], [28.70923785220377, 47.121647897477615], [28.709236219418333, 47.12164837179156], [28.709236269845782, 47.121649945839955], [28.709233713579444, 47.121652458681865], [28.709232395824706, 47.12165247835046], [28.70922983235417, 47.12165476632822], [28.709228192364563, 47.121655015777996], [28.709227927760846, 47.12165704447166]]]}, "properties": {"vineyard_id": "V01", "tile": "siret3_r021_c012.tif"}}, {"type": "Feature", "geometry": {"type": "Polygon", "coordinates": [[[28.709251249184277, 47.12163397424837], [28.70925023925664, 47.1216333144078], [28.709250080769195, 47.121628367398536], [28.709251362503426, 47.12162722340945], [28.70925334633857, 47.12162741877026], [28.70925396199168, 47.12162605975151], [28.709255594776277, 47.12162558543733], [28.709254556032786, 47.12162402614057], [28.709256475031818, 47.121622197724825], [28.70925843725477, 47.12162171849339], [28.709258716265197, 47.121620139527764], [28.709262260844227, 47.12161761193365], [28.70926426629114, 47.12161848188646], [28.709263657842403, 47.12162006576932], [28.70926499720842, 47.12162072069253], [28.7092653842792, 47.12162251468774], [28.709261238455145, 47.12162685102888], [28.709256318489306, 47.121627599379416], [28.709256755987866, 47.12163096742305], [28.709253555254246, 47.12163393982792], [28.709251249184277, 47.12163397424837]]]}, "properties": {"vineyard_id": "V01", "tile": "siret3_r021_c012.tif"}}, {"type": "Feature", "geometry": {"type": "Polygon", "coordinates": [[[28.709241538921763, 47.121639518501425], [28.709241115831958, 47.12163660018584], [28.709243042035844, 47.12163499663438], [28.7092456847484, 47.12163518216097], [28.709249587583486, 47.121633549106264], [28.709251585826824, 47.12163419419522], [28.709251636254702, 47.12163576824362], [28.709247762235375, 47.12163830075463], [28.709246824347336, 47.12163988955461], [28.709241538921763, 47.121639518501425]]]}, "properties": {"vineyard_id": "V01", "tile": "siret3_r021_c012.tif"}}, {"type": "Feature", "geometry": {"type": "Polygon", "coordinates": [[[28.70926950849043, 47.12161750375428], [28.709265454372364, 47.12161441466447], [28.709266062820994, 47.1216128307816], [28.70927462822026, 47.121612702932936], [28.70927434200626, 47.12161405703454], [28.709272738038457, 47.12161543080519], [28.70927109805027, 47.121615680255566], [28.70926950849043, 47.12161750375428]]]}, "properties": {"vineyard_id": "V01", "tile": "siret3_r021_c012.tif"}}, {"type": "Feature", "geometry": {"type": "Polygon", "coordinates": [[[28.70872010049464, 47.12208149539558], [28.708726179834628, 47.12207578039437], [28.70872946704658, 47.122075506372944], [28.708727855849098, 47.12207665527213], [28.708726359881634, 47.1220814019969], [28.70872010049464, 47.12208149539558]]]}, "properties": {"vineyard_id": "V01", "tile": "siret3_r021_c012.tif"}}, {"type": "Feature", "geometry": {"type": "Polygon", "coordinates": [[[28.708738289944588, 47.1220731250067], [28.708734658887636, 47.12207295421594], [28.708735274558865, 47.12207159519983], [28.708737179187764, 47.12206931706428], [28.708740752628962, 47.12206768894218], [28.70874057978246, 47.122062292203786], [28.70874479049981, 47.12205997965772], [28.708745714006042, 47.12205794113348], [28.708747354010434, 47.12205769169046], [28.708749859905055, 47.12205360481034], [28.7087556169995, 47.122048119587525], [28.708760830442692, 47.122046242021646], [28.708761861978417, 47.12204757645876], [28.708761977210784, 47.12205117428434], [28.70876005817955, 47.122053002692084], [28.70875743705365, 47.12205349174684], [28.7087575018717, 47.12205551552371], [28.70875429388306, 47.12205826305101], [28.708752002198118, 47.12205874718985], [28.708749181266082, 47.12206328871399], [28.708745314393905, 47.122066046072625], [28.708741182897466, 47.12207083212381], [28.708738289944588, 47.1220731250067]]]}, "properties": {"vineyard_id": "V01", "tile": "siret3_r021_c012.tif"}}, {"type": "Feature", "geometry": {"type": "Polygon", "coordinates": [[[28.70876507716806, 47.12204505379536], [28.708764081642467, 47.12204484367877], [28.70876335794184, 47.122042829733545], [28.708763937601862, 47.12204034639681], [28.708768097902137, 47.122036459801215], [28.708769129437844, 47.12203779423828], [28.708774765947638, 47.122038834989205], [28.708769946765326, 47.12204273141673], [28.70876507716806, 47.12204505379536]]]}, "properties": {"vineyard_id": "V01", "tile": "siret3_r021_c012.tif"}}, {"type": "Feature", "geometry": {"type": "Polygon", "coordinates": [[[28.708785019979658, 47.12202968311722], [28.708784303480577, 47.12202789403623], [28.70878035018762, 47.12202795302685], [28.708779304247653, 47.12202616886171], [28.708780929846707, 47.12202546969003], [28.708781216075177, 47.122024115589575], [28.708787295402153, 47.12201840058523], [28.708789236037624, 47.122017246769346], [28.708791864363583, 47.12201698257798], [28.70879256645847, 47.12201832193073], [28.708791313513647, 47.12202036537124], [28.708788685187518, 47.12202062956259], [28.708789745531956, 47.12202286345583], [28.708791070498286, 47.122023068656304], [28.708790777067925, 47.12202419789269], [28.708788213560755, 47.12202648586089], [28.708784962362735, 47.12202788420444], [28.708785019979658, 47.12202968311722]]]}, "properties": {"vineyard_id": "V01", "tile": "siret3_r021_c012.tif"}}, {"type": "Feature", "geometry": {"type": "Polygon", "coordinates": [[[28.708775982883115, 47.12203566722839], [28.708774306869184, 47.12203479235132], [28.7087745858958, 47.12203321338677], [28.708771935962762, 47.122032802985466], [28.708774499470938, 47.1220305150176], [28.708780686830796, 47.12202817297508], [28.70878277871098, 47.12203174130532], [28.708780530240027, 47.12203357462927], [28.708778567997516, 47.12203405385273], [28.708778618412147, 47.12203562790141], [28.708775982883115, 47.12203566722839]]]}, "properties": {"vineyard_id": "V01", "tile": "siret3_r021_c012.tif"}}, {"type": "Feature", "geometry": {"type": "Polygon", "coordinates": [[[28.708797758290935, 47.122015769770925], [28.708795774442766, 47.12201557440238], [28.70879539458667, 47.12201400526965], [28.708796339696693, 47.122012641337314], [28.708801581943685, 47.12201166322602], [28.70880211838853, 47.12200783070451], [28.708803743986728, 47.12200713153252], [28.708804015810156, 47.1220053277038], [28.708807618053843, 47.12200459903607], [28.708807216590888, 47.12200235531108], [28.708809164427546, 47.122001426358956], [28.7088128242887, 47.1220024966038], [28.708813497574997, 47.122002936500046], [28.708802914111967, 47.12201209329044], [28.70880133892887, 47.122014366511095], [28.708797758290935, 47.122015769770925]]]}, "properties": {"vineyard_id": "V01", "tile": "siret3_r021_c012.tif"}}, {"type": "Feature", "geometry": {"type": "Polygon", "coordinates": [[[28.70881376219585, 47.12200090780722], [28.70881241562332, 47.12200002801474], [28.708810109537, 47.12200006242651], [28.70880940744193, 47.12199872307385], [28.708814820679077, 47.12199279303593], [28.708818809980606, 47.12199385836462], [28.708818838789597, 47.121994757821], [28.708820851446102, 47.12199585264553], [28.708816698355047, 47.12199996410705], [28.708815409400387, 47.122000883227344], [28.70881376219585, 47.12200090780722]]]}, "properties": {"vineyard_id": "V01", "tile": "siret3_r021_c012.tif"}}, {"type": "Feature", "geometry": {"type": "Polygon", "coordinates": [[[28.708820385162365, 47.12199158514374], [28.70881993328322, 47.121987767370136], [28.708825375327194, 47.12198273678811], [28.70882769581732, 47.121983152104235], [28.70882962924834, 47.1219817734236], [28.708830667986774, 47.12198333272419], [28.708830403366633, 47.12198536141703], [28.708828462733212, 47.1219865152336], [28.708827861469864, 47.12198832397838], [28.70882425922757, 47.12198905264675], [28.70882398740489, 47.1219908564755], [28.708820385162365, 47.12199158514374]]]}, "properties": {"vineyard_id": "V01", "tile": "siret3_r021_c012.tif"}}, {"type": "Feature", "geometry": {"type": "Polygon", "coordinates": [[[28.708844416204446, 47.121970079217114], [28.708843413477616, 47.12196964423711], [28.708842653763394, 47.12196650597193], [28.70884457278873, 47.121964677562865], [28.70884819663619, 47.12196462348614], [28.708849127339267, 47.1219628098252], [28.708850760137853, 47.12196233551664], [28.708852113912418, 47.121963440172784], [28.708852200341, 47.12196613854187], [28.708848691731326, 47.121969790444176], [28.708846027396216, 47.12196893031635], [28.708844416204446, 47.121970079217114]]]}, "properties": {"vineyard_id": "V01", "tile": "siret3_r021_c012.tif"}}, {"type": "Feature", "geometry": {"type": "Polygon", "coordinates": [[[28.70885507167604, 47.121963171063925], [28.708853051817727, 47.12196185137589], [28.708852621543702, 47.12195870819471], [28.708855894342914, 47.121957984441565], [28.70885717609345, 47.12195684045673], [28.708856430783417, 47.12195415191984], [28.70885805637926, 47.12195345274709], [28.708860261629724, 47.12195027023712], [28.708862274285355, 47.12195136506094], [28.70886167302352, 47.12195317380588], [28.708864000715035, 47.12195381398536], [28.70886393589318, 47.12195179020856], [28.70886674240486, 47.12194679895352], [28.708866011499367, 47.12194456014486], [28.708868267166114, 47.12194295168339], [28.708870258214258, 47.12194337191478], [28.708872542690674, 47.12194266290957], [28.708873244786542, 47.12194400226183], [28.708870974714994, 47.121945160995224], [28.708872371704295, 47.12194761483566], [28.708866614632583, 47.121953100064154], [28.70886433015565, 47.12195380906925], [28.70886341385809, 47.121956072458495], [28.7088620960956, 47.12195609212294], [28.70886179546466, 47.121956996495406], [28.708858537070405, 47.12195816997691], [28.70885860909448, 47.12196041861781], [28.70885507167604, 47.121963171063925]]]}, "properties": {"vineyard_id": "V01", "tile": "siret3_r021_c012.tif"}}, {"type": "Feature", "geometry": {"type": "Polygon", "coordinates": [[[28.70888535298383, 47.121930998194784], [28.708884650887843, 47.12192965884261], [28.708885581589094, 47.12192784518138], [28.70888785886211, 47.12192691131179], [28.70888843851521, 47.121924427974456], [28.70888974907437, 47.12192418344562], [28.708893923761618, 47.12192074657381], [28.708893851736157, 47.121918497932924], [28.70889746837783, 47.121918218990615], [28.70889803362527, 47.12191528592506], [28.708900346910394, 47.12191547637567], [28.70890159984866, 47.121913432934], [28.708903576490766, 47.12191340343667], [28.7089035116675, 47.12191137965989], [28.708907801594513, 47.12191154061298], [28.708909311946634, 47.12190724361415], [28.708906969851444, 47.121906153707364], [28.70890828041007, 47.12190590917833], [28.708911144536195, 47.12190271683495], [28.708913121177904, 47.12190268733745], [28.70891529761251, 47.12189860537012], [28.708916615373546, 47.12189858570509], [28.708919515512026, 47.121896517681925], [28.708920511035412, 47.121896727797186], [28.708921549774757, 47.121898287096975], [28.70891994578938, 47.12189966086285], [28.708920683899112, 47.12190212453526], [28.70891645879657, 47.12190398735941], [28.70891653082295, 47.12190623600027], [28.708913601873324, 47.12190740456702], [28.70891333005402, 47.12190920839595], [28.708909492011873, 47.121912865216295], [28.70890720033464, 47.12191334935813], [28.70890724355025, 47.12191469854267], [28.70890560355104, 47.1219149479879], [28.70890533173143, 47.12191675181684], [28.708901787115696, 47.121919279400274], [28.70889221361322, 47.12192909604223], [28.70889091745902, 47.12192979029926], [28.708888890398594, 47.12192824574776], [28.7088875726368, 47.1219282654125], [28.70888535298383, 47.121930998194784]]]}, "properties": {"vineyard_id": "V01", "tile": "siret3_r021_c012.tif"}}, {"type": "Feature", "geometry": {"type": "Polygon", "coordinates": [[[28.708931890187273, 47.121891833581316], [28.70892923305749, 47.12189119831946], [28.708929841519073, 47.121889614438274], [28.708928158304655, 47.12188851469933], [28.70892808627783, 47.12188626605848], [28.708930678583112, 47.12188487754359], [28.708934631865162, 47.12188481854792], [28.708935319556353, 47.12188570817164], [28.708933099907558, 47.12188844095483], [28.708933486969396, 47.121890234951195], [28.708931890187273, 47.121891833581316]]]}, "properties": {"vineyard_id": "V01", "tile": "siret3_r021_c012.tif"}}, {"type": "Feature", "geometry": {"type": "Polygon", "coordinates": [[[28.70895522624581, 47.12186921314441], [28.708953843660453, 47.12186720903315], [28.708955426035608, 47.12186516067456], [28.70895368519918, 47.12186226202331], [28.708958239737136, 47.121860394281455], [28.708959922951266, 47.12186149401996], [28.70895932889649, 47.12186352762946], [28.70896067546789, 47.121864407420254], [28.70895522624581, 47.12186921314441]]]}, "properties": {"vineyard_id": "V01", "tile": "siret3_r021_c012.tif"}}, {"type": "Feature", "geometry": {"type": "Polygon", "coordinates": [[[28.708937767806972, 47.1218798223749], [28.708937387947792, 47.121878253242635], [28.708939013540263, 47.12187755406877], [28.708940567105362, 47.12187460625403], [28.708943137801526, 47.12187254314664], [28.708946446607968, 47.121872943711395], [28.70894769954349, 47.12187090026927], [28.70895059967927, 47.121868832245326], [28.708952597928025, 47.12186947733943], [28.708954230722814, 47.121869003029445], [28.708954896805743, 47.12186921806078], [28.70895391568832, 47.12186945767397], [28.708953314430445, 47.121871266419355], [28.708950077651778, 47.12187311449562], [28.708948209052664, 47.12187651695499], [28.708944585211373, 47.12187657103479], [28.708942988429982, 47.12187816966506], [28.708940667943615, 47.12187775435123], [28.708939085567522, 47.1218798027096], [28.708937767806972, 47.1218798223749]]]}, "properties": {"vineyard_id": "V01", "tile": "siret3_r021_c012.tif"}}, {"type": "Feature", "geometry": {"type": "Polygon", "coordinates": [[[28.708973269637266, 47.12184599677352], [28.708972567540258, 47.12184465742188], [28.708973204811507, 47.12184397299679], [28.708981231925314, 47.121837329027656], [28.708983766603605, 47.12183414159897], [28.708985728836875, 47.1218336623721], [28.708988299529338, 47.1218315992637], [28.70898824190596, 47.12182980035106], [28.708990189733168, 47.12182887139594], [28.708992402173674, 47.1218259137476], [28.708996018808477, 47.12182563480228], [28.708995638948025, 47.1218240656702], [28.708997550760103, 47.12182201239456], [28.7089995562106, 47.12182288235194], [28.709001196206504, 47.12182263290538], [28.709000809142957, 47.121820838909244], [28.708998488658683, 47.121820423596546], [28.708998803692513, 47.12181996895189], [28.70900138878976, 47.12181835557137], [28.709003716476953, 47.12181899574809], [28.709004332138537, 47.12181763673062], [28.709006301574, 47.12181738236747], [28.709009624783448, 47.121818232658605], [28.709003244874985, 47.12182485204716], [28.70900097481134, 47.12182601078305], [28.708998125100567, 47.121829652856775], [28.70899617007052, 47.121830356947925], [28.708995246577608, 47.12183239547411], [28.708992332039653, 47.12183401377096], [28.70899204581744, 47.12183536787192], [28.708986745968076, 47.12183454707905], [28.70898584408347, 47.121837260197374], [28.70898225625941, 47.12183843859872], [28.708982020457203, 47.12184136674823], [28.708984677585082, 47.12184200200888], [28.708984047516914, 47.12184291129811], [28.708979528995812, 47.12184590336136], [28.708973269637266, 47.12184599677352]]]}, "properties": {"vineyard_id": "V01", "tile": "siret3_r021_c012.tif"}}, {"type": "Feature", "geometry": {"type": "Polygon", "coordinates": [[[28.708962837491708, 47.121859875723906], [28.70896081763475, 47.121858556037736], [28.70896275105785, 47.12185717735491], [28.70896136847253, 47.12185517324373], [28.708967125524083, 47.12184968801065], [28.70897294019734, 47.12184600168994], [28.70897430837711, 47.12184755607282], [28.708974409217255, 47.12185070416997], [28.708972790828938, 47.1218516282084], [28.70897220397762, 47.12185388668205], [28.70896964048632, 47.12185617465418], [28.708967942866487, 47.121854625187645], [28.70896497790668, 47.12185466943525], [28.708963732175008, 47.121856937741654], [28.708966439723316, 47.12185914705129], [28.708962837491708, 47.121859875723906]]]}, "properties": {"vineyard_id": "V01", "tile": "siret3_r021_c012.tif"}}, {"type": "Feature", "geometry": {"type": "Polygon", "coordinates": [[[28.7090078263217, 47.12181353509557], [28.70900680198757, 47.1218124255247], [28.709010969455605, 47.12180876378469], [28.709014607698215, 47.12180915943102], [28.7090168057305, 47.12180575205408], [28.709019126214265, 47.12180616736641], [28.709019563699652, 47.12180953541103], [28.709016040705514, 47.12181273759011], [28.70901369861241, 47.12181164768547], [28.709010074775648, 47.1218117017673], [28.7090078263217, 47.12181353509557]]]}, "properties": {"vineyard_id": "V01", "tile": "siret3_r021_c012.tif"}}, {"type": "Feature", "geometry": {"type": "Polygon", "coordinates": [[[28.709028040792447, 47.12179636054737], [28.70902636478211, 47.12179548567392], [28.709028305404317, 47.121794331854105], [28.709027925543165, 47.12179276272213], [28.70903015958938, 47.12179047966533], [28.70903112629882, 47.12178979032335], [28.709034742930946, 47.121789511376825], [28.709035336982087, 47.121787477766944], [28.709037943686024, 47.121786538977865], [28.70903790767042, 47.121785414657474], [28.709038874379665, 47.12178472531544], [28.70904118045641, 47.1217846908992], [28.70904014171591, 47.12178313160049], [28.709045326310488, 47.12178035456574], [28.709046672881133, 47.121781234355545], [28.70904671610007, 47.121782583539996], [28.709045104918214, 47.12178373244351], [28.70904547757665, 47.12178507671132], [28.709041961788802, 47.12178850375526], [28.709037715090144, 47.12178969199153], [28.70903780152759, 47.12179239036044], [28.709036842021312, 47.121793304566545], [28.709036197548368, 47.121793764127894], [28.709036490972373, 47.121792634890916], [28.709034507131765, 47.12179243952641], [28.709033304623066, 47.121796057017995], [28.709028040792447, 47.12179636054737]]]}, "properties": {"vineyard_id": "V01", "tile": "siret3_r021_c012.tif"}}, {"type": "Feature", "geometry": {"type": "Polygon", "coordinates": [[[28.709022750050632, 47.121806113284315], [28.709022026343774, 47.12180409934073], [28.70901608202387, 47.121803738110444], [28.709023765280595, 47.12179664932682], [28.709026371985182, 47.12179571053799], [28.70902804799553, 47.121796585411445], [28.709025083039037, 47.121796629660565], [28.709024789614762, 47.12179775889752], [28.709029423378663, 47.12179836465775], [28.709029466597187, 47.121799713842215], [28.709022750050632, 47.121806113284315]]]}, "properties": {"vineyard_id": "V01", "tile": "siret3_r021_c012.tif"}}, {"type": "Feature", "geometry": {"type": "Polygon", "coordinates": [[[28.709058280591364, 47.121773187113796], [28.70905590968641, 47.121771197753716], [28.70905393304972, 47.12177122725361], [28.709051011313708, 47.12177262068784], [28.709052293055652, 47.1217714767009], [28.709051920397155, 47.121770132433106], [28.7090557584194, 47.12176647560814], [28.70905807169853, 47.12176666605564], [28.70905768463353, 47.1217648720597], [28.709065038439828, 47.12175778819007], [28.70906796737791, 47.121756619619546], [28.709071261771463, 47.121756570452646], [28.709075443637293, 47.12175335843852], [28.709075414824216, 47.12175245898222], [28.70907342378171, 47.121752038754295], [28.709073036716312, 47.12175024475841], [28.70907885137146, 47.1217465584325], [28.709080075485886, 47.12174361553267], [28.709084235740274, 47.12173972892603], [28.709086520205073, 47.12173901991666], [28.709086878457576, 47.121739914456214], [28.709084702042325, 47.121743996426666], [28.70908114303992, 47.12174607428731], [28.709082919895753, 47.121750097257], [28.709080005364942, 47.121751715556016], [28.70907875964048, 47.12175398386362], [28.709076467971663, 47.12175446800876], [28.709076518394586, 47.121756042057264], [28.709073639879577, 47.121758784676494], [28.70907232932536, 47.12175902920737], [28.70907172086941, 47.12176061308927], [28.709069436403485, 47.12176132209835], [28.709068498508028, 47.121762910896926], [28.709066507465188, 47.12176249066889], [28.70906556236639, 47.12176385460337], [28.70906229678524, 47.12176480322642], [28.709063357135687, 47.12176703711714], [28.70906076483958, 47.12176842563495], [28.709061481344158, 47.1217702147142], [28.709058280591364, 47.121773187113796]]]}, "properties": {"vineyard_id": "V01", "tile": "siret3_r021_c012.tif"}}, {"type": "Feature", "geometry": {"type": "Polygon", "coordinates": [[[28.709091512217068, 47.12174052021401], [28.709088468027257, 47.12173809095992], [28.709088395994055, 47.12173584231921], [28.70909255624723, 47.12173195571226], [28.709097805664342, 47.121731202451855], [28.709098522169622, 47.12173299153088], [28.709095922672734, 47.121734155185386], [28.70909571569048, 47.12173798279136], [28.709091512217068, 47.12174052021401]]]}, "properties": {"vineyard_id": "V01", "tile": "siret3_r021_c012.tif"}}, {"type": "Feature", "geometry": {"type": "Polygon", "coordinates": [[[28.709098765168473, 47.12173028824526], [28.709095434759845, 47.121729213092586], [28.70910183625574, 47.12172326829129], [28.709104830021577, 47.12172412349651], [28.709105503306652, 47.121724563391076], [28.70910159325706, 47.12172597157692], [28.70910102802256, 47.1217289046434], [28.709098765168473, 47.12173028824526]]]}, "properties": {"vineyard_id": "V01", "tile": "siret3_r021_c012.tif"}}, {"type": "Feature", "geometry": {"type": "Polygon", "coordinates": [[[28.709119831030453, 47.12170882651373], [28.70911945116729, 47.12170725738209], [28.7091256600848, 47.121705589913674], [28.70912560245705, 47.12170379100111], [28.70912786530932, 47.12170240739875], [28.70912783649541, 47.121701507942475], [28.709126160486495, 47.12170063307045], [28.709129998498724, 47.1216969762431], [28.709132311775054, 47.12169716668914], [28.709133600716967, 47.12169624756539], [28.709133199243006, 47.12169400384156], [28.709135168673253, 47.12169374947628], [28.709136772646954, 47.12169237570748], [28.709144013100243, 47.121692042671874], [28.709141156202712, 47.12169545988495], [28.70913955222903, 47.12169683365379], [28.709137905034154, 47.12169685823821], [28.709136959938316, 47.12169822217327], [28.709132018353547, 47.12169829592635], [28.70913204716752, 47.12169919538262], [28.709134410868494, 47.121700959877074], [28.709133100315988, 47.12170120440863], [28.709133150740488, 47.12170277845711], [28.709129906774766, 47.12170440167423], [28.70912832441097, 47.12170645003513], [28.709119831030453, 47.12170882651373]]]}, "properties": {"vineyard_id": "V01", "tile": "siret3_r021_c012.tif"}}, {"type": "Feature", "geometry": {"type": "Polygon", "coordinates": [[[28.709162873708088, 47.12167376344793], [28.70916019497582, 47.12167245359912], [28.70915848294932, 47.12167045440722], [28.70916462702868, 47.12166676316016], [28.70916696191471, 47.121667628197706], [28.709165050114603, 47.121669681476064], [28.70916611046732, 47.121671915365845], [28.709162873708088, 47.12167376344793]]]}, "properties": {"vineyard_id": "V01", "tile": "siret3_r021_c012.tif"}}, {"type": "Feature", "geometry": {"type": "Polygon", "coordinates": [[[28.709169862031, 47.12166556016842], [28.709168472239497, 47.121663331195634], [28.709169388519364, 47.12166106780407], [28.70917389981058, 47.12165785086949], [28.70917417162002, 47.12165604703999], [28.709177107753774, 47.12165510333083], [28.709176076215627, 47.121653768897424], [28.709177028513373, 47.12165262982613], [28.709183809855645, 47.121648254151886], [28.709185507474935, 47.121649803615256], [28.70918815018806, 47.12164998914317], [28.709184992671688, 47.12165431073058], [28.709181998908573, 47.121653455527415], [28.709179714448723, 47.12165416453862], [28.709177215808882, 47.121658476291806], [28.709175590226227, 47.121659175468956], [28.709175962886984, 47.12166051973636], [28.709173377802642, 47.1216621331207], [28.709173464246554, 47.12166483148947], [28.709169862031, 47.12166556016842]]]}, "properties": {"vineyard_id": "V01", "tile": "siret3_r021_c012.tif"}}, {"type": "Feature", "geometry": {"type": "Polygon", "coordinates": [[[28.709193298743305, 47.12164608778162], [28.70919094945036, 47.12164477301648], [28.70918956686228, 47.121642768908025], [28.70919112040696, 47.12163982109004], [28.70919671365963, 47.12163951263633], [28.70919593952243, 47.121635924645396], [28.709197507474077, 47.12163342655546], [28.709199763117752, 47.121631818087664], [28.709204382461404, 47.12163197411287], [28.70920474071511, 47.12163286865205], [28.709207390631242, 47.121633279043586], [28.709204182690918, 47.12163602658306], [28.709202213263158, 47.121636280949524], [28.70920227089336, 47.121638079862024], [28.709193298743305, 47.12164608778162]]]}, "properties": {"vineyard_id": "V01", "tile": "siret3_r021_c012.tif"}}, {"type": "Feature", "geometry": {"type": "Polygon", "coordinates": [[[28.709206200609408, 47.12162699760106], [28.70920615018289, 47.12162542355262], [28.709209043091583, 47.12162313065831], [28.709211005315016, 47.12162265142769], [28.709211907184788, 47.12161993830769], [28.70921584603898, 47.12161942957442], [28.7092187317431, 47.121616911815806], [28.709218294247076, 47.121613543771986], [28.70922620076978, 47.12161342576117], [28.709224940646916, 47.121615244342166], [28.709223952331545, 47.12161525909354], [28.70922359407765, 47.12161436455441], [28.709221624650795, 47.12161461892117], [28.709221653466198, 47.121615518377425], [28.709223315066208, 47.12161594351997], [28.709221682281605, 47.12161641783367], [28.70922146810475, 47.12162002057576], [28.709218216942908, 47.12162141893125], [28.70921763010427, 47.121623677406085], [28.709214314107705, 47.1216230519849], [28.709212459941504, 47.121626904176516], [28.709210132260377, 47.12162626400394], [28.709206200609408, 47.12162699760106]]]}, "properties": {"vineyard_id": "V01", "tile": "siret3_r021_c012.tif"}}, {"type": "Feature", "geometry": {"type": "Polygon", "coordinates": [[[28.708687892616197, 47.12207410197134], [28.70868779899388, 47.12207117873797], [28.708690763966143, 47.12207113449737], [28.708690684747133, 47.12206866099222], [28.70869450121016, 47.122064329586635], [28.708698798350834, 47.122064715411504], [28.708699435628187, 47.1220640309879], [28.70870207115872, 47.122063991662664], [28.70870276605024, 47.12206510615187], [28.708699844288923, 47.1220664995774], [28.70869925742389, 47.12206875804975], [28.708697961263784, 47.12206945230466], [28.708696306855277, 47.12206925201876], [28.70869474606947, 47.12207197496622], [28.70869044172651, 47.12207136427711], [28.708690499340328, 47.12207316318995], [28.708687892616197, 47.12207410197134]]]}, "properties": {"vineyard_id": "V01", "tile": "siret3_r021_c012.tif"}}, {"type": "Feature", "geometry": {"type": "Polygon", "coordinates": [[[28.708713005696083, 47.122055504557935], [28.70871263304392, 47.12205416028901], [28.70870996150485, 47.12205307529396], [28.708711801317897, 47.12204877338189], [28.70871540356584, 47.12204804471699], [28.70871562497964, 47.12204466683974], [28.708720537790168, 47.122043693647804], [28.70872406801902, 47.122040716341616], [28.708726051867902, 47.12204091171138], [28.708726775567097, 47.12204292565686], [28.708724512690008, 47.122044309251535], [28.70872166294892, 47.12204795131863], [28.708720975259098, 47.12204706169364], [28.708719335254898, 47.12204731113629], [28.708717824883745, 47.12205160813276], [28.708713005696083, 47.122055504557935]]]}, "properties": {"vineyard_id": "V01", "tile": "siret3_r021_c012.tif"}}, {"type": "Feature", "geometry": {"type": "Polygon", "coordinates": [[[28.70873537520071, 47.122033573503714], [28.70873203757812, 47.12203227347657], [28.70873100604344, 47.12203093903916], [28.70873162171431, 47.12202958002307], [28.708734822500546, 47.1220266076323], [28.70873974971289, 47.122026084167764], [28.70873966328981, 47.122023385798535], [28.708742284414413, 47.122022896744205], [28.708742885681037, 47.12202108799986], [28.708745814640693, 47.12201991943736], [28.70874443926101, 47.12201814018767], [28.70874506213334, 47.12201700603561], [28.7087476328439, 47.12201494293245], [28.708752545651073, 47.12201396973917], [28.70875215139232, 47.12201195087806], [28.70875338273253, 47.122009232845656], [28.708754671688478, 47.12200831372605], [28.70876124610372, 47.122007765681566], [28.708761940995696, 47.12200888017043], [28.70876098868285, 47.12201001923839], [28.70875740084211, 47.12201119763288], [28.708755195583034, 47.12201438014096], [28.70875590487896, 47.12201594435805], [28.708754601518883, 47.12201641374947], [28.70875356278199, 47.12201485444818], [28.708751922778934, 47.12201510389127], [28.708751679761594, 47.122017807176285], [28.70874788491235, 47.12202281317598], [28.708747247636108, 47.12202349759986], [28.708743630986394, 47.122023776537524], [28.70874214222363, 47.12202874812662], [28.70873830416122, 47.122032404941415], [28.70873537520071, 47.122033573503714]]]}, "properties": {"vineyard_id": "V01", "tile": "siret3_r021_c012.tif"}}, {"type": "Feature", "geometry": {"type": "Polygon", "coordinates": [[[28.708768005919, 47.122002715438896], [28.708766344310305, 47.1220022902899], [28.708765978859244, 47.12200117088524], [28.70876266284402, 47.12200054545124], [28.708765570196036, 47.12199870229597], [28.708768871807095, 47.12199887800168], [28.708770110348215, 47.121996384833196], [28.708773390352967, 47.12199588594648], [28.70877298889152, 47.12199364222134], [28.70877130567693, 47.12199254248011], [28.70877514373425, 47.12198888566425], [28.70877908982225, 47.12198860180975], [28.708779325636037, 47.12198567366059], [28.70878162451968, 47.121985414385364], [28.708783300532158, 47.12198628926235], [28.70878362997298, 47.12198628434646], [28.708782985495525, 47.12198674390642], [28.708782670458884, 47.1219871985505], [28.708782463453662, 47.12199102615605], [28.708779878341435, 47.12199263953177], [28.708779154640975, 47.121990625586626], [28.70877458568143, 47.12199204359336], [28.708774142861536, 47.121998799348056], [28.70877157935483, 47.12200108731589], [28.708768005919, 47.122002715438896]]]}, "properties": {"vineyard_id": "V01", "tile": "siret3_r021_c012.tif"}}, {"type": "Feature", "geometry": {"type": "Polygon", "coordinates": [[[28.70878488291733, 47.12198424090603], [28.708780585782627, 47.1219838550843], [28.708785390554738, 47.12197950892818], [28.708791320488775, 47.121979420442], [28.708789136839368, 47.12198327754299], [28.70878517634762, 47.121983111669635], [28.70878488291733, 47.12198424090603]]]}, "properties": {"vineyard_id": "V01", "tile": "siret3_r021_c012.tif"}}, {"type": "Feature", "geometry": {"type": "Polygon", "coordinates": [[[28.708825189679434, 47.12194606919276], [28.70882314821573, 47.121944074911895], [28.708828275219087, 47.12193949897395], [28.708830903541006, 47.121939234781735], [28.708831598433505, 47.12194034927016], [28.708834943254928, 47.12194187415858], [28.708834628218998, 47.12194232880281], [28.7088316704564, 47.121942597911115], [28.70882912135939, 47.12194533560839], [28.708825189679434, 47.12194606919276]]]}, "properties": {"vineyard_id": "V01", "tile": "siret3_r021_c012.tif"}}, {"type": "Feature", "geometry": {"type": "Polygon", "coordinates": [[[28.7088053837517, 47.1219657122954], [28.70880339270319, 47.121965292062875], [28.70880426579038, 47.121961679489495], [28.708807151532273, 47.1219591617409], [28.708810431534374, 47.12195866285315], [28.70881066734635, 47.121955734703945], [28.70881325245587, 47.121954121327555], [28.708817383937024, 47.121949335273875], [28.70881966841442, 47.121948626269706], [28.708822224714318, 47.121946113436735], [28.708824523596036, 47.12194585416067], [28.708826307641967, 47.12195010199845], [28.708824066378167, 47.12195216018733], [28.70882081518559, 47.12195355853184], [28.70882086560132, 47.1219551325805], [28.70881958385004, 47.12195627656494], [28.70881820846962, 47.12195449731611], [28.70881623902812, 47.121954751676085], [28.708815745798088, 47.121959933382236], [28.70881030375545, 47.1219649639638], [28.708809286624582, 47.12196407925529], [28.70880763942118, 47.12196410383507], [28.7088053837517, 47.1219657122954]]]}, "properties": {"vineyard_id": "V01", "tile": "siret3_r021_c012.tif"}}, {"type": "Feature", "geometry": {"type": "Polygon", "coordinates": [[[28.70885408307982, 47.12192201601908], [28.708853366579977, 47.12192022693851], [28.708850666235474, 47.12191824249029], [28.708854848127213, 47.121915030483976], [28.708858543995248, 47.1219172250479], [28.70885862322162, 47.1219196985529], [28.70885638916271, 47.12192198160647], [28.70885408307982, 47.12192201601908]]]}, "properties": {"vineyard_id": "V01", "tile": "siret3_r021_c012.tif"}}, {"type": "Feature", "geometry": {"type": "Polygon", "coordinates": [[[28.70887365316526, 47.121905301057645], [28.708872643236983, 47.12190464121379], [28.708874547854183, 47.121902363076046], [28.708874497436966, 47.12190078902739], [28.708870508141388, 47.12189972370056], [28.708871789890235, 47.121898579715584], [28.708875435340552, 47.121899200230345], [28.708875728768497, 47.121898070993744], [28.708873393876843, 47.121897205950376], [28.70887434618532, 47.1218960668815], [28.70887926618163, 47.121895318547026], [28.708884780235753, 47.121892536603205], [28.70888436436553, 47.121889843150306], [28.708887293314866, 47.12188867458429], [28.708887250099796, 47.121887325399754], [28.70888362625766, 47.12188737947763], [28.70888875325044, 47.12188280353707], [28.708893322197543, 47.12188138552591], [28.70889418807487, 47.12187754808781], [28.708896135905476, 47.12187661913427], [28.708897460868535, 47.12187682433354], [28.708896222336026, 47.12187931750334], [28.708896272753854, 47.12188089155196], [28.708897604919564, 47.12188132161533], [28.708897655337438, 47.12188289566396], [28.708896344779323, 47.12188314019284], [28.708896710232235, 47.12188425959709], [28.708895399674088, 47.12188450412599], [28.708895428484265, 47.12188540358234], [28.70888164428823, 47.12189753277483], [28.70887686834115, 47.12190277839122], [28.708874569461567, 47.12190303766831], [28.70887365316526, 47.121905301057645]]]}, "properties": {"vineyard_id": "V01", "tile": "siret3_r021_c012.tif"}}, {"type": "Feature", "geometry": {"type": "Polygon", "coordinates": [[[28.708864981551997, 47.121912404579874], [28.708865905051216, 47.12191036605471], [28.70886387799225, 47.12190882150275], [28.708861908552677, 47.12190907586348], [28.708861658338837, 47.1219115542846], [28.708859316244403, 47.12191046437684], [28.708859946315478, 47.12190955508828], [28.70886508051482, 47.121905204012826], [28.70887103925014, 47.12190601497899], [28.70887234980894, 47.121905770450375], [28.70887265043943, 47.12190486607787], [28.708872708059058, 47.1219066649906], [28.70887078183429, 47.12190826853603], [28.70886879798989, 47.121908073168704], [28.70886918504973, 47.12190986716531], [28.70886662875376, 47.1219123799993], [28.708864981551997, 47.121912404579874]]]}, "properties": {"vineyard_id": "V01", "tile": "siret3_r021_c012.tif"}}, {"type": "Feature", "geometry": {"type": "Polygon", "coordinates": [[[28.708909756312647, 47.12186966673037], [28.70890959065285, 47.12186449485635], [28.708913779739472, 47.12186150771202], [28.708914044355954, 47.12185947901898], [28.708918247847198, 47.12185694160268], [28.70892022448721, 47.12185691210509], [28.708920840151343, 47.121855553088025], [28.708922795183334, 47.12185484899813], [28.70892240812214, 47.1218530550017], [28.708924291127452, 47.12185010227091], [28.708925265042, 47.1218496377939], [28.70892694825512, 47.12185073753291], [28.708928588252245, 47.12185048808737], [28.70892717685771, 47.12184758451941], [28.70892913188933, 47.121846880429395], [28.70892984118796, 47.121848444645416], [28.70893318600628, 47.12184996953102], [28.708932870971715, 47.121850424175506], [28.708928066223123, 47.121854770337606], [28.708926082380536, 47.12185457497123], [28.708924456788587, 47.12185527414491], [28.70892550993253, 47.12185728317284], [28.708920390147988, 47.12186208397908], [28.708918105675664, 47.121862792985226], [28.708917826654055, 47.12186437195009], [28.708915234349412, 47.12186576046468], [28.708915270362528, 47.12186688478512], [28.70891238463068, 47.12186940253633], [28.708909756312647, 47.12186966673037]]]}, "properties": {"vineyard_id": "V01", "tile": "siret3_r021_c012.tif"}}, {"type": "Feature", "geometry": {"type": "Polygon", "coordinates": [[[28.708940402989022, 47.121838613251484], [28.708939364250345, 47.121837053951865], [28.708939628865753, 47.12183502525876], [28.70894346690035, 47.12183136843745], [28.70894639584517, 47.12183019986999], [28.70894603039162, 47.12182908046591], [28.70894762717149, 47.1218274818356], [28.708950248284477, 47.12182699277663], [28.70895150121883, 47.12182494933445], [28.70895248953822, 47.121824934585376], [28.708953872122397, 47.12182693869669], [28.708955526524225, 47.12182713897896], [28.708955591349277, 47.12182916275572], [28.708952655201948, 47.12183010645933], [28.708952390587058, 47.121832135152445], [28.708948867587377, 47.121835337329536], [28.70894722759081, 47.12183558677533], [28.708945344587278, 47.121838539506506], [28.708940402989022, 47.121838613251484]]]}, "properties": {"vineyard_id": "V01", "tile": "siret3_r021_c012.tif"}}, {"type": "Feature", "geometry": {"type": "Polygon", "coordinates": [[[28.708937339076883, 47.12184585806543], [28.708932046429936, 47.12184526213414], [28.7089313299286, 47.12184347305403], [28.70893450908458, 47.1218398260656], [28.708939736906537, 47.12183839822006], [28.708941463335943, 47.12184084714336], [28.70894116990967, 47.12184197638011], [28.708937339076883, 47.12184585806543]]]}, "properties": {"vineyard_id": "V01", "tile": "siret3_r021_c012.tif"}}, {"type": "Feature", "geometry": {"type": "Polygon", "coordinates": [[[28.70895828980428, 47.12182079853726], [28.708957573302417, 47.121819009457326], [28.708964268250025, 47.121811935426706], [28.708965901042962, 47.12181146111657], [28.70896857257482, 47.121812546105794], [28.708967427683866, 47.1218179625094], [28.708964871396866, 47.121820475345494], [28.708962514898815, 47.12181893571164], [28.708961197139775, 47.12181895537717], [28.70895828980428, 47.12182079853726]]]}, "properties": {"vineyard_id": "V01", "tile": "siret3_r021_c012.tif"}}, {"type": "Feature", "geometry": {"type": "Polygon", "coordinates": [[[28.708976671713263, 47.121808150777824], [28.70897562577129, 47.121806366614436], [28.7089729542396, 47.12180528162537], [28.708972925428192, 47.121804382169046], [28.708977393526148, 47.12179981605748], [28.708980365685772, 47.12179999667367], [28.708982414352494, 47.12180221581586], [28.708982471975617, 47.12180401472851], [28.70897990128423, 47.12180607783678], [28.70897820366573, 47.12180452837036], [28.708976885907063, 47.12180454803608], [28.70897628465065, 47.12180635678159], [28.70897798947202, 47.121808131112104], [28.708976671713263, 47.121808150777824]]]}, "properties": {"vineyard_id": "V01", "tile": "siret3_r021_c012.tif"}}, {"type": "Feature", "geometry": {"type": "Polygon", "coordinates": [[[28.708972804871188, 47.12181090814388], [28.708969173831566, 47.121810737360306], [28.70896816390395, 47.12181007751726], [28.70896779124726, 47.12180873324916], [28.708970347533576, 47.12180622041301], [28.708971415083905, 47.121808679168694], [28.708975668988465, 47.12180771579894], [28.708976342273573, 47.12180815569425], [28.708976070456796, 47.121809959523326], [28.708972804871188, 47.12181090814388]]]}, "properties": {"vineyard_id": "V01", "tile": "siret3_r021_c012.tif"}}, {"type": "Feature", "geometry": {"type": "Polygon", "coordinates": [[[28.70898513441073, 47.12179452618904], [28.70898443231414, 47.12179318683745], [28.708986673565168, 47.121791128645555], [28.708988979642243, 47.12179109423034], [28.708989552086404, 47.12178838602844], [28.70899114886377, 47.121786787397554], [28.708996713321465, 47.12178557949708], [28.708996268634813, 47.121781986588246], [28.70900138840495, 47.12177718577874], [28.70900398790603, 47.12177602212634], [28.709006830410647, 47.12177215518842], [28.709009744944826, 47.12177053689121], [28.709009708929838, 47.121769412570806], [28.709011971787916, 47.12176802897068], [28.70901266668183, 47.12176914345802], [28.70901010319627, 47.121771431431014], [28.70901017522627, 47.12177368007181], [28.709005305663982, 47.12177600246032], [28.70900536328782, 47.121777801372964], [28.709004067138757, 47.121778495631226], [28.709006151820528, 47.121781839093394], [28.7090051851109, 47.121782528435155], [28.709002871831245, 47.1217823379866], [28.709000931208905, 47.121783491805985], [28.709000960020752, 47.121784391262324], [28.709002951063933, 47.121784811491494], [28.709001032050395, 47.121786639903114], [28.709000344359442, 47.121785750279784], [28.708998704364657, 47.12178599972631], [28.708998790800116, 47.12178869809528], [28.708996549549674, 47.12179075628742], [28.70899425787849, 47.12179124043093], [28.708993019352413, 47.12179373360172], [28.708990734883994, 47.12179444260926], [28.70898513441073, 47.12179452618904]]]}, "properties": {"vineyard_id": "V01", "tile": "siret3_r021_c012.tif"}}, {"type": "Feature", "geometry": {"type": "Polygon", "coordinates": [[[28.709014592897372, 47.12176753991028], [28.709013869191384, 47.12176552596662], [28.709017721622008, 47.121762318871085], [28.709026566064313, 47.121760612075576], [28.709021833361824, 47.12176720688226], [28.709020852246574, 47.12176744649599], [28.70901951287974, 47.12176679156995], [28.709019140222097, 47.12176544730202], [28.709017485821967, 47.12176524702065], [28.709014592897372, 47.12176753991028]]]}, "properties": {"vineyard_id": "V01", "tile": "siret3_r021_c012.tif"}}, {"type": "Feature", "geometry": {"type": "Polygon", "coordinates": [[[28.70902388012783, 47.12175907735952], [28.709023829706453, 47.12175750331097], [28.70902577753042, 47.12175657435529], [28.70902539046658, 47.12175478035921], [28.709030510231518, 47.12174997954844], [28.70903540139963, 47.12174833175114], [28.70903763544371, 47.12174604869419], [28.70903928984331, 47.12174624897528], [28.709041667949645, 47.121748463199815], [28.70903589651029, 47.12175349870833], [28.709034220501195, 47.12175262383498], [28.709032580507593, 47.121752873281984], [28.7090326453354, 47.121754897058686], [28.709033984702092, 47.12175555198458], [28.709031113387976, 47.121758519466844], [28.70902388012783, 47.12175907735952]]]}, "properties": {"vineyard_id": "V01", "tile": "siret3_r021_c012.tif"}}, {"type": "Feature", "geometry": {"type": "Polygon", "coordinates": [[[28.70908741634336, 47.12170526080529], [28.709086721448763, 47.12170414631839], [28.70908243874138, 47.12170421023587], [28.70908207328592, 47.12170309083221], [28.7090840067003, 47.12170171214743], [28.70908555304918, 47.121698539466756], [28.70908880421926, 47.12169714111494], [28.709092771893733, 47.12169753184213], [28.709093502805025, 47.12169977064935], [28.70909189882997, 47.121701144417564], [28.70908960716353, 47.12170162856293], [28.709090309261473, 47.12170296791388], [28.70908741634336, 47.12170526080529]]]}, "properties": {"vineyard_id": "V01", "tile": "siret3_r021_c012.tif"}}, {"type": "Feature", "geometry": {"type": "Polygon", "coordinates": [[[28.7090389027791, 47.12174445497926], [28.70903853732425, 47.12174333557546], [28.709039790253318, 47.12174129213236], [28.709041071994776, 47.12174014814556], [28.709043041427197, 47.12173989378182], [28.70904299820842, 47.12173854459736], [28.70904428715288, 47.12173762547458], [28.70904820440803, 47.12173644215475], [28.709048139579682, 47.121734418378054], [28.709050710265014, 47.12173235526832], [28.709052686900264, 47.12173232576851], [28.70905295871412, 47.121730521939234], [28.709055507789543, 47.12172778423719], [28.709060098328465, 47.12172704081179], [28.709060069515665, 47.12172614135549], [28.709058071271084, 47.12172549626322], [28.709058035255136, 47.121724371942825], [28.709063470046956, 47.12171911648582], [28.70906640618619, 47.12171817277945], [28.709067423316455, 47.12171905748572], [28.709069063308835, 47.12171880803823], [28.709068919244174, 47.12171431075673], [28.709070831049576, 47.12171225747992], [28.709071797757094, 47.12171156813762], [28.709075443196717, 47.12171218864617], [28.709076710530184, 47.121710594930825], [28.709076917513755, 47.121706767324845], [28.709078557505716, 47.12170651787722], [28.709082109302347, 47.12170421515259], [28.709081837489588, 47.1217060189819], [28.709083828530424, 47.12170643920971], [28.70908486727064, 47.12170799850804], [28.709082246164783, 47.12170848756999], [28.709080642189182, 47.121709861338054], [28.709080069750392, 47.12171256954038], [28.70907774206701, 47.12171192936515], [28.709076796969367, 47.12171329329972], [28.709074161456666, 47.12171333263334], [28.709074949993475, 47.12171737035329], [28.709071111976, 47.121721027178864], [28.709066858080128, 47.12172199055207], [28.709068233462553, 47.12172376979794], [28.70906245482514, 47.12172858044369], [28.709059819311666, 47.12172861977698], [28.70905754205012, 47.121729553649885], [28.7090576212852, 47.121732027154735], [28.709056353950665, 47.12173362086986], [28.70905473556729, 47.1217345449094], [28.709053725640107, 47.12173388506711], [28.70905208564718, 47.1217341345144], [28.70905314599655, 47.12173636840524], [28.709052537540266, 47.121737952287056], [28.709050904750374, 47.121738426598384], [28.709050947969345, 47.12173977578284], [28.709048713926098, 47.12174205884004], [28.709047424981613, 47.12174297796285], [28.7090431134585, 47.12174214242258], [28.709040879414818, 47.12174442547965], [28.7090389027791, 47.12174445497926]]]}, "properties": {"vineyard_id": "V01", "tile": "siret3_r021_c012.tif"}}, {"type": "Feature", "geometry": {"type": "Polygon", "coordinates": [[[28.70909505635662, 47.12169682283262], [28.70909406083634, 47.12169661271883], [28.709094010413008, 47.12169503867032], [28.709095635997848, 47.1216943394943], [28.70909547752439, 47.12168939248469], [28.709097425344616, 47.12168846352783], [28.709097711563462, 47.12168710942663], [28.709100303854697, 47.12168572090803], [28.709102194047784, 47.12168299303851], [28.709104815152198, 47.12168250397611], [28.709105072557325, 47.121680250418606], [28.709107951066574, 47.12167750779861], [28.709110908812917, 47.12167723868337], [28.709111918739705, 47.121677898525164], [28.709107751288677, 47.12168156026871], [28.709107780102222, 47.121682459725], [28.70911013659825, 47.12168399935592], [28.709106204941584, 47.12168473294968], [28.70910624816188, 47.12168608213411], [28.709108231998755, 47.121686277497446], [28.709101164426638, 47.12169200726853], [28.709099274233182, 47.12169473513802], [28.70909505635662, 47.12169682283262]]]}, "properties": {"vineyard_id": "V01", "tile": "siret3_r021_c012.tif"}}, {"type": "Feature", "geometry": {"type": "Polygon", "coordinates": [[[28.709115850395783, 47.121677164931214], [28.70911474682456, 47.12167358185651], [28.709117954771767, 47.12167083431948], [28.709119938608108, 47.12167102968259], [28.709120217622864, 47.12166945071726], [28.709121850410025, 47.121668976404976], [28.7091215858022, 47.121671005098435], [28.70912359124892, 47.121671875053714], [28.70912230951086, 47.12167301904142], [28.70912032567443, 47.12167282367833], [28.709115850395783, 47.121677164931214]]]}, "properties": {"vineyard_id": "V01", "tile": "siret3_r021_c012.tif"}}, {"type": "Feature", "geometry": {"type": "Polygon", "coordinates": [[[28.709121141108323, 47.121667412190135], [28.70912043180667, 47.121665847975315], [28.70912299528248, 47.12166355999994], [28.70912825909936, 47.121663256466356], [28.709127886439777, 47.12166191219878], [28.709125236522773, 47.12166150180541], [28.70912971179937, 47.12165716055219], [28.70913165961783, 47.12165623159475], [28.70913496120858, 47.12165640729017], [28.709135663307023, 47.121657746640864], [28.709131803687487, 47.12166072887616], [28.709131882925817, 47.12166320238093], [28.709128917976898, 47.12166324663265], [28.709126053876414, 47.12166643898128], [28.709121141108323, 47.121667412190135]]]}, "properties": {"vineyard_id": "V01", "tile": "siret3_r021_c012.tif"}}, {"type": "Feature", "geometry": {"type": "Polygon", "coordinates": [[[28.709138892862743, 47.12165567369545], [28.70913689461991, 47.12165502860451], [28.709134831545658, 47.12165235973692], [28.709138991789068, 47.121648473128346], [28.70914131226684, 47.121648888438294], [28.709143582319935, 47.1216477296997], [28.70914453461828, 47.12164659062867], [28.709143810909175, 47.12164457668584], [28.70914640319714, 47.12164318816624], [28.709147312274073, 47.12164069991078], [28.7091546804588, 47.121634065763736], [28.70915700093606, 47.121634481073364], [28.709161033438697, 47.121636895574866], [28.70915302798781, 47.121644214148354], [28.709149425773344, 47.121644942826634], [28.709149834451118, 47.12164741141448], [28.70914823047907, 47.12164878518344], [28.709145602173194, 47.12164904938274], [28.709144714706653, 47.12165221223041], [28.709143110734335, 47.1216535859993], [28.709141112491526, 47.12165294090843], [28.709140847884505, 47.12165496960194], [28.709138892862743, 47.12165567369545]]]}, "properties": {"vineyard_id": "V01", "tile": "siret3_r021_c012.tif"}}, {"type": "Feature", "geometry": {"type": "Polygon", "coordinates": [[[28.70916126202688, 47.12163374256098], [28.709159249377425, 47.12163264774229], [28.709159198952275, 47.121631073693806], [28.709161461800623, 47.12162969009081], [28.70916139696822, 47.12162766631419], [28.70916491273798, 47.12162423926674], [28.709167591467903, 47.121625549115485], [28.709166790446506, 47.12163141033213], [28.709165193678995, 47.12163300896538], [28.70916126202688, 47.12163374256098]]]}, "properties": {"vineyard_id": "V01", "tile": "siret3_r021_c012.tif"}}, {"type": "Feature", "geometry": {"type": "Polygon", "coordinates": [[[28.708706603954912, 47.12202027954433], [28.70870525018184, 47.12201917488646], [28.708702299616014, 47.1220196688556], [28.7087009530448, 47.122018789061784], [28.70870321592146, 47.12201740546758], [28.70870350215187, 47.12201605136727], [28.70870701797634, 47.1220126243334], [28.708709295256163, 47.12201169046728], [28.708710627423724, 47.12201212053278], [28.70871066343271, 47.12201324485331], [28.70870905943845, 47.122014618616326], [28.708710141384838, 47.12201752710268], [28.708709525713545, 47.12201888611867], [28.708706603954912, 47.12202027954433]]]}, "properties": {"vineyard_id": "V01", "tile": "siret3_r021_c012.tif"}}, {"type": "Feature", "geometry": {"type": "Polygon", "coordinates": [[[28.708715518625905, 47.12201047274878], [28.708712238619675, 47.122010971633856], [28.70871086324134, 47.12200919238372], [28.7087185393662, 47.122001878755825], [28.708722399033377, 47.12199889653399], [28.708726975196807, 47.12199770339343], [28.70872792030832, 47.121996339461624], [28.708731185909734, 47.1219953908479], [28.708732525278943, 47.12199604577726], [28.708732554086485, 47.12199694523367], [28.70872898785158, 47.12199879821959], [28.708728386584713, 47.12200060696389], [28.70872606609455, 47.122000191645746], [28.70872315153921, 47.12200180993593], [28.708722944529686, 47.12200563754141], [28.708720688855884, 47.12200724600012], [28.708716764371612, 47.12200820444496], [28.708715518625905, 47.12201047274878]]]}, "properties": {"vineyard_id": "V01", "tile": "siret3_r021_c012.tif"}}, {"type": "Feature", "geometry": {"type": "Polygon", "coordinates": [[[28.708737852101592, 47.12198741737362], [28.708737142806594, 47.1219858531564], [28.708741331912385, 47.121982866018215], [28.708740944856235, 47.12198107202114], [28.708744496685682, 47.121978769306665], [28.708745097951773, 47.1219769605623], [28.708745742429443, 47.12197650100255], [28.708749387883756, 47.121977121521255], [28.70875160754562, 47.12197438874151], [28.708754243071656, 47.121974349415126], [28.70875496677094, 47.12197636336045], [28.708754021660468, 47.12197772729246], [28.70875113591505, 47.12198024503975], [28.708748170947924, 47.12198028928184], [28.70874756247996, 47.12198187316213], [28.708745278000155, 47.12198258216488], [28.708744068265897, 47.121985974789524], [28.708742134832473, 47.12198735346875], [28.708737852101592, 47.12198741737362]]]}, "properties": {"vineyard_id": "V01", "tile": "siret3_r021_c012.tif"}}, {"type": "Feature", "geometry": {"type": "Polygon", "coordinates": [[[28.708755789447725, 47.1219711767387], [28.70875245903056, 47.121970101576174], [28.708758230519933, 47.12196506608148], [28.708759548282718, 47.121965046418225], [28.708760279184062, 47.121967285227605], [28.708762277434325, 47.121967930325], [28.708762979527798, 47.12196926967797], [28.708761690572924, 47.121970188797654], [28.708755789447725, 47.1219711767387]]]}, "properties": {"vineyard_id": "V01", "tile": "siret3_r021_c012.tif"}}, {"type": "Feature", "geometry": {"type": "Polygon", "coordinates": [[[28.70876319373639, 47.12196566693651], [28.708761496118893, 47.12196411746691], [28.708761424098896, 47.1219618688259], [28.708766858943875, 47.121956613382494], [28.708768169504413, 47.12195636885504], [28.70876954488324, 47.12195814810449], [28.708768241524684, 47.12195861749605], [28.708768291938874, 47.12196019154476], [28.708765699625655, 47.12196158005605], [28.708766122692577, 47.121964498373536], [28.70876319373639, 47.12196566693651]]]}, "properties": {"vineyard_id": "V01", "tile": "siret3_r021_c012.tif"}}, {"type": "Feature", "geometry": {"type": "Polygon", "coordinates": [[[28.70877562420416, 47.12195243310079], [28.708774277633495, 47.12195155330784], [28.70877550176921, 47.12194861041109], [28.708777743034766, 47.12194655222315], [28.708780686393744, 47.12194583338802], [28.70878125884995, 47.121943125187066], [28.708786385856865, 47.12193854925094], [28.708788384106345, 47.12193919434788], [28.708789086200063, 47.12194053370068], [28.70879369836761, 47.121940464878016], [28.70878695296673, 47.12194596485033], [28.7087860222618, 47.121947778510794], [28.708783723379796, 47.121948037786105], [28.708782499244546, 47.121950980682925], [28.708779856517626, 47.121950795145835], [28.70877562420416, 47.12195243310079]]]}, "properties": {"vineyard_id": "V01", "tile": "siret3_r021_c012.tif"}}, {"type": "Feature", "geometry": {"type": "Polygon", "coordinates": [[[28.708803923569214, 47.121930413548085], [28.70879960483228, 47.121929353134725], [28.708800542738594, 47.12192776433825], [28.708799819038312, 47.12192575039322], [28.70880539791936, 47.121924992230014], [28.708805633731508, 47.1219220640808], [28.708812580789182, 47.12192286030216], [28.7088087355369, 47.121926292255125], [28.708807095536837, 47.121926541698976], [28.708805541962874, 47.12192948951198], [28.708803923569214, 47.121930413548085]]]}, "properties": {"vineyard_id": "V01", "tile": "siret3_r021_c012.tif"}}, {"type": "Feature", "geometry": {"type": "Polygon", "coordinates": [[[28.708813189254585, 47.12192127642156], [28.708811169398896, 47.12191995673275], [28.70881308122149, 47.12191790346009], [28.70881364647358, 47.1219149703949], [28.708815587104763, 47.1219138165786], [28.70881517844005, 47.12191134798949], [28.708819095713153, 47.12191016467729], [28.708822003058337, 47.12190832152064], [28.708823650260012, 47.12190829694067], [28.708825562081717, 47.12190624366784], [28.708827868163965, 47.12190620925581], [28.708829128307084, 47.121904390679006], [28.708831434389253, 47.1219043562669], [28.708832050056177, 47.1219029972503], [28.708830996914777, 47.12190098822149], [28.708835301245404, 47.121901598905495], [28.70882186087626, 47.121914172903146], [28.708818244234404, 47.12191445184308], [28.70881598136509, 47.12191583543949], [28.70881345387513, 47.121919247728705], [28.708813189254585, 47.12192127642156]]]}, "properties": {"vineyard_id": "V01", "tile": "siret3_r021_c012.tif"}}, {"type": "Feature", "geometry": {"type": "Polygon", "coordinates": [[[28.708848741608243, 47.121889024906324], [28.708844244682556, 47.12189269155667], [28.708845519229477, 47.12189132270788], [28.708844444480828, 47.1218886390869], [28.708845403992118, 47.12188772488236], [28.708848361751603, 47.12188745577373], [28.708847287002897, 47.12188477215279], [28.708849549870088, 47.121883388555766], [28.70884910519233, 47.12187979564632], [28.70885008631044, 47.121879556034024], [28.70885211336788, 47.12188110058626], [28.708850187143376, 47.121882704131345], [28.70885056700003, 47.12188427326394], [28.70885254364112, 47.12188424376749], [28.708854484270347, 47.12188308995056], [28.708854777698658, 47.121881960714], [28.708857699445847, 47.12188056728466], [28.708850660630656, 47.12188719649716], [28.708848691191804, 47.12188745085766], [28.708848741608243, 47.121889024906324]]]}, "properties": {"vineyard_id": "V01", "tile": "siret3_r021_c012.tif"}}, {"type": "Feature", "geometry": {"type": "Polygon", "coordinates": [[[28.708883777214457, 47.121850931830224], [28.708883053512164, 47.12184891788572], [28.708884950924514, 47.121846414883734], [28.708889541476164, 47.12184567146504], [28.708891446090604, 47.12184339332704], [28.70889507713227, 47.12184356411304], [28.70889577922733, 47.12184490346519], [28.708891582938442, 47.12184766574477], [28.708891618951036, 47.121848790065215], [28.70888937769394, 47.12185084825532], [28.70888827413394, 47.121847265178396], [28.708886634136707, 47.12184751462334], [28.70888668455419, 47.121849088671986], [28.708885094974335, 47.12185091216556], [28.708883777214457, 47.121850931830224]]]}, "properties": {"vineyard_id": "V01", "tile": "siret3_r021_c012.tif"}}, {"type": "Feature", "geometry": {"type": "Polygon", "coordinates": [[[28.70889597181907, 47.12184062613127], [28.70889461084428, 47.12183929661151], [28.708897782800012, 47.12183542475999], [28.708900690138424, 47.1218335816014], [28.708904621809026, 47.12183284801454], [28.70890319601115, 47.12182949471807], [28.70890646159918, 47.12182854609949], [28.708908058380235, 47.121826947469714], [28.70890941215245, 47.12182805212523], [28.708914661581797, 47.12182729887308], [28.708909856833735, 47.12183164503442], [28.708908846906432, 47.121830985190854], [28.70890655523269, 47.121831469332655], [28.708907264530446, 47.12183303354883], [28.708904006144724, 47.121834207031526], [28.708903727122824, 47.12183578599637], [28.708901793698935, 47.12183716467822], [28.708901822509176, 47.12183806413457], [28.708902818031397, 47.121838274250024], [28.7089015074744, 47.121838518778965], [28.708901221249853, 47.12183987287973], [28.70889923020537, 47.1218394526488], [28.708897948458496, 47.121840596634065], [28.70889597181907, 47.12184062613127]]]}, "properties": {"vineyard_id": "V01", "tile": "siret3_r021_c012.tif"}}, {"type": "Feature", "geometry": {"type": "Polygon", "coordinates": [[[28.708912276274454, 47.121824859781825], [28.708909611945668, 47.121823999655376], [28.708909898169928, 47.121822645554616], [28.70891314935221, 47.12182124720766], [28.70891277669682, 47.121819902939365], [28.70891921423709, 47.12181508246843], [28.708919500461064, 47.121813728367634], [28.708923338495563, 47.121810071546996], [28.708927226948155, 47.12180798877485], [28.708927176529546, 47.12180641472622], [28.70892845827498, 47.121805270740644], [28.70893076435274, 47.1218052363266], [28.708931336799996, 47.12180252812495], [28.708932618545244, 47.12180138413932], [28.708933306235288, 47.12180227376307], [28.7089349462309, 47.12180202431747], [28.70893549706984, 47.12179864152354], [28.708940409853557, 47.12179766832247], [28.708943461242935, 47.121800322444564], [28.708938019228373, 47.12180535303198], [28.708936056995693, 47.121805832258026], [28.708935763569485, 47.12180696149478], [28.70893444581072, 47.12180698116], [28.70893275539618, 47.12180565655699], [28.70893078596076, 47.12180591091887], [28.70892896057864, 47.12181066256247], [28.708925745410685, 47.121813185230295], [28.70892312429813, 47.121813674288674], [28.708922580660925, 47.12181728194664], [28.708919014444618, 47.1218191349383], [28.708917432069367, 47.1218211832964], [28.70891746087985, 47.12182208275274], [28.70891779752226, 47.12182230270058], [28.708919115281407, 47.12182228303554], [28.708919459126456, 47.121822727847466], [28.70891881465213, 47.121823187408154], [28.708917482487717, 47.12182275734501], [28.708917117034826, 47.12182163794083], [28.708915799275687, 47.12182165760586], [28.70891391627087, 47.12182461033651], [28.708912276274454, 47.121824859781825]]]}, "properties": {"vineyard_id": "V01", "tile": "siret3_r021_c012.tif"}}, {"type": "Feature", "geometry": {"type": "Polygon", "coordinates": [[[28.708944076905862, 47.12179896342739], [28.70894297334338, 47.12179538035099], [28.708941268523578, 47.12179360601992], [28.708943531384477, 47.12179222242112], [28.70894453410872, 47.12179265740029], [28.708944928372887, 47.12179467626074], [28.708946582773684, 47.12179487654314], [28.708947542281557, 47.121793962337776], [28.708947463051413, 47.12179148883282], [28.708948759201547, 47.12179079457519], [28.708950428007736, 47.12179144458571], [28.708950800663857, 47.121792788853874], [28.708944076905862, 47.12179896342739]]]}, "properties": {"vineyard_id": "V01", "tile": "siret3_r021_c012.tif"}}, {"type": "Feature", "geometry": {"type": "Polygon", "coordinates": [[[28.708957209386302, 47.12178706892452], [28.708956507290516, 47.12178572957274], [28.708954179605325, 47.12178508939505], [28.708952138143193, 47.1217830951164], [28.70895502386858, 47.121780577364234], [28.708957974418727, 47.12178008338875], [28.708961167974795, 47.1217768861278], [28.708964111321865, 47.12177616728808], [28.70896501320663, 47.1217734541699], [28.708968988088838, 47.121774069765394], [28.70896969738761, 47.121775633981194], [28.70896585215592, 47.12177906593924], [28.708962249929673, 47.12177979461177], [28.70896201412654, 47.12178272276126], [28.708957209386302, 47.12178706892452]]]}, "properties": {"vineyard_id": "V01", "tile": "siret3_r021_c012.tif"}}, {"type": "Feature", "geometry": {"type": "Polygon", "coordinates": [[[28.70898086762591, 47.121764218702275], [28.70897984329331, 47.12176310913115], [28.708976527290623, 47.12176248370318], [28.70897647687064, 47.1217609096546], [28.708978417492713, 47.12175975583561], [28.70897965601873, 47.121757262664964], [28.708983616494116, 47.12175742853181], [28.708986646274564, 47.121759408060534], [28.70898345992394, 47.12176283018626], [28.70898086762591, 47.121764218702275]]]}, "properties": {"vineyard_id": "V01", "tile": "siret3_r021_c012.tif"}}, {"type": "Feature", "geometry": {"type": "Polygon", "coordinates": [[[28.708996219729862, 47.121749591411024], [28.708995825464136, 47.12174757255075], [28.70899770125885, 47.12174439495472], [28.709002943475667, 47.12174341683455], [28.709004131579416, 47.121739349615076], [28.70900642324829, 47.12173886547139], [28.70900618024472, 47.12174156875688], [28.708997859723542, 47.121749341964524], [28.708996219729862, 47.121749591411024]]]}, "properties": {"vineyard_id": "V01", "tile": "siret3_r021_c012.tif"}}, {"type": "Feature", "geometry": {"type": "Polygon", "coordinates": [[[28.70901097057093, 47.121736772863464], [28.70901086252603, 47.12173339990224], [28.709007883167068, 47.121732994422715], [28.709007847152172, 47.12173187010231], [28.70901039622999, 47.121729132401214], [28.709016261308385, 47.12172702012702], [28.709016138857162, 47.121723197437625], [28.70901966904856, 47.12172022012265], [28.709020700584166, 47.12172155455751], [28.70902268442208, 47.12172174992229], [28.70902370875475, 47.12172285949302], [28.709023458549066, 47.12172533791447], [28.70902058003291, 47.12172808053239], [28.7090186106008, 47.12172833489573], [28.709018338785796, 47.121730138724914], [28.709015460269118, 47.12173288134272], [28.70901414971525, 47.121733125872915], [28.70901097057093, 47.121736772863464]]]}, "properties": {"vineyard_id": "V01", "tile": "siret3_r021_c012.tif"}}, {"type": "Feature", "geometry": {"type": "Polygon", "coordinates": [[[28.70904168194147, 47.12170774313525], [28.709038996007266, 47.12170620841952], [28.70903736321821, 47.12170668273065], [28.709036023852722, 47.12170602780478], [28.70903700496677, 47.12170578819093], [28.70903629566703, 47.121704223975556], [28.70904110759657, 47.12170010267318], [28.7090430698244, 47.12169962344537], [28.70904508967722, 47.12170094313017], [28.709045168911636, 47.12170341663504], [28.70904168194147, 47.12170774313525]]]}, "properties": {"vineyard_id": "V01", "tile": "siret3_r021_c012.tif"}}, {"type": "Feature", "geometry": {"type": "Polygon", "coordinates": [[[28.709028571108362, 47.12172031223972], [28.709024259587366, 47.12171947669871], [28.709022547564352, 47.12171747750475], [28.709025096640747, 47.12171473980334], [28.709027373902252, 47.12171380593109], [28.70902733788697, 47.12171268161069], [28.709033417152646, 47.12170696659379], [28.709035694413668, 47.12170603272137], [28.709037370421306, 47.121706907594735], [28.70903709140393, 47.121708486559875], [28.70903914006937, 47.1217107057011], [28.709034657577842, 47.121714822086815], [28.70903172143821, 47.12171576579237], [28.70903145682677, 47.121717794485676], [28.709028571108362, 47.12172031223972]]]}, "properties": {"vineyard_id": "V01", "tile": "siret3_r021_c012.tif"}}, {"type": "Feature", "geometry": {"type": "Polygon", "coordinates": [[[28.709048348051663, 47.12169976964357], [28.709045998759816, 47.121698454875464], [28.709044616175678, 47.12169645076521], [28.70904813916058, 47.1216932485853], [28.709052092428198, 47.12169318958575], [28.709053489418846, 47.121695643424076], [28.709049600979377, 47.12169772620037], [28.709049629791963, 47.12169862565668], [28.709051613629125, 47.12169882102096], [28.709051298596428, 47.12169927566576], [28.709048348051663, 47.12169976964357]]]}, "properties": {"vineyard_id": "V01", "tile": "siret3_r021_c012.tif"}}, {"type": "Feature", "geometry": {"type": "Polygon", "coordinates": [[[28.709057026809518, 47.12169289097205], [28.709054340875642, 47.12169135625667], [28.709050380405017, 47.121691190392205], [28.709052027599796, 47.12169116580904], [28.709053617169275, 47.12168934231324], [28.709060492167925, 47.121687889879155], [28.709060742371754, 47.12168541145765], [28.70906372893162, 47.1216860417999], [28.709063779354047, 47.12168761584845], [28.709057026809518, 47.12169289097205]]]}, "properties": {"vineyard_id": "V01", "tile": "siret3_r021_c012.tif"}}, {"type": "Feature", "geometry": {"type": "Polygon", "coordinates": [[[28.70907585143161, 47.12167348744167], [28.709074834302097, 47.12167260273546], [28.7090715327105, 47.12167242703833], [28.709071496694328, 47.12167130271794], [28.709074375204857, 47.12166856009879], [28.709076007992408, 47.12166808578714], [28.709078242031467, 47.12166580272944], [28.70908777414655, 47.121664985552286], [28.7090819522975, 47.1216684470145], [28.709080634542257, 47.12166846668138], [28.70907870112897, 47.121669845366114], [28.709078143096974, 47.121673003296586], [28.70907585143161, 47.12167348744167]]]}, "properties": {"vineyard_id": "V01", "tile": "siret3_r021_c012.tif"}}, {"type": "Feature", "geometry": {"type": "Polygon", "coordinates": [[[28.709085066603375, 47.12166277624539], [28.709082695702456, 47.12166078688578], [28.709089734459322, 47.12165415765952], [28.709091338433048, 47.12165278389135], [28.709093336675277, 47.1216534289831], [28.709095950574998, 47.12165271505685], [28.709095986591656, 47.121653839377224], [28.709093694927276, 47.121654323522655], [28.709093738147203, 47.12165567270709], [28.70909575799956, 47.12165699239102], [28.709094497871227, 47.12165881097064], [28.709093531164942, 47.121659500313115], [28.70909154732912, 47.12165930494953], [28.709090279997273, 47.121660898665034], [28.709086978406354, 47.12166072296833], [28.709085066603375, 47.12166277624539]]]}, "properties": {"vineyard_id": "V01", "tile": "siret3_r021_c012.tif"}}, {"type": "Feature", "geometry": {"type": "Polygon", "coordinates": [[[28.709100017177793, 47.12164590521668], [28.709101277305653, 47.121644086637005], [28.70910292449893, 47.12164406205313], [28.709105824616497, 47.12164199402544], [28.709105122519013, 47.12164065467456], [28.709107063133942, 47.12163950085347], [28.709107334945564, 47.12163769702409], [28.709111288208945, 47.121637638022555], [28.7091115744272, 47.1216362839213], [28.709114832796224, 47.121635110432884], [28.70911479677919, 47.12163398611251], [28.70911281294425, 47.12163379074929], [28.709112454692075, 47.121632896209796], [28.709123689701368, 47.121623504694135], [28.70912589492275, 47.12162032217924], [28.709127527708358, 47.121619847866874], [28.709127813926123, 47.12161849376561], [28.709131322494002, 47.12161484185508], [28.70913296968635, 47.121614817270796], [28.70913205340568, 47.121617080662084], [28.709127828333035, 47.12161894349376], [28.709127864350318, 47.12162006781411], [28.709130550282616, 47.12162160252782], [28.709128917496976, 47.12162207684021], [28.709127005696974, 47.121624130117944], [28.709127048917697, 47.12162547930238], [28.709128381078767, 47.12162590936313], [28.70912544494571, 47.12162685307103], [28.70912485089963, 47.12162888668135], [28.709120919247223, 47.12162962027558], [28.709122001207565, 47.12163252875803], [28.70912038282837, 47.121633452798456], [28.70912041884552, 47.12163457711882], [28.709118492637902, 47.12163618066827], [28.70911717488348, 47.121636200335544], [28.709116552023346, 47.12163733448955], [28.70911424595306, 47.12163736890723], [28.70911332967123, 47.12163963229839], [28.709108710327072, 47.12163947626952], [28.709109075782607, 47.1216405956731], [28.709112735624558, 47.12164166590866], [28.709110494384593, 47.12164372410293], [28.709107572656983, 47.121645117538534], [28.709103941628346, 47.12164494675909], [28.709100017177793, 47.12164590521668]]]}, "properties": {"vineyard_id": "V01", "tile": "siret3_r021_c012.tif"}}, {"type": "Feature", "geometry": {"type": "Polygon", "coordinates": [[[28.70869140814434, 47.12198833534968], [28.7086907132541, 47.12198722086036], [28.708692295642894, 47.12198517250527], [28.708693899636728, 47.12198379874249], [28.70869750188057, 47.12198307007821], [28.70869876923166, 47.1219814763669], [28.708700724271257, 47.12198077228071], [28.708702564082717, 47.121976470368764], [28.70870613031709, 47.121974617383664], [28.708705736060416, 47.121972598522355], [28.708708006136792, 47.12197143979216], [28.70871053363594, 47.12196802750519], [28.70871184419704, 47.12196778297839], [28.708712661517982, 47.1219727201574], [28.70871433032714, 47.1219733701713], [28.70871240409518, 47.121974973714124], [28.708707784722687, 47.12197481766945], [28.70870522121422, 47.12197710563583], [28.70870493498403, 47.121978459736134], [28.708703638826158, 47.12197915399109], [28.708705372451327, 47.12198182778209], [28.70870377565961, 47.12198342640914], [28.708702121253765, 47.1219832261233], [28.70870054606715, 47.121985499342614], [28.708695941097226, 47.12198579302568], [28.70869140814434, 47.12198833534968]]]}, "properties": {"vineyard_id": "V01", "tile": "siret3_r021_c012.tif"}}, {"type": "Feature", "geometry": {"type": "Polygon", "coordinates": [[[28.70871281091382, 47.12196709363902], [28.70871373441977, 47.12196505511501], [28.708722055015702, 47.12195728192731], [28.7087246689354, 47.12195656800932], [28.708724740953834, 47.12195881665038], [28.708722134235856, 47.1219597554325], [28.70872250688753, 47.12196109970142], [28.708720573454425, 47.1219624783803], [28.708720960509744, 47.12196427237744], [28.70871737267113, 47.12196545077066], [28.70871707203768, 47.12196635514277], [28.70871281091382, 47.12196709363902]]]}, "properties": {"vineyard_id": "V01", "tile": "siret3_r021_c012.tif"}}, {"type": "Feature", "geometry": {"type": "Polygon", "coordinates": [[[28.708726638377446, 47.12195631365092], [28.70872531341301, 47.12195610844967], [28.70872493355946, 47.12195453931665], [28.708733898629546, 47.121946306568475], [28.7087313711329, 47.121949718855944], [28.708732796923456, 47.12195307215459], [28.70872854300274, 47.12195403551552], [28.708726638377446, 47.12195631365092]]]}, "properties": {"vineyard_id": "V01", "tile": "siret3_r021_c012.tif"}}, {"type": "Feature", "geometry": {"type": "Polygon", "coordinates": [[[28.70876451129404, 47.12192447747921], [28.708762842485825, 47.12192382746602], [28.708759891925823, 47.121924321436595], [28.708758215915697, 47.12192344655923], [28.708763972995595, 47.121917961336074], [28.70876627907842, 47.12191792692527], [28.708767173773477, 47.12191498894444], [28.708769422240007, 47.12191315562077], [28.70877338992856, 47.121913546358826], [28.708774750902315, 47.12191487588004], [28.708773490757086, 47.12191669445627], [28.708770912850152, 47.12191853269586], [28.708766315088464, 47.12191905124579], [28.708767118009536, 47.12192353869618], [28.70876451129404, 47.12192447747921]]]}, "properties": {"vineyard_id": "V01", "tile": "siret3_r021_c012.tif"}}, {"type": "Feature", "geometry": {"type": "Polygon", "coordinates": [[[28.708756212315276, 47.12193292526221], [28.70875320413905, 47.121931620319764], [28.70874989533025, 47.12193121974946], [28.70875181435758, 47.1219293913419], [28.70875508715645, 47.121928667591646], [28.70875469289832, 47.12192664873052], [28.708758223117673, 47.12192367142333], [28.70876022856825, 47.12192454138488], [28.708758280733488, 47.121925470336166], [28.70875830954139, 47.121926369792575], [28.708761281707492, 47.12192655041437], [28.70876329436023, 47.12192764523997], [28.708759456306367, 47.12193130205541], [28.708756212315276, 47.12193292526221]]]}, "properties": {"vineyard_id": "V01", "tile": "siret3_r021_c012.tif"}}, {"type": "Feature", "geometry": {"type": "Polygon", "coordinates": [[[28.70878057279819, 47.12191141443297], [28.708780536787856, 47.12191029011248], [28.708777872456796, 47.121909429983], [28.708781116445802, 47.1219078067756], [28.708781710507846, 47.121905773166944], [28.708780012891772, 47.1219042236976], [28.7087786951305, 47.121904243361065], [28.708779332404962, 47.12190355893702], [28.708780349534155, 47.121904443645825], [28.7087836223311, 47.12190371989479], [28.708786301066134, 47.12190502975232], [28.70878632987449, 47.12190592920873], [28.70878057279819, 47.12191141443297]]]}, "properties": {"vineyard_id": "V01", "tile": "siret3_r021_c012.tif"}}, {"type": "Feature", "geometry": {"type": "Polygon", "coordinates": [[[28.708793354295956, 47.12189885027187], [28.708791327239503, 47.12189730571859], [28.708791899694717, 47.12189459751758], [28.708797750395814, 47.12189203552607], [28.708798666695145, 47.121889772137315], [28.70880097277671, 47.12188973772584], [28.708803557883396, 47.121888124349695], [28.70880425277462, 47.12188923883832], [28.708793354295956, 47.12189885027187]]]}, "properties": {"vineyard_id": "V01", "tile": "siret3_r021_c012.tif"}}, {"type": "Feature", "geometry": {"type": "Polygon", "coordinates": [[[28.70880649403663, 47.121887180649836], [28.70880407992278, 47.12188384209991], [28.70880629957806, 47.12188110931915], [28.708808920695056, 47.12188062026339], [28.70881094775137, 47.121882164816355], [28.70880649403663, 47.121887180649836]]]}, "properties": {"vineyard_id": "V01", "tile": "siret3_r021_c012.tif"}}, {"type": "Feature", "geometry": {"type": "Polygon", "coordinates": [[[28.708821509581146, 47.121872333433075], [28.708821430356625, 47.12186985992799], [28.70882589847304, 47.121865293822154], [28.70882349876349, 47.12186240500083], [28.708825410583596, 47.121860351727996], [28.708826398903714, 47.12186033698], [28.70882811092419, 47.121862336176875], [28.708832715882608, 47.121862042488615], [28.708821509581146, 47.121872333433075]]]}, "properties": {"vineyard_id": "V01", "tile": "siret3_r021_c012.tif"}}, {"type": "Feature", "geometry": {"type": "Polygon", "coordinates": [[[28.708835923855624, 47.121859294959236], [28.708835207357293, 47.12185750587851], [28.708837470223664, 47.12185612228175], [28.708837434212203, 47.121854997961265], [28.70883345932533, 47.12185438236126], [28.708834067789386, 47.121852798480546], [28.708839302817722, 47.12185159550361], [28.70884023351924, 47.12184978184272], [28.708839180378643, 47.12184777281398], [28.708844701632383, 47.12184521573618], [28.70884429296694, 47.12184274714716], [28.70885083134903, 47.12184107477732], [28.708853144630783, 47.12184126522893], [28.70885353168955, 47.121843059225625], [28.708847452389232, 47.121848774233285], [28.708842532396716, 47.12184952256634], [28.708843292109076, 47.12185266083161], [28.708835923855624, 47.121859294959236]]]}, "properties": {"vineyard_id": "V01", "tile": "siret3_r021_c012.tif"}}, {"type": "Feature", "geometry": {"type": "Polygon", "coordinates": [[[28.70885640301809, 47.121840091747664], [28.708855407496003, 47.1218398816318], [28.70885469819966, 47.1218383174153], [28.70885594393559, 47.121836049110016], [28.708859524560012, 47.121834645848494], [28.70885948134573, 47.12183329666392], [28.708857483099422, 47.121832651568155], [28.708858098764903, 47.12183129255142], [28.70886137875865, 47.1218307936623], [28.70886164337701, 47.12182876496935], [28.708864622740336, 47.12182917045263], [28.708865589452643, 47.12182848111201], [28.70886451470434, 47.121825797491205], [28.708867143020473, 47.12182553329822], [28.708868073720613, 47.12182371963713], [28.70886803770854, 47.12182259531666], [28.70886669113972, 47.12182171552473], [28.708869598478493, 47.12181987236693], [28.70886956966882, 47.12181897291056], [28.70887447525324, 47.121817774848175], [28.708874417633726, 47.12181597593542], [28.70887340770716, 47.121815316091535], [28.708875011691273, 47.12181394232631], [28.708877998256316, 47.12181457267334], [28.70888028272715, 47.12181386366803], [28.7088802539173, 47.12181296421166], [28.708877567982253, 47.12181142949217], [28.708879515810786, 47.12181050053892], [28.708882694968437, 47.1218068535519], [28.708886792294578, 47.12181129183982], [28.70888515229844, 47.12181154128474], [28.708883290899674, 47.121815168607185], [28.70887721160568, 47.12182088361639], [28.708874590492275, 47.12182137267369], [28.708873051329846, 47.121824770215746], [28.708870795668147, 47.121826378677305], [28.708867494067523, 47.1218262029744], [28.70886752287717, 47.12182710243077], [28.708869528325806, 47.12182797239045], [28.70885640301809, 47.121840091747664]]]}, "properties": {"vineyard_id": "V01", "tile": "siret3_r021_c012.tif"}}, {"type": "Feature", "geometry": {"type": "Polygon", "coordinates": [[[28.708890272081476, 47.121806740480054], [28.70888757174148, 47.12180475603262], [28.70888364727516, 47.12180571448295], [28.708887814751257, 47.12180205274732], [28.70889110194543, 47.12180177872147], [28.708894489974828, 47.121804652792825], [28.708890272081476, 47.121806740480054]]]}, "properties": {"vineyard_id": "V01", "tile": "siret3_r021_c012.tif"}}, {"type": "Feature", "geometry": {"type": "Polygon", "coordinates": [[[28.708897325286394, 47.121800560993414], [28.70889299215326, 47.12179905085526], [28.708892927330655, 47.121797027078415], [28.70889612809418, 47.12179405468332], [28.708897789697325, 47.12179447983052], [28.708896565571692, 47.12179742272851], [28.708900554860058, 47.12179848805456], [28.708897325286394, 47.121800560993414]]]}, "properties": {"vineyard_id": "V01", "tile": "siret3_r021_c012.tif"}}, {"type": "Feature", "geometry": {"type": "Polygon", "coordinates": [[[28.708903762825795, 47.12179574052334], [28.708902738494153, 47.12179463095153], [28.708903325347848, 47.12179237247818], [28.70890197877923, 47.12179149268667], [28.70890158451671, 47.12178947382605], [28.708906374856628, 47.121784677936866], [28.708910320928723, 47.12178439407804], [28.708911059036268, 47.12178685775058], [28.70891240560491, 47.12178773754197], [28.708911131062123, 47.12178910639148], [28.7089049293305, 47.12179099871255], [28.70890495814075, 47.12179189816892], [28.708906970791205, 47.12179299299204], [28.708903762825795, 47.12179574052334]]]}, "properties": {"vineyard_id": "V01", "tile": "siret3_r021_c012.tif"}}, {"type": "Feature", "geometry": {"type": "Polygon", "coordinates": [[[28.708912956445158, 47.12178435474813], [28.70891095820008, 47.12178370965329], [28.708911487432626, 47.12177965226718], [28.708914430780556, 47.121778933428736], [28.708914050922864, 47.12177736429635], [28.708915010430996, 47.12177645009123], [28.708917309304915, 47.1217761908134], [28.70891758832615, 47.121774611848515], [28.70892111852645, 47.12177163453647], [28.708922150060637, 47.121772968972216], [28.708920567686828, 47.121775017330364], [28.708921019570944, 47.12177883510364], [28.708919716218112, 47.12177930449687], [28.70891976663645, 47.12178087854549], [28.70891655867242, 47.121783626077146], [28.708912956445158, 47.12178435474813]]]}, "properties": {"vineyard_id": "V01", "tile": "siret3_r021_c012.tif"}}, {"type": "Feature", "geometry": {"type": "Polygon", "coordinates": [[[28.708932562475926, 47.12176876409758], [28.70893122311011, 47.12176810917049], [28.70893147332023, 47.12176563074921], [28.708927813473178, 47.12176456050794], [28.70893107185415, 47.121763387024615], [28.70893203136174, 47.12176247281938], [28.70893196653773, 47.12176044904256], [28.70893804581907, 47.121754734030574], [28.708940323083837, 47.121753800160015], [28.708939743434797, 47.121756283497625], [28.708943367267924, 47.12175622941808], [28.70894308104483, 47.121757583518935], [28.708941198043693, 47.12176053625004], [28.70893793966313, 47.12176170973365], [28.708938648960817, 47.12176327394963], [28.708932562475926, 47.12176876409758]]]}, "properties": {"vineyard_id": "V01", "tile": "siret3_r021_c012.tif"}}, {"type": "Feature", "geometry": {"type": "Polygon", "coordinates": [[[28.70892507900277, 47.12177180040533], [28.70892308075803, 47.1217711553107], [28.70892300873171, 47.12176890666979], [28.708924927747333, 47.12176707825943], [28.708927907107643, 47.12176748374111], [28.70892866682371, 47.12177062200579], [28.708930951291972, 47.121769912999504], [28.708931230312775, 47.121768334034584], [28.7089325696786, 47.12176898896167], [28.70893065066317, 47.121770817372145], [28.70892507900277, 47.12177180040533]]]}, "properties": {"vineyard_id": "V01", "tile": "siret3_r021_c012.tif"}}, {"type": "Feature", "geometry": {"type": "Polygon", "coordinates": [[[28.70894688306012, 47.12175280237711], [28.708946481593504, 47.12175055865256], [28.70894905948633, 47.12174872040914], [28.70894867962786, 47.121747151276864], [28.70895127912868, 47.12174598762567], [28.708950233188826, 47.12174420346201], [28.70895148612132, 47.121742160019814], [28.708954715689362, 47.12174008707948], [28.70895575442652, 47.12174164637902], [28.7089574088257, 47.12174184666129], [28.708960272940317, 47.121738654316744], [28.708959169378105, 47.12173507124045], [28.708963788730276, 47.12173522727525], [28.708966373824577, 47.12173361389555], [28.708967405359125, 47.1217349483309], [28.70896609480497, 47.12173519286054], [28.708965493548902, 47.12173700160602], [28.70896285083209, 47.12173681607301], [28.708962307198206, 47.12174042373116], [28.708958411549098, 47.12174228164036], [28.70895783190101, 47.121744764978054], [28.708953320589323, 47.12174798190434], [28.708952089265015, 47.1217506999388], [28.708949518574943, 47.12175276304638], [28.70894688306012, 47.12175280237711]]]}, "properties": {"vineyard_id": "V01", "tile": "siret3_r021_c012.tif"}}, {"type": "Feature", "geometry": {"type": "Polygon", "coordinates": [[[28.708973318968624, 47.121724061443096], [28.70897389141296, 47.121721353241234], [28.70897748643226, 47.121720399704294], [28.70897644769491, 47.12171884040495], [28.70897836670692, 47.121717011993745], [28.70898033613882, 47.1217167576311], [28.70898028571881, 47.1217151835825], [28.70898316423639, 47.12171244096556], [28.708985090450824, 47.121710837418306], [28.70898643701871, 47.12171171720887], [28.708988084214173, 47.121711692626626], [28.70898835603013, 47.1217098887975], [28.708990303853017, 47.12170895984243], [28.708989923993652, 47.121707390710284], [28.708992230067114, 47.12170735629506], [28.708990955528265, 47.121708725145425], [28.70899232370492, 47.12171027952817], [28.708989473999512, 47.12171392160167], [28.708989524419795, 47.12171549565024], [28.70898728317199, 47.121717553842196], [28.708985643179226, 47.12171780328851], [28.70898472689062, 47.12172006667869], [28.708983709761686, 47.121719181971685], [28.708980744809423, 47.121719226219604], [28.70898021558262, 47.12172328360602], [28.708977257832984, 47.121723552717924], [28.70897688517673, 47.12172220844983], [28.708975230778098, 47.12172200816784], [28.708973318968624, 47.121724061443096]]]}, "properties": {"vineyard_id": "V01", "tile": "siret3_r021_c012.tif"}}, {"type": "Feature", "geometry": {"type": "Polygon", "coordinates": [[[28.708996204944658, 47.12170797188968], [28.708991484754133, 47.12170466775897], [28.7089956450121, 47.12170078115546], [28.70899700598575, 47.121702110674065], [28.70899896101114, 47.12170140658294], [28.70900127428727, 47.12170159703162], [28.70900136792555, 47.1217045202647], [28.7089990762581, 47.121705004408284], [28.708998152767336, 47.12170704293449], [28.708996204944658, 47.12170797188968]]]}, "properties": {"vineyard_id": "V01", "tile": "siret3_r021_c012.tif"}}, {"type": "Feature", "geometry": {"type": "Polygon", "coordinates": [[[28.709017321260916, 47.12168808422512], [28.70901525098827, 47.12168519049124], [28.70901325274575, 47.12168454539813], [28.7090164462929, 47.1216813481357], [28.709022089972354, 47.12168261373903], [28.709020536417086, 47.12168556155482], [28.709017321260916, 47.12168808422512]]]}, "properties": {"vineyard_id": "V01", "tile": "siret3_r021_c012.tif"}}, {"type": "Feature", "geometry": {"type": "Polygon", "coordinates": [[[28.70902304947695, 47.121681699533056], [28.709022361787035, 47.121680809909826], [28.709023972966346, 47.12167966100667], [28.70902424478095, 47.12167785717745], [28.709022583180502, 47.12167743203205], [28.709022203320448, 47.12167586290001], [28.709024781207074, 47.12167402465495], [28.70902488204959, 47.1216771727521], [28.709028169235268, 47.121676898722406], [28.709028856925226, 47.12167778834561], [28.709025026110357, 47.12168167003374], [28.70902304947695, 47.121681699533056]]]}, "properties": {"vineyard_id": "V01", "tile": "siret3_r021_c012.tif"}}, {"type": "Feature", "geometry": {"type": "Polygon", "coordinates": [[[28.70903272375489, 47.12167503097777], [28.709030396073693, 47.12167439080154], [28.709029672368477, 47.12167237685795], [28.709030588654404, 47.12167011346742], [28.709029564322634, 47.12166900389672], [28.709035965818934, 47.12166305909906], [28.709038637344662, 47.12166414408676], [28.709040277335518, 47.12166389463968], [28.70904213151543, 47.12166004245071], [28.70903980383479, 47.121659402274666], [28.70904684259688, 47.121652773050975], [28.709051118097076, 47.121652484270804], [28.70905273647806, 47.12165156023134], [28.70905201997548, 47.121649771151965], [28.709050365578843, 47.12164957087102], [28.70905454743774, 47.12164635885768], [28.709054840860635, 47.12164522962064], [28.709056459241342, 47.12164430558113], [28.70905943859567, 47.121644711059446], [28.709060785163057, 47.12164559084914], [28.709060821178966, 47.12164671516955], [28.709055987646188, 47.121650161880474], [28.709056725758405, 47.12165262555206], [28.70905086789291, 47.12165496269232], [28.70905128376936, 47.12165765614465], [28.70904738092627, 47.121659289192685], [28.70904743855129, 47.121661088105334], [28.70904418017916, 47.12166226159187], [28.70904325669083, 47.12166430011842], [28.7090409578224, 47.12166455939873], [28.709040993837906, 47.12166568371913], [28.709039389862482, 47.12166705748661], [28.709037706652996, 47.12166595774918], [28.709034426671124, 47.121666456643204], [28.709035272828793, 47.12167229327614], [28.709033962276497, 47.12167253780656], [28.70903272375489, 47.12167503097777]]]}, "properties": {"vineyard_id": "V01", "tile": "siret3_r021_c012.tif"}}, {"type": "Feature", "geometry": {"type": "Polygon", "coordinates": [[[28.709060347676704, 47.12164222280462], [28.709059001109413, 47.12164134301491], [28.709062524089894, 47.12163814083459], [28.70906289674765, 47.1216394851024], [28.70906551785032, 47.12163899604092], [28.709064815753884, 47.12163765668978], [28.70906316856077, 47.12163768127311], [28.709065094770125, 47.12163607772457], [28.70906639811817, 47.12163560832974], [28.709070065162177, 47.121636903430755], [28.709069786146074, 47.121638482395994], [28.70906652777582, 47.12163965588315], [28.709066900433687, 47.12164100015094], [28.709065618695117, 47.12164214413803], [28.709063642063217, 47.12164217363802], [28.709062961576347, 47.12164150887912], [28.709060347676704, 47.12164222280462]]]}, "properties": {"vineyard_id": "V01", "tile": "siret3_r021_c012.tif"}}, {"type": "Feature", "geometry": {"type": "Polygon", "coordinates": [[[28.708696333362088, 47.12193629342783], [28.708695652875882, 47.121935628666755], [28.708697586308695, 47.121934249988314], [28.708697550300077, 47.121933125667745], [28.708704589140453, 47.12192649646438], [28.708707847536303, 47.12192532298725], [28.708708263397956, 47.12192801644091], [28.70871031205856, 47.121930235587996], [28.708702097651525, 47.121931033071796], [28.70870224168637, 47.12193553035398], [28.708696333362088, 47.12193629342783]]]}, "properties": {"vineyard_id": "V01", "tile": "siret3_r021_c012.tif"}}, {"type": "Feature", "geometry": {"type": "Polygon", "coordinates": [[[28.708736834603886, 47.12190419307598], [28.708733826429754, 47.121902888132986], [28.70873605329132, 47.121900380217646], [28.708735637428525, 47.1218976867641], [28.70873659694186, 47.12189677256043], [28.708740220784914, 47.12189671848721], [28.70874011275653, 47.121893345525585], [28.70874206779236, 47.121892641438734], [28.708742991295985, 47.121890602914505], [28.708745246964263, 47.121888994455404], [28.70874656472518, 47.12188897479233], [28.7087475962574, 47.12189030922965], [28.70874501114889, 47.12189192260457], [28.708745047158455, 47.12189304692509], [28.70874639372714, 47.12189392671844], [28.708741187500056, 47.12189602914761], [28.70874122350955, 47.12189715346815], [28.708743887839415, 47.121898013598496], [28.708743909445147, 47.12189868819082], [28.708736834603886, 47.12190419307598]]]}, "properties": {"vineyard_id": "V01", "tile": "siret3_r021_c012.tif"}}, {"type": "Feature", "geometry": {"type": "Polygon", "coordinates": [[[28.70876885677805, 47.12187491889149], [28.708766872935225, 47.121874723522396], [28.708766851329226, 47.12187404893007], [28.70876945084023, 47.12187288528288], [28.70876942203219, 47.121871985826466], [28.708765468750745, 47.121872044816435], [28.7087657549789, 47.12187069071598], [28.70876803945367, 47.12186998171286], [28.708767981837642, 47.12186818280003], [28.70877063176244, 47.12186859320156], [28.708771261834574, 47.121867683913464], [28.708774226795402, 47.12186763967085], [28.708775272731945, 47.12186942383614], [28.708773303293352, 47.12186967819533], [28.708772716433383, 47.121871936668065], [28.70876885677805, 47.12187491889149]]]}, "properties": {"vineyard_id": "V01", "tile": "siret3_r021_c012.tif"}}, {"type": "Feature", "geometry": {"type": "Polygon", "coordinates": [[[28.708779110780377, 47.12186576702018], [28.70877776421188, 47.12186488722722], [28.70877448421519, 47.12186538611397], [28.708773416672678, 47.12186292735636], [28.708775020660806, 47.1218615535925], [28.70877926016921, 47.121860140501724], [28.708780190872922, 47.1218583268413], [28.708781179193025, 47.1218583120937], [28.70878063554583, 47.1218619197511], [28.708782956030337, 47.12186233506821], [28.708779110780377, 47.12186576702018]]]}, "properties": {"vineyard_id": "V01", "tile": "siret3_r021_c012.tif"}}, {"type": "Feature", "geometry": {"type": "Polygon", "coordinates": [[[28.708799481934037, 47.12184319085696], [28.708798472007853, 47.121842531012405], [28.70879876543715, 47.12184140177598], [28.708801687183648, 47.12184000834805], [28.708800977888874, 47.1218384441312], [28.708802617886267, 47.12183819468747], [28.70880443607842, 47.121833218181635], [28.70880638390904, 47.121832289229616], [28.708807723274997, 47.121832944158164], [28.70880788172257, 47.12183789116839], [28.708804967178512, 47.12183950946056], [28.708804380320174, 47.12184176793344], [28.708801752002895, 47.12184203212498], [28.708799481934037, 47.12184319085696]]]}, "properties": {"vineyard_id": "V01", "tile": "siret3_r021_c012.tif"}}, {"type": "Feature", "geometry": {"type": "Polygon", "coordinates": [[[28.708796066956076, 47.12184976599098], [28.708795701505522, 47.12184864658637], [28.708791683406986, 47.1218466818003], [28.70879422529925, 47.121843719239756], [28.70879817137641, 47.121843435384726], [28.708798479209975, 47.12184275587651], [28.708799489136165, 47.121843415721045], [28.708798508018475, 47.12184365533291], [28.7087985440291, 47.12184477965342], [28.708799912203812, 47.121846334038445], [28.708796066956076, 47.12184976599098]]]}, "properties": {"vineyard_id": "V01", "tile": "siret3_r021_c012.tif"}}, {"type": "Feature", "geometry": {"type": "Polygon", "coordinates": [[[28.708820076339162, 47.12182758547735], [28.708819674877216, 47.12182534175232], [28.708815113135024, 47.121826984624605], [28.708814711673295, 47.121824740899555], [28.708820862996642, 47.12182127453461], [28.708822832433206, 47.12182102017459], [28.708822796422094, 47.12181989585411], [28.70882045433251, 47.12181880594548], [28.708822036711457, 47.12181675758867], [28.708828245651354, 47.121815090136124], [28.708829248375128, 47.121815525116325], [28.70882999368166, 47.1218182136535], [28.708820076339162, 47.12182758547735]]]}, "properties": {"vineyard_id": "V01", "tile": "siret3_r021_c012.tif"}}, {"type": "Feature", "geometry": {"type": "Polygon", "coordinates": [[[28.708834697603365, 47.12181071939804], [28.70883206928778, 47.12181098359027], [28.708832047681, 47.12181030899796], [28.708832663346893, 47.12180894998134], [28.708834296140953, 47.12180847567308], [28.708834575164786, 47.12180689670836], [28.708840397045105, 47.12180343525839], [28.70884371304886, 47.1218040606903], [28.708843749060392, 47.12180518501079], [28.708841142352014, 47.121806123795515], [28.708841178363496, 47.121807248116], [28.708838865083255, 47.12180705766414], [28.70883790557326, 47.12180797186862], [28.70883593613726, 47.12180822622887], [28.708834697603365, 47.12181071939804]]]}, "properties": {"vineyard_id": "V01", "tile": "siret3_r021_c012.tif"}}, {"type": "Feature", "geometry": {"type": "Polygon", "coordinates": [[[28.708840332224483, 47.12180141148151], [28.70884028901074, 47.12180006229691], [28.708841556353317, 47.12179846858408], [28.70884573103411, 47.121795031714036], [28.70884868158614, 47.12179453774136], [28.7088486095629, 47.12179228910038], [28.708851552912417, 47.121791570263525], [28.708851488091394, 47.12178954648665], [28.708854438643062, 47.121789052513826], [28.708855003891706, 47.12178611944841], [28.708856636684867, 47.12178564513983], [28.708856607875443, 47.121784745683435], [28.70886012367511, 47.12178131864504], [28.708861542266547, 47.12178444707804], [28.708857675420102, 47.12178720444025], [28.70885749002772, 47.12179170663829], [28.708854517868893, 47.121791526018896], [28.708853880596717, 47.12179221044334], [28.708853931013138, 47.12179378449202], [28.708855914853224, 47.12179397985966], [28.70885559981831, 47.12179443450395], [28.708853308145613, 47.12179491864465], [28.708853344157333, 47.121796042965144], [28.708850795068248, 47.12179878066285], [28.708849441297993, 47.12179767600661], [28.708849727523656, 47.12179632190597], [28.708847743683503, 47.121796126538214], [28.708847464660106, 47.121797705502956], [28.708844850749845, 47.121798419423655], [28.708843590609675, 47.12180023800063], [28.708840332224483, 47.12180141148151]]]}, "properties": {"vineyard_id": "V01", "tile": "siret3_r021_c012.tif"}}, {"type": "Feature", "geometry": {"type": "Polygon", "coordinates": [[[28.70886451442501, 47.12178462769725], [28.70886304541672, 47.12177992521561], [28.708864276746223, 47.121777207182056], [28.708867821354506, 47.12177467959983], [28.708871281405067, 47.12177980231288], [28.70886871791286, 47.121782090282785], [28.70886707791752, 47.12178233972744], [28.708866798894753, 47.121783918692216], [28.70886451442501, 47.12178462769725]]]}, "properties": {"vineyard_id": "V01", "tile": "siret3_r021_c012.tif"}}, {"type": "Feature", "geometry": {"type": "Polygon", "coordinates": [[[28.70887441014453, 47.12177458127741], [28.708871753021278, 47.12177394601414], [28.70886971876503, 47.12177217659808], [28.70887327777757, 47.121770098743866], [28.708873893441968, 47.12176873972704], [28.70887656496986, 47.12176982471846], [28.70887852720179, 47.12176934549345], [28.708879128461156, 47.12176753674839], [28.70887711581223, 47.121766441924755], [28.708877087002485, 47.121765542468374], [28.708879672100895, 47.121763929090584], [28.708881970974478, 47.12176366981345], [28.70888187734254, 47.12176074658021], [28.708890205085076, 47.121753198244846], [28.708892847802495, 47.12175338377952], [28.708892439135646, 47.12175091519066], [28.70889692884377, 47.12174702367444], [28.70889735191583, 47.121749941991474], [28.70889999463311, 47.12175012752599], [28.708900703929526, 47.12175169174224], [28.7088981044273, 47.12175285539231], [28.708898799318646, 47.12175396988038], [28.708898154844956, 47.12175442944096], [28.70889777498794, 47.12175286030851], [28.708893843323096, 47.12175359389507], [28.708894208775, 47.12175471329936], [28.708896185411238, 47.121754683802216], [28.708895562545052, 47.121755817955076], [28.70889655806571, 47.1217560280706], [28.70889461023945, 47.12175695702411], [28.708894639049486, 47.12175785648049], [28.708891438287992, 47.12176082887554], [28.70888810067897, 47.12175952885271], [28.70888613124501, 47.12175978321379], [28.708885859425386, 47.12176158704272], [28.70888951927142, 47.121762657285345], [28.70888664074632, 47.1217653999], [28.70888467131214, 47.12176565426107], [28.708884721729422, 47.12176722830973], [28.70888085488542, 47.12176998567272], [28.70887736069515, 47.121774087304004], [28.70887441014453, 47.12177458127741]]]}, "properties": {"vineyard_id": "V01", "tile": "siret3_r021_c012.tif"}}, {"type": "Feature", "geometry": {"type": "Polygon", "coordinates": [[[28.70892119023073, 47.12173271338364], [28.708919499818915, 47.121731388780375], [28.708919771637273, 47.12172958495139], [28.70892106058368, 47.121728665829984], [28.708920695131415, 47.12172754642579], [28.708918389056997, 47.12172758083958], [28.708916455637343, 47.121728959521626], [28.708916212629244, 47.12173166280699], [28.708914199980946, 47.12173056798399], [28.7089202792609, 47.12172485297293], [28.708924547565047, 47.12172433933331], [28.708927276712796, 47.12172722323631], [28.708923402671257, 47.12172975573659], [28.708922801413784, 47.12173156448185], [28.70892119023073, 47.12173271338364]]]}, "properties": {"vineyard_id": "V01", "tile": "siret3_r021_c012.tif"}}, {"type": "Feature", "geometry": {"type": "Polygon", "coordinates": [[[28.708907112652607, 47.12174597181564], [28.70890576608512, 47.12174509202415], [28.708906682377492, 47.12174282863455], [28.708906273710102, 47.12174036004575], [28.70890430427695, 47.121740614407145], [28.708903760639068, 47.12174422206506], [28.70890210623999, 47.12174402178202], [28.708901081909403, 47.121742912210166], [28.708906838955443, 47.12173742698009], [28.708908815591034, 47.121737397482754], [28.708909445659298, 47.121736488193925], [28.70891178054442, 47.12173735323668], [28.708913420538153, 47.1217371037914], [28.708913384525236, 47.121735979470934], [28.70891099922215, 47.12173354037957], [28.708913884946895, 47.121731022628424], [28.70891556095338, 47.12173189750358], [28.70891400018824, 47.12173462045391], [28.708916313465554, 47.121734810904286], [28.708917996674806, 47.1217359106435], [28.708914158645122, 47.12173956746394], [28.70891087865749, 47.1217400663545], [28.708910921872935, 47.121741415539056], [28.708908988452585, 47.12174279422099], [28.708909038870544, 47.12174436826964], [28.708907112652607, 47.12174597181564]]]}, "properties": {"vineyard_id": "V01", "tile": "siret3_r021_c012.tif"}}, {"type": "Feature", "geometry": {"type": "Polygon", "coordinates": [[[28.70893892576158, 47.12171017652658], [28.708937242552743, 47.12170907678767], [28.708943321827803, 47.12170336177543], [28.708948600055294, 47.121703507978225], [28.708946967265483, 47.12170398228808], [28.708946803488885, 47.12170915907849], [28.708942162530917, 47.1217083284507], [28.708940565754347, 47.121709927080914], [28.70893892576158, 47.12171017652658]]]}, "properties": {"vineyard_id": "V01", "tile": "siret3_r021_c012.tif"}}, {"type": "Feature", "geometry": {"type": "Polygon", "coordinates": [[[28.708953426397134, 47.12169983640762], [28.70895209423556, 47.12169940634483], [28.70895138493838, 47.121697842128896], [28.70895332555875, 47.12169668831036], [28.708953883598358, 47.12169353038042], [28.708955838624025, 47.121692826290015], [28.708955802610276, 47.12169170196956], [28.708958043858264, 47.12168964377823], [28.70896068657272, 47.12168982931138], [28.708962297753644, 47.12168868040906], [28.708963307678857, 47.12168934025219], [28.70896494767086, 47.1216890908062], [28.70896491165692, 47.12168796648576], [28.708962891806543, 47.12168664679951], [28.708961251814607, 47.12168689624547], [28.70896380089276, 47.12168415854539], [28.70896813401841, 47.12168566868099], [28.708968506674154, 47.121687012949124], [28.708965277109815, 47.12168908588983], [28.708965363543296, 47.121691784258886], [28.708963437328926, 47.12169338780579], [28.70896049398638, 47.12169410664543], [28.708960522797465, 47.12169500610179], [28.70896151831722, 47.121695216216764], [28.708960881047545, 47.12169590064177], [28.708958567771788, 47.12169571019227], [28.70895928427191, 47.121697499272244], [28.70895735805716, 47.121699102819065], [28.708953426397134, 47.12169983640762]]]}, "properties": {"vineyard_id": "V01", "tile": "siret3_r021_c012.tif"}}, {"type": "Feature", "geometry": {"type": "Polygon", "coordinates": [[[28.708971363582428, 47.121683595740215], [28.70896934373207, 47.12168227605409], [28.70897094770977, 47.121680902287565], [28.708970202398262, 47.12167821375131], [28.708972830706553, 47.121677949555995], [28.70897474971726, 47.12167612114484], [28.70897868857807, 47.12167561241967], [28.70898087940455, 47.121671980179286], [28.708983149462185, 47.121670821443836], [28.708983327640954, 47.12166609438157], [28.708987802929627, 47.121661753133736], [28.708990775081574, 47.12166193374975], [28.708991712977674, 47.121660344951785], [28.708994019049094, 47.121660310536555], [28.70899529358674, 47.121658941686164], [28.708997921893946, 47.12165867749031], [28.70899828734731, 47.12165979689426], [28.708992823743266, 47.121664152891874], [28.708992244097537, 47.12166663622975], [28.708988406077868, 47.121670293052574], [28.708983923585684, 47.12167440943635], [28.7089790756397, 47.12167740641595], [28.70897781550688, 47.12167922499434], [28.708974535523588, 47.12167972388667], [28.708974643565988, 47.12168309684799], [28.708971363582428, 47.121683595740215]]]}, "properties": {"vineyard_id": "V01", "tile": "siret3_r021_c012.tif"}}, {"type": "Feature", "geometry": {"type": "Polygon", "coordinates": [[[28.709004381016165, 47.12165453160705], [28.709002368369056, 47.121653436785564], [28.709000398939605, 47.121653691148566], [28.70899936740586, 47.121652356713504], [28.709002611372537, 47.12165073350006], [28.70900316220588, 47.12164735070579], [28.70900675721968, 47.12164639716799], [28.709006370157383, 47.12164460317181], [28.709008310774635, 47.121643449352376], [28.709011311737502, 47.12164452942421], [28.709011047125568, 47.121646558117504], [28.70901304536662, 47.12164720321065], [28.709004381016165, 47.12165453160705]]]}, "properties": {"vineyard_id": "V01", "tile": "siret3_r021_c012.tif"}}, {"type": "Feature", "geometry": {"type": "Polygon", "coordinates": [[[28.7090165539443, 47.121643551303535], [28.709014541297364, 47.12164245648228], [28.70901158355239, 47.12164272559503], [28.709012764450467, 47.12163843351134], [28.709016953513803, 47.121635446363435], [28.70902026950899, 47.12163607179035], [28.709019839228294, 47.12163292860971], [28.709021084952596, 47.12163066030271], [28.709026319954813, 47.12162945731753], [28.709026707017657, 47.12163125131364], [28.709024100321027, 47.1216321901024], [28.709024136336147, 47.121633314422816], [28.70902125782485, 47.121636057040725], [28.70902162327854, 47.12163717644461], [28.709023607113323, 47.12163737180942], [28.70902102202538, 47.12163898519037], [28.709020406366154, 47.121640344207954], [28.709018773578922, 47.12164081851881], [28.709018487358282, 47.12164217261984], [28.7090165539443, 47.121643551303535]]]}, "properties": {"vineyard_id": "V01", "tile": "siret3_r021_c012.tif"}}, {"type": "Feature", "geometry": {"type": "Polygon", "coordinates": [[[28.708693812915147, 47.12189876078376], [28.708688871310663, 47.12189883451796], [28.70868877048719, 47.12189568642037], [28.70869106936746, 47.121895427147], [28.70869360406593, 47.12189223972449], [28.708695910147732, 47.12189220531513], [28.70869631160506, 47.121894449040624], [28.708695015449088, 47.12189514329547], [28.708693812915147, 47.12189876078376]]]}, "properties": {"vineyard_id": "V01", "tile": "siret3_r021_c012.tif"}}, {"type": "Feature", "geometry": {"type": "Polygon", "coordinates": [[[28.708717420904744, 47.1218743365655], [28.708716410978955, 47.12187367672021], [28.708716367768233, 47.12187232753555], [28.708717986161716, 47.12187140350068], [28.70871725526356, 47.121869164690956], [28.70871821477672, 47.121868250487445], [28.708720191417356, 47.1218682209933], [28.70872114372864, 47.12186708192566], [28.708722798130935, 47.121867282211284], [28.70872314917648, 47.12186795188791], [28.708719948398855, 47.121870924278326], [28.708720042022282, 47.12187384751174], [28.708717420904744, 47.1218743365655]]]}, "properties": {"vineyard_id": "V01", "tile": "siret3_r021_c012.tif"}}, {"type": "Feature", "geometry": {"type": "Polygon", "coordinates": [[[28.70873993437126, 47.12185690279291], [28.708739246683677, 47.121856013167985], [28.7087418029831, 47.12185350033677], [28.708741759771765, 47.12185215115211], [28.70873870118736, 47.12184927216047], [28.708740942450298, 47.12184721397324], [28.708742582448263, 47.12184696453036], [28.708742539236916, 47.12184561534571], [28.708744136023448, 47.12184401671816], [28.708746749937333, 47.12184330279971], [28.708747810276293, 47.12184553669349], [28.708750818447474, 47.12184684163614], [28.70873993437126, 47.12185690279291]]]}, "properties": {"vineyard_id": "V01", "tile": "siret3_r021_c012.tif"}}, {"type": "Feature", "geometry": {"type": "Polygon", "coordinates": [[[28.708750251344068, 47.121839426036374], [28.708749578060385, 47.121838986139714], [28.70875149708449, 47.12183715773217], [28.708753781558034, 47.12183644872936], [28.708757311771613, 47.121833471422235], [28.708762977067384, 47.12183541163049], [28.7087607358058, 47.12183746981813], [28.70875682573859, 47.12183887799242], [28.708752528615793, 47.12183849216946], [28.708750251344068, 47.121839426036374]]]}, "properties": {"vineyard_id": "V01", "tile": "siret3_r021_c012.tif"}}, {"type": "Feature", "geometry": {"type": "Polygon", "coordinates": [[[28.708766500078386, 47.12183220945899], [28.708766127426596, 47.12183086519018], [28.70876152967239, 47.12183138373982], [28.708760827580864, 47.121830044386805], [28.708761751082754, 47.121828005862405], [28.708766935696467, 47.121825228840045], [28.708767207520392, 47.12182342501137], [28.70876982863495, 47.12182293595652], [28.708770588342624, 47.12182607422233], [28.708771942112016, 47.12182717887952], [28.708766500078386, 47.12183220945899]]]}, "properties": {"vineyard_id": "V01", "tile": "siret3_r021_c012.tif"}}, {"type": "Feature", "geometry": {"type": "Polygon", "coordinates": [[[28.708775135682117, 47.12182398162359], [28.708774125756594, 47.12182332177882], [28.708774998843715, 47.12181970920558], [28.708773337240704, 47.1218192840566], [28.708772620745034, 47.121817494975446], [28.70877423193386, 47.1218163460757], [28.70877979639983, 47.12181513818566], [28.70877972437944, 47.12181288954461], [28.708781958437232, 47.121810606492495], [28.708785890107897, 47.12180987290971], [28.708788261004695, 47.12181186227549], [28.708786979256054, 47.12181300625955], [28.70878400709622, 47.12181282563833], [28.708784100722966, 47.12181574887169], [28.708783141211875, 47.12181666307573], [28.708781128562993, 47.121815568250405], [28.70877787017545, 47.121816741729546], [28.708777898983577, 47.12181764118598], [28.708779890026353, 47.12181806141903], [28.708780262678392, 47.121819405687795], [28.708775135682117, 47.12182398162359]]]}, "properties": {"vineyard_id": "V01", "tile": "siret3_r021_c012.tif"}}, {"type": "Feature", "geometry": {"type": "Polygon", "coordinates": [[[28.70879012240985, 47.121808234954486], [28.708787071027526, 47.1218055808282], [28.70878830236148, 47.12180286279542], [28.70879342935463, 47.121798286859054], [28.708796730953335, 47.1217984625641], [28.708798334938958, 47.12179708879993], [28.7087999749351, 47.12179683935625], [28.708800054158424, 47.1217993128614], [28.708801379119212, 47.12179951806181], [28.708801064083794, 47.121799972705944], [28.708793688630024, 47.1218063819668], [28.708792370871183, 47.121806401630394], [28.7087920198252, 47.121805731953984], [28.70879005759112, 47.12180621117755], [28.708790086399443, 47.121807110633966], [28.708792091846096, 47.12180798059502], [28.70879012240985, 47.121808234954486]]]}, "properties": {"vineyard_id": "V01", "tile": "siret3_r021_c012.tif"}}, {"type": "Feature", "geometry": {"type": "Polygon", "coordinates": [[[28.708803877795944, 47.12179520631645], [28.708799229630397, 47.12179415081884], [28.708798864180192, 47.12179303141424], [28.708800468165602, 47.12179165765003], [28.70880471486994, 47.12179046942249], [28.708807759050092, 47.12179289868421], [28.708806162266985, 47.121794497312614], [28.708803877795944, 47.12179520631645]]]}, "properties": {"vineyard_id": "V01", "tile": "siret3_r021_c012.tif"}}, {"type": "Feature", "geometry": {"type": "Polygon", "coordinates": [[[28.708810630378583, 47.121789931207374], [28.708810507941823, 47.12178610851762], [28.708808173056138, 47.12178524347282], [28.708810765359782, 47.121783854960654], [28.708811667252498, 47.12178114184357], [28.70881551969657, 47.121777934754654], [28.708816866263437, 47.12177881454722], [28.708820490098336, 47.12177876047155], [28.708820869953293, 47.12178032960429], [28.708818936529195, 47.12178170828474], [28.708818342469836, 47.12178374189361], [28.70881639464118, 47.12178467084581], [28.708815463939914, 47.12178648450652], [28.70881317226717, 47.121786968646425], [28.70881289324279, 47.1217885476111], [28.708810630378583, 47.121789931207374]]]}, "properties": {"vineyard_id": "V01", "tile": "siret3_r021_c012.tif"}}, {"type": "Feature", "geometry": {"type": "Polygon", "coordinates": [[[28.70882565309754, 47.121775308854296], [28.708823311009883, 47.1217742189457], [28.7088232029767, 47.12177084598417], [28.7088267043732, 47.12176696921857], [28.708829354293368, 47.12176737961881], [28.708835907071304, 47.12176615697811], [28.708836265319814, 47.121767051518496], [28.70883050826331, 47.121772536745134], [28.708827293092874, 47.12177505941024], [28.70882565309754, 47.121775308854296]]]}, "properties": {"vineyard_id": "V01", "tile": "siret3_r021_c012.tif"}}, {"type": "Feature", "geometry": {"type": "Polygon", "coordinates": [[[28.70884201517286, 47.12176134142749], [28.708840969236313, 47.121759557262784], [28.708836027645106, 47.12175963100317], [28.708836306668672, 47.12175805203845], [28.708838913374816, 47.12175711325385], [28.708838547924053, 47.12175599384938], [28.708840796381537, 47.121754160524375], [28.708843775740544, 47.12175456600825], [28.7088435111218, 47.12175659470119], [28.708846504885567, 47.12175744991319], [28.70884201517286, 47.12176134142749]]]}, "properties": {"vineyard_id": "V01", "tile": "siret3_r021_c012.tif"}}, {"type": "Feature", "geometry": {"type": "Polygon", "coordinates": [[[28.708864398908503, 47.12173986007744], [28.708862364653832, 47.121738090661225], [28.7088584113825, 47.12173814965428], [28.708862013607447, 47.12173742098502], [28.708861612144535, 47.12173517726014], [28.708863509553996, 47.12173267425848], [28.708866101853648, 47.12173128574509], [28.70886905960436, 47.12173101663603], [28.708869309817242, 47.12172853821484], [28.70887156547493, 47.12172692975335], [28.708873111837214, 47.12172375707537], [28.708875038055414, 47.121722153529944], [28.708877007488045, 47.12172189916906], [28.708877601544536, 47.12171986555991], [28.70887889049146, 47.121718946438975], [28.708879191120868, 47.12171804206643], [28.70888015783101, 47.12171735272573], [28.70888015062857, 47.12171712786163], [28.70888111733868, 47.121716438520906], [28.70888111013624, 47.12171621365682], [28.70888175460963, 47.12171575409632], [28.708881475587596, 47.12171733306115], [28.708884784383958, 47.12171773362785], [28.70888642437723, 47.12171748418295], [28.708887355074925, 47.121715670521695], [28.708889002270595, 47.12171564594087], [28.70888747031442, 47.12171926834724], [28.708883238022533, 47.12172090630596], [28.708882672776042, 47.12172383937153], [28.708881039985002, 47.12172431368045], [28.708881068794774, 47.12172521313685], [28.708877553000068, 47.121728640175846], [28.70887526133039, 47.12172912431697], [28.708875297342495, 47.12173024863747], [28.708871709523027, 47.12173142703531], [28.708872110986334, 47.12173367076017], [28.70886886701061, 47.12173529397002], [28.70886923246185, 47.12173641337439], [28.708866962398922, 47.12173757210764], [28.708866031700172, 47.12173938576875], [28.708864398908503, 47.12173986007744]]]}, "properties": {"vineyard_id": "V01", "tile": "siret3_r021_c012.tif"}}, {"type": "Feature", "geometry": {"type": "Polygon", "coordinates": [[[28.708846002590878, 47.12175205809084], [28.708844978261293, 47.12175094851848], [28.708845586723907, 47.12174936463769], [28.708852947759002, 47.12174250564541], [28.708854902787824, 47.12174180155671], [28.708857108030077, 47.121738619046795], [28.708859421307398, 47.12173880949831], [28.708858483406015, 47.12174039829526], [28.708859271927007, 47.12174443601688], [28.708857631932766, 47.12174468546139], [28.70885627096143, 47.1217433559411], [28.70885495320419, 47.1217433756054], [28.708853700267937, 47.12174541904657], [28.708854065718935, 47.121746538451006], [28.70885080733723, 47.12174771193215], [28.708850843348845, 47.12174883625265], [28.708852848794237, 47.12174970621267], [28.708852555366537, 47.121750835449234], [28.708846002590878, 47.12175205809084]]]}, "properties": {"vineyard_id": "V01", "tile": "siret3_r021_c012.tif"}}, {"type": "Feature", "geometry": {"type": "Polygon", "coordinates": [[[28.70889546140823, 47.12171150006361], [28.708892395621433, 47.12170839621189], [28.708889752906245, 47.121708210677184], [28.70889616162542, 47.12170249075122], [28.70889846769878, 47.12170245633788], [28.708901790899386, 47.121703306632284], [28.708901555093153, 47.12170623478171], [28.70889546140823, 47.12171150006361]]]}, "properties": {"vineyard_id": "V01", "tile": "siret3_r021_c012.tif"}}, {"type": "Feature", "geometry": {"type": "Polygon", "coordinates": [[[28.708903065440424, 47.12170193778287], [28.708902370549694, 47.121700823294816], [28.7088987179102, 47.121699977916634], [28.708902563140704, 47.121696545960795], [28.708903243626324, 47.121697210720676], [28.70890585753084, 47.12169649679869], [28.708910813521143, 47.12169687278357], [28.7089066676623, 47.12170120911227], [28.708903065440424, 47.12170193778287]]]}, "properties": {"vineyard_id": "V01", "tile": "siret3_r021_c012.tif"}}, {"type": "Feature", "geometry": {"type": "Polygon", "coordinates": [[[28.708912710926963, 47.12169436978114], [28.708912653306413, 47.12169257086839], [28.70890935171398, 47.12169239516657], [28.708908649620696, 47.12169105581446], [28.70891326176639, 47.121690986987254], [28.708913870226336, 47.12168940310611], [28.708915825252397, 47.121688699016396], [28.70891506553839, 47.12168556075156], [28.70891735720582, 47.121685076609666], [28.70891696294361, 47.12168305774907], [28.708920206914705, 47.1216814345379], [28.70892079376654, 47.12167917606445], [28.708926235770203, 47.12167414547789], [28.70892819079554, 47.12167344138797], [28.708929114288445, 47.1216714028623], [28.708931735393985, 47.121670913803854], [28.708935602228273, 47.12166815643922], [28.70893919724473, 47.12166720290352], [28.70893913962334, 47.121665403990775], [28.708940758006694, 47.12166447995286], [28.70894408120556, 47.121665330246046], [28.708943965962465, 47.12166173242058], [28.70894857810554, 47.121661663592], [28.70894411721903, 47.12166645456652], [28.70894179674191, 47.12166603925257], [28.70893951948088, 47.12166697312311], [28.708939548291582, 47.12166787257949], [28.7089415537353, 47.12166874253798], [28.708935796700096, 47.12167422776974], [28.70893443572868, 47.12167289825035], [28.708932129656645, 47.121672932664396], [28.708929229530572, 47.12167500068779], [28.70893035469734, 47.12167925835671], [28.708920437397868, 47.12168863018892], [28.708919413068003, 47.1216875206172], [28.708917128603076, 47.121688229623224], [28.70891819614845, 47.12169068837953], [28.708914028682955, 47.1216943501162], [28.708912710926963, 47.12169436978114]]]}, "properties": {"vineyard_id": "V01", "tile": "siret3_r021_c012.tif"}}, {"type": "Feature", "geometry": {"type": "Polygon", "coordinates": [[[28.708966299196355, 47.121638677002686], [28.708964959833448, 47.12163802207595], [28.708968167786395, 47.121635274543024], [28.708970151620935, 47.12163546990877], [28.708975687252178, 47.12163336255311], [28.70897636773786, 47.121634027312545], [28.708974835789846, 47.121637649720036], [28.708969586380007, 47.1216384029747], [28.708968884285973, 47.12163706362296], [28.70896722989001, 47.121636863340804], [28.708966299196355, 47.121638677002686]]]}, "properties": {"vineyard_id": "V01", "tile": "siret3_r021_c012.tif"}}, {"type": "Feature", "geometry": {"type": "Polygon", "coordinates": [[[28.708965233538965, 47.12164656691139], [28.708962898657024, 47.121645701869674], [28.708963865364776, 47.121645012528276], [28.70896349991224, 47.121643893124194], [28.70896053496413, 47.12164393737154], [28.708959582661862, 47.12164507644109], [28.708958243298873, 47.12164442151426], [28.70896463759758, 47.12163825185642], [28.708965969757713, 47.12163868191907], [28.708964336970027, 47.12163915622915], [28.708964372983893, 47.1216402805496], [28.708967037304276, 47.12164114067491], [28.708968441492406, 47.12164381937845], [28.708965233538965, 47.12164656691139]]]}, "properties": {"vineyard_id": "V01", "tile": "siret3_r021_c012.tif"}}, {"type": "Feature", "geometry": {"type": "Polygon", "coordinates": [[[28.708953397240947, 47.12165776715732], [28.708952279275568, 47.121653734352726], [28.708950939912448, 47.12165307942581], [28.708950560054678, 47.12165151029352], [28.7089585799403, 47.121644641462005], [28.70895959706737, 47.12164552616927], [28.708957978684918, 47.12164645020746], [28.70895800749591, 47.12164734966382], [28.70896264844878, 47.12164818029105], [28.708962999495792, 47.12164884996693], [28.708960436013708, 47.121651137938805], [28.708956475546277, 47.121650972071066], [28.70895455653581, 47.12165280048191], [28.70895459254949, 47.121653924802374], [28.70895627575691, 47.121655024541056], [28.708953397240947, 47.12165776715732]]]}, "properties": {"vineyard_id": "V01", "tile": "siret3_r021_c012.tif"}}, {"type": "Feature", "geometry": {"type": "Polygon", "coordinates": [[[28.708977233605676, 47.1216301898738], [28.708973280342576, 47.12163024887071], [28.7089793884163, 47.12162543331299], [28.70897935960497, 47.12162453385663], [28.708982245320684, 47.121622016103835], [28.708985876347477, 47.12162218688717], [28.708991404773826, 47.121619854666676], [28.708993395810758, 47.12162027489612], [28.708988283257433, 47.12162530056929], [28.708986893474552, 47.121623071594186], [28.70898394293334, 47.12162356557029], [28.7089803983405, 47.12162609315599], [28.708980119321787, 47.12162767212104], [28.708977233605676, 47.1216301898738]]]}, "properties": {"vineyard_id": "V01", "tile": "siret3_r021_c012.tif"}}, {"type": "Feature", "geometry": {"type": "Polygon", "coordinates": [[[28.708694012575638, 47.121853538518934], [28.708692673210518, 47.12185288358906], [28.70869263720211, 47.12185175926849], [28.708693618320446, 47.12185151965754], [28.708693224065286, 47.12184950079611], [28.70869646805334, 47.12184787759113], [28.708697369952887, 47.12184516447489], [28.70869904595955, 47.121846039353194], [28.708701022599374, 47.12184600985939], [28.70870272021129, 47.12184755932999], [28.708702770623347, 47.12184913337878], [28.708698574323943, 47.12185189565141], [28.70869526552048, 47.121851495079454], [28.708694012575638, 47.121853538518934]]]}, "properties": {"vineyard_id": "V01", "tile": "siret3_r021_c012.tif"}}, {"type": "Feature", "geometry": {"type": "Polygon", "coordinates": [[[28.708685691991334, 47.12186131170458], [28.708683700947628, 47.12186089146989], [28.708683306692762, 47.121858872608456], [28.70868584859168, 47.12185591005024], [28.708689787468746, 47.121855401334805], [28.708690703772096, 47.12185313794684], [28.70869368313562, 47.12185354343456], [28.708692379778903, 47.121854012825246], [28.708693168289273, 47.12185805054807], [28.70869157150079, 47.12185964917492], [28.708689960308867, 47.12186079807354], [28.708687940458493, 47.12185947838249], [28.708686622698266, 47.12185949804488], [28.708685691991334, 47.12186131170458]]]}, "properties": {"vineyard_id": "V01", "tile": "siret3_r021_c012.tif"}}, {"type": "Feature", "geometry": {"type": "Polygon", "coordinates": [[[28.708704560018287, 47.121843257417964], [28.708702518563076, 47.12184126313483], [28.708703793112484, 47.12183989428756], [28.70870801821766, 47.1218380314712], [28.708711685267332, 47.12183932658359], [28.70871075456159, 47.121841140243504], [28.708708126243813, 47.12184140443289], [28.708704560018287, 47.121843257417964]]]}, "properties": {"vineyard_id": "V01", "tile": "siret3_r021_c012.tif"}}, {"type": "Feature", "geometry": {"type": "Polygon", "coordinates": [[[28.70872533265346, 47.12182292499304], [28.708724265114107, 47.12182046623492], [28.708725525258846, 47.12181864765921], [28.708731784614987, 47.12181855426063], [28.708734112299105, 47.12181919444288], [28.708731878238897, 47.12182147749407], [28.70872857663892, 47.12182130178716], [28.70872533265346, 47.12182292499304]]]}, "properties": {"vineyard_id": "V01", "tile": "siret3_r021_c012.tif"}}, {"type": "Feature", "geometry": {"type": "Polygon", "coordinates": [[[28.708751720151554, 47.12180295872456], [28.70875098925301, 47.12180071991503], [28.708752213386788, 47.121797777018486], [28.70874889738442, 47.12179715158392], [28.70875211976185, 47.121794853785076], [28.708757039750715, 47.12179410545593], [28.708757806659126, 47.12179746858598], [28.708751720151554, 47.12180295872456]]]}, "properties": {"vineyard_id": "V01", "tile": "siret3_r021_c012.tif"}}, {"type": "Feature", "geometry": {"type": "Polygon", "coordinates": [[[28.708732722521486, 47.121816965464674], [28.70873203483456, 47.12181607583968], [28.70873496378333, 47.12181490727759], [28.708734913370375, 47.121813333228815], [28.708737856722657, 47.12181261439486], [28.70873778470404, 47.12181036575375], [28.708739124068618, 47.121811020683104], [28.708741093505232, 47.12181076632453], [28.70874106469773, 47.12180986686808], [28.70873737604384, 47.12180789716427], [28.70873992513924, 47.12180515946901], [28.70874121409059, 47.121804240349576], [28.708743864012003, 47.12180465075178], [28.708745554421903, 47.121805975357624], [28.708747201620486, 47.12180595077881], [28.7087487840019, 47.12180390242298], [28.708751727353466, 47.121803183588675], [28.70874756706971, 47.121807070183586], [28.70874559763326, 47.1218073245423], [28.708745648046524, 47.121808898591055], [28.70874052825009, 47.121813699389456], [28.70873726986174, 47.121814872867446], [28.708735286021252, 47.121814677497746], [28.708735028599985, 47.12181693105458], [28.708732722521486, 47.121816965464674]]]}, "properties": {"vineyard_id": "V01", "tile": "siret3_r021_c012.tif"}}, {"type": "Feature", "geometry": {"type": "Polygon", "coordinates": [[[28.70878467296034, 47.12177187087586], [28.708784314712652, 47.121770976335306], [28.708782359681805, 47.121771680422825], [28.70878068367618, 47.12177080554572], [28.708781527953956, 47.121766293516], [28.708784449696854, 47.12176490008855], [28.70878442088867, 47.121764000632126], [28.70878666934838, 47.12176216730816], [28.708790944859, 47.121761878537576], [28.708790565005064, 47.12176030940471], [28.708788244524957, 47.121759894087695], [28.708792498429148, 47.12175893072473], [28.708792096968956, 47.12175668699957], [28.708793371514084, 47.12175531815135], [28.70879402319079, 47.12175508345546], [28.70879504751941, 47.12175619302829], [28.708796687514315, 47.12175594358467], [28.708795920604135, 47.12175258045489], [28.70879720235116, 47.12175143647074], [28.70879852010864, 47.12175141680711], [28.708800754163114, 47.12174913375466], [28.708803396880086, 47.12174931929141], [28.708805416729007, 47.12175063898047], [28.708805803785438, 47.12175243297738], [28.708796523723116, 47.121761120375], [28.708794575894885, 47.12176204932685], [28.708793645193246, 47.121763862987386], [28.708791346319185, 47.12176412226274], [28.70879140393579, 47.12176592117559], [28.70878467296034, 47.12177187087586]]]}, "properties": {"vineyard_id": "V01", "tile": "siret3_r021_c012.tif"}}, {"type": "Feature", "geometry": {"type": "Polygon", "coordinates": [[[28.70877729750836, 47.12177828013566], [28.708776939260744, 47.12177738559509], [28.70877496262354, 47.121777415090165], [28.708772964380323, 47.12177676999289], [28.70877294277432, 47.12177609540057], [28.708775198436935, 47.12177448694092], [28.708775126416842, 47.12177223829985], [28.70877673040226, 47.121770864535975], [28.708778413609842, 47.12177196427725], [28.708780690878218, 47.121771030409825], [28.708782717929466, 47.12177257496339], [28.708781801631332, 47.12177483835206], [28.708778285826977, 47.1217782653881], [28.70877729750836, 47.12177828013566]]]}, "properties": {"vineyard_id": "V01", "tile": "siret3_r021_c012.tif"}}, {"type": "Feature", "geometry": {"type": "Polygon", "coordinates": [[[28.708810601332992, 47.12174786195622], [28.708810550917924, 47.1217462879075], [28.708806948691628, 47.121747016575135], [28.708804606605597, 47.12174592666613], [28.708802966611042, 47.12174617610985], [28.70880558051934, 47.12174546219013], [28.708805537306564, 47.121744113005505], [28.708809360939814, 47.121740006460385], [28.708821519523294, 47.12172857644879], [28.708823811193458, 47.12172809230874], [28.70882474189347, 47.12172627864796], [28.70882603804368, 47.12172558439172], [28.708827692441925, 47.12172578467587], [28.708829296424607, 47.121724410911284], [28.708834574654016, 47.12172455711933], [28.70883139549778, 47.12172820410503], [28.708829067816552, 47.12172756392473], [28.708820317001404, 47.12173219393835], [28.70882073286695, 47.121734887391625], [28.708821742791336, 47.12173554723601], [28.708823060548408, 47.12173552757209], [28.70882369061812, 47.121734618283725], [28.708825638444846, 47.12173368933139], [28.708822437680862, 47.121736661724576], [28.70881944391864, 47.12173580651192], [28.708818477207373, 47.121736495852126], [28.70881853482484, 47.12173829476496], [28.70881458875557, 47.1217385786206], [28.70881297756993, 47.12173972752088], [28.708814360146604, 47.12174173163401], [28.708812140497336, 47.12174446441493], [28.70881284258896, 47.12174580376765], [28.708810601332992, 47.12174786195622]]]}, "properties": {"vineyard_id": "V01", "tile": "siret3_r021_c012.tif"}}, {"type": "Feature", "geometry": {"type": "Polygon", "coordinates": [[[28.708836643053957, 47.12171710219183], [28.708834644812306, 47.121716457095616], [28.708840724099336, 47.12171074208867], [28.70884111115662, 47.12171253608546], [28.708844799807558, 47.121714505785995], [28.708844835819, 47.1217156301065], [28.70884356127613, 47.121716998955264], [28.708841555832134, 47.121716128995075], [28.708836643053957, 47.12171710219183]]]}, "properties": {"vineyard_id": "V01", "tile": "siret3_r021_c012.tif"}}, {"type": "Feature", "geometry": {"type": "Polygon", "coordinates": [[[28.708865406685298, 47.12168900146221], [28.708865356268724, 47.121687427413505], [28.70886698905879, 47.121686953104806], [28.708866960249296, 47.1216860536484], [28.708871435549188, 47.12168171240499], [28.708873097148622, 47.12168213755261], [28.708876040491752, 47.12168141871521], [28.70887601168211, 47.1216805192588], [28.708874020643787, 47.121680099027344], [28.70887399903658, 47.121679424435065], [28.708878481537777, 47.12167530805547], [28.708880450968667, 47.12167505369456], [28.70888071558569, 47.12167302500152], [28.70888743933565, 47.12166685043171], [28.708888478069372, 47.12166840973191], [28.70888688849479, 47.121670233225494], [28.708887010936525, 47.12167405591517], [28.708889639245072, 47.12167379172178], [28.708881912772902, 47.12167953131197], [28.708879291666452, 47.12168002036929], [28.70887900544208, 47.12168137447001], [28.708880674243986, 47.121682024481615], [28.70887806033982, 47.12168273840302], [28.708878440195708, 47.12168430753557], [28.708875876708284, 47.1216865955056], [28.708874558952456, 47.121686615170105], [28.708874515738017, 47.12168526598552], [28.708868922478256, 47.12168557442359], [28.708868306814637, 47.121686933440394], [28.70886933114344, 47.12168804301257], [28.708865406685298, 47.12168900146221]]]}, "properties": {"vineyard_id": "V01", "tile": "siret3_r021_c012.tif"}}, {"type": "Feature", "geometry": {"type": "Polygon", "coordinates": [[[28.708891070365276, 47.121667021218], [28.708890712116563, 47.12166612667777], [28.708888721078672, 47.12166570644657], [28.708892874138797, 47.12166159498262], [28.70889581027803, 47.12166065128062], [28.708896103704372, 47.12165952204394], [28.70889871040465, 47.12165858325805], [28.708899597885928, 47.12165542041211], [28.708902505214635, 47.12165357725355], [28.70890247640457, 47.12165267779717], [28.708906636665162, 47.121648791196826], [28.708908620500015, 47.12164898656362], [28.70890986622943, 47.12164671825778], [28.70891220111059, 47.121647583300586], [28.70891384110157, 47.121647333855336], [28.708914084109526, 47.121644630569946], [28.708912078667158, 47.121643760610944], [28.708918472971195, 47.1216375909556], [28.708921466729386, 47.12163844616575], [28.70892282049698, 47.121639550821186], [28.70892187539657, 47.121640914754536], [28.70892291413076, 47.12164247405442], [28.70892131735553, 47.121644072684376], [28.708920006803364, 47.12164431721348], [28.70891907610797, 47.12164613087499], [28.708897637534434, 47.12166624830213], [28.708891070365276, 47.121667021218]]]}, "properties": {"vineyard_id": "V01", "tile": "siret3_r021_c012.tif"}}, {"type": "Feature", "geometry": {"type": "Polygon", "coordinates": [[[28.708931205836247, 47.121633801395774], [28.708931807092416, 47.12163199265044], [28.708930467730088, 47.12163133772328], [28.708926543277254, 47.12163229617495], [28.708925211117588, 47.12163186611184], [28.70892871249775, 47.121627989343246], [28.708931304790653, 47.12162660082844], [28.708934791764737, 47.121622274331486], [28.708936431754832, 47.12162202488592], [28.70893711944255, 47.12162291450972], [28.708936826017258, 47.121624043746486], [28.70893551546566, 47.121624288275754], [28.70893588091747, 47.12162540767993], [28.70893719867174, 47.121625388014735], [28.708939776558967, 47.12162354977158], [28.70894143095442, 47.12162375005413], [28.708941789203674, 47.12162464459419], [28.70893795118344, 47.12162830141537], [28.708933682887093, 47.121628815055395], [28.70893539490388, 47.1216308142508], [28.708932516388092, 47.12163355686655], [28.708931205836247, 47.121633801395774]]]}, "properties": {"vineyard_id": "V01", "tile": "siret3_r021_c012.tif"}}, {"type": "Feature", "geometry": {"type": "Polygon", "coordinates": [[[28.708944023246783, 47.12162236153904], [28.70894037061207, 47.1216215161621], [28.708941000678475, 47.12162060687313], [28.708943614578736, 47.121619892950335], [28.70894358576802, 47.121618993493954], [28.708939610897687, 47.12161837789741], [28.708939589289695, 47.12161770330513], [28.70894947244528, 47.12161755581555], [28.708944023246783, 47.12162236153904]]]}, "properties": {"vineyard_id": "V01", "tile": "siret3_r021_c012.tif"}}, {"type": "Feature", "geometry": {"type": "Polygon", "coordinates": [[[28.708681610777223, 47.12182650200696], [28.70868125253086, 47.12182560746607], [28.708679927569843, 47.121825402264264], [28.70867974032772, 47.12181955579723], [28.708682332636428, 47.1218181672879], [28.708685706252535, 47.121820591637324], [28.708687675689777, 47.121820337279644], [28.70868764688317, 47.12181943782319], [28.708683592782563, 47.121816348712635], [28.708688712584433, 47.12181154791674], [28.708690696424654, 47.12181174328723], [28.708693940410523, 47.12181012008232], [28.708693560559052, 47.12180855094913], [28.708701380692325, 47.12180573460478], [28.70870133028038, 47.12180416055598], [28.70870679392263, 47.121799804571864], [28.708705404146666, 47.12179757559332], [28.708706313246704, 47.12179508734112], [28.708714318781812, 47.12178776879797], [28.70871695429868, 47.12178772947257], [28.708716918289845, 47.121786605152], [28.708715593329675, 47.121786399950594], [28.70871787059979, 47.1217854660844], [28.70871783459094, 47.12178434176383], [28.708723591660423, 47.12177885654271], [28.70872423613594, 47.12177839698308], [28.70872528206899, 47.121780181148885], [28.708727265908163, 47.12178037651878], [28.708725625912155, 47.12178062596141], [28.708725669122973, 47.12178197514609], [28.70872699408307, 47.12178218034738], [28.708726113791425, 47.1217855680562], [28.708722246937775, 47.12178832541394], [28.708721552049617, 47.12178721092476], [28.708719912053372, 47.12178746036731], [28.708720664555774, 47.121790373769414], [28.70871907497187, 47.12179219726076], [28.708716160427503, 47.12179381555068], [28.708715874198447, 47.12179516965103], [28.70870691635202, 47.12180362726183], [28.7087052763552, 47.12180387670418], [28.7087043384481, 47.121805465499904], [28.70870138789403, 47.12180595946891], [28.708701474314516, 47.12180865783828], [28.70870019256407, 47.12180980182139], [28.708697564247775, 47.121810066010525], [28.7086976362647, 47.12181231465168], [28.708696354514082, 47.12181345863473], [28.708694062839044, 47.1218139427723], [28.70869411325079, 47.121815516821115], [28.70869251646357, 47.121817115447975], [28.70868823374624, 47.12181717935083], [28.708688356174378, 47.121821002040804], [28.708684775546207, 47.12182240529703], [28.708685477635726, 47.12182374465054], [28.708681610777223, 47.12182650200696]]]}, "properties": {"vineyard_id": "V01", "tile": "siret3_r021_c012.tif"}}, {"type": "Feature", "geometry": {"type": "Polygon", "coordinates": [[[28.708742267042037, 47.121765079584016], [28.708740927678594, 47.12176442465468], [28.70874087006369, 47.12176262574178], [28.708747908876706, 47.12175599653593], [28.70875309348427, 47.12175321951423], [28.708753028667065, 47.12175119573724], [28.708758148456514, 47.12174639493833], [28.708759158380357, 47.12174705478328], [28.708760798375167, 47.121746805340166], [28.708761671462078, 47.121743192767], [28.708764227755168, 47.12174067993532], [28.708767127891246, 47.12173861191601], [28.708769455572252, 47.12173925209758], [28.708770078440956, 47.12173811794538], [28.708772047874728, 47.12173786358629], [28.70877201186479, 47.12173673926575], [28.70876966977991, 47.121735649356], [28.708776092919372, 47.12173037916478], [28.708776386348596, 47.1217292499284], [28.708780597038466, 47.12172693738125], [28.70878086886151, 47.12172513355252], [28.708785666408843, 47.121720562532396], [28.708787965281065, 47.12172030325717], [28.70878899681093, 47.12172163769418], [28.70878909043765, 47.121724560927575], [28.70878485814223, 47.12172619888271], [28.708784571915242, 47.121727552983224], [28.708785574636998, 47.12172798796384], [28.7087843000923, 47.12172935681196], [28.708784350506562, 47.121730930860714], [28.708779180306838, 47.12173415761201], [28.70877887967563, 47.12173506198429], [28.708777239681275, 47.121735311427656], [28.708776989464088, 47.12173778984869], [28.708774110934428, 47.12174053246057], [28.708771489823942, 47.1217410215155], [28.70877058792979, 47.12174373463229], [28.708762911848336, 47.12175104826344], [28.708760634580482, 47.12175198213049], [28.70875971107979, 47.12175402065489], [28.70875710437236, 47.121754959437695], [28.708756510310895, 47.121756993046276], [28.708751712757845, 47.12176156406523], [28.7087497361212, 47.121761593559874], [28.708750108772044, 47.121762937828755], [28.70874851198806, 47.12176453645639], [28.708742267042037, 47.121765079584016]]]}, "properties": {"vineyard_id": "V01", "tile": "siret3_r021_c012.tif"}}, {"type": "Feature", "geometry": {"type": "Polygon", "coordinates": [[[28.70873247932648, 47.121778498954434], [28.70873275115137, 47.12177669512581], [28.70873404730401, 47.121776000870575], [28.708732607114754, 47.12177219784356], [28.708733831248942, 47.12176925494721], [28.70873799153085, 47.12176536835279], [28.708740934880456, 47.12176464951879], [28.708742632490857, 47.12176619898883], [28.708742411079438, 47.12176957686624], [28.70873949653701, 47.12177119515674], [28.708738272403103, 47.12177413805316], [28.708735980730143, 47.12177462219152], [28.708734434358252, 47.12177779486775], [28.70873247932648, 47.121778498954434]]]}, "properties": {"vineyard_id": "V01", "tile": "siret3_r021_c012.tif"}}, {"type": "Feature", "geometry": {"type": "Polygon", "coordinates": [[[28.70879650909346, 47.12171950085172], [28.708792719614944, 47.1217143830521], [28.708794681845642, 47.12171390382853], [28.708795905975137, 47.12171096093154], [28.708797846599417, 47.121709807115586], [28.70879887812932, 47.12171114155252], [28.708797266944142, 47.121712290452585], [28.70879730295458, 47.12171341477311], [28.708799293993586, 47.1217138350059], [28.708800024892856, 47.121716073815136], [28.70879650909346, 47.12171950085172]]]}, "properties": {"vineyard_id": "V01", "tile": "siret3_r021_c012.tif"}}, {"type": "Feature", "geometry": {"type": "Polygon", "coordinates": [[[28.708830070288002, 47.12168682910997], [28.708828394284318, 47.12168595423351], [28.70882796401442, 47.12168281105204], [28.708829260163544, 47.12168211679576], [28.708829825412597, 47.12167918373041], [28.708835281829433, 47.12167460287628], [28.708838304397446, 47.12167635754498], [28.708837001046334, 47.12167682693727], [28.708838398026717, 47.12167928077834], [28.708837094675534, 47.12167975017061], [28.70883618558345, 47.121682238423794], [28.708833307059795, 47.12168498103712], [28.70883102259378, 47.12168569004145], [28.708830070288002, 47.12168682910997]]]}, "properties": {"vineyard_id": "V01", "tile": "siret3_r021_c012.tif"}}, {"type": "Feature", "geometry": {"type": "Polygon", "coordinates": [[[28.708814703751145, 47.12170100665124], [28.708813357186305, 47.12170012685863], [28.708813951245023, 47.12169809324976], [28.70881163076746, 47.12169767793319], [28.70881254706309, 47.121695414544284], [28.708820545366656, 47.12168787112987], [28.708826468065975, 47.12168755777818], [28.708828072047563, 47.12168618401361], [28.708829404207847, 47.12168661407785], [28.708830421333627, 47.12168749878628], [28.708826583301253, 47.121691155603855], [28.708822952270125, 47.12169098481553], [28.708821656120712, 47.12169167907175], [28.708821720940378, 47.12169370284869], [28.708823067505186, 47.12169458264122], [28.708816665981143, 47.12170052742729], [28.708814703751145, 47.12170100665124]]]}, "properties": {"vineyard_id": "V01", "tile": "siret3_r021_c012.tif"}}, {"type": "Feature", "geometry": {"type": "Polygon", "coordinates": [[[28.708842207248367, 47.121674724503976], [28.708839821951315, 47.12167228541101], [28.70883782371132, 47.12167164031483], [28.708847741022428, 47.12166226848961], [28.708850662757932, 47.121660875060556], [28.708850956185234, 47.12165974582399], [28.708854873439186, 47.12165856251077], [28.708855453091257, 47.1216560791735], [28.708857415319233, 47.12165559994887], [28.7088573793076, 47.12165447562837], [28.70885900489441, 47.12165377645568], [28.708861181323556, 47.12164969448929], [28.708862148032722, 47.121649005148726], [28.708865764656352, 47.12164872620765], [28.70886598605967, 47.12164534833002], [28.7088720653354, 47.12163963332149], [28.708874121193727, 47.12164207732991], [28.70887384217179, 47.12164365629474], [28.708876184254645, 47.1216447462024], [28.708873906993325, 47.121645680071644], [28.708873943005294, 47.12164680439216], [28.708872023992114, 47.12164863280166], [28.708870054562148, 47.12164888716242], [28.70886978274244, 47.12165069099134], [28.708867219256213, 47.12165297896117], [28.708862936552443, 47.1216530428704], [28.708861784451358, 47.12165823440909], [28.708858898727964, 47.121660752158945], [28.70885625601524, 47.121660566623405], [28.708855633149238, 47.121661700776066], [28.7088533342799, 47.12166196005262], [28.70885346392151, 47.12166600760646], [28.70885180952504, 47.12166580732266], [28.708847906675057, 47.12166744036398], [28.70884793548422, 47.121668339820395], [28.70884662493111, 47.12166858434867], [28.70884699038138, 47.12166970375315], [28.708844398084175, 47.12167109226609], [28.708844491713766, 47.12167401549943], [28.708842207248367, 47.121674724503976]]]}, "properties": {"vineyard_id": "V01", "tile": "siret3_r021_c012.tif"}}, {"type": "Feature", "geometry": {"type": "Polygon", "coordinates": [[[28.708879993470653, 47.12164018992682], [28.70887765859033, 47.12163932488333], [28.70887757936385, 47.12163685137824], [28.70888018606337, 47.12163591259276], [28.70888237689505, 47.1216322803542], [28.708886674001995, 47.12163266617245], [28.708886724419106, 47.12163424022116], [28.70888380268601, 47.121635633651124], [28.708882520943586, 47.1216367776362], [28.708882263529205, 47.121639031193354], [28.708879993470653, 47.12164018992682]]]}, "properties": {"vineyard_id": "V01", "tile": "siret3_r021_c012.tif"}}, {"type": "Feature", "geometry": {"type": "Polygon", "coordinates": [[[28.70888930230852, 47.1216324019791], [28.708888578609212, 47.12163038803453], [28.7088856064593, 47.12163020741582], [28.708885498422728, 47.121626834454304], [28.708888384143055, 47.12162431670382], [28.708890697415505, 47.121624507154785], [28.708891642516438, 47.121623143221704], [28.708894922497112, 47.12162264433176], [28.70889511508861, 47.1216183669977], [28.708901374420712, 47.121618273590165], [28.708902420356353, 47.12162005775436], [28.708899183590884, 47.12162190582909], [28.708898582333713, 47.12162371457425], [28.708895381580284, 47.12162668696938], [28.708891793768174, 47.121627865367785], [28.708891858590356, 47.121629889144685], [28.70888930230852, 47.1216324019791]]]}, "properties": {"vineyard_id": "V01", "tile": "siret3_r021_c012.tif"}}, {"type": "Feature", "geometry": {"type": "Polygon", "coordinates": [[[28.708678472844113, 47.121779979712514], [28.708678422432886, 47.12177840566367], [28.708680391868622, 47.12177815130614], [28.708680012017794, 47.12177658217287], [28.708681272163062, 47.12177476359764], [28.70868702203372, 47.12176905351419], [28.708691906012923, 47.12176718086729], [28.708694226492657, 47.121767596186274], [28.708692372283938, 47.12177144836991], [28.708687803340602, 47.121772866373014], [28.708686572002154, 47.121775584404794], [28.70868490319957, 47.12177493439037], [28.708682933763978, 47.12177518874799], [28.708682962570467, 47.12177608820446], [28.708684616969805, 47.12177628849067], [28.708685655699863, 47.121777847792735], [28.70868304898993, 47.12177878657388], [28.708682748356857, 47.121779690945935], [28.708678472844113, 47.121779979712514]]]}, "properties": {"vineyard_id": "V01", "tile": "siret3_r021_c012.tif"}}, {"type": "Feature", "geometry": {"type": "Polygon", "coordinates": [[[28.708697477677454, 47.1217661978454], [28.708696123911157, 47.12176509318729], [28.70869641014058, 47.121763739086965], [28.708694390293793, 47.12176241939595], [28.708697913304274, 47.12175921722653], [28.708700871057495, 47.12175894812178], [28.70870224642882, 47.1217607273722], [28.708702003409755, 47.121763430657225], [28.708699117673156, 47.121765948403166], [28.708697477677454, 47.1217661978454]]]}, "properties": {"vineyard_id": "V01", "tile": "siret3_r021_c012.tif"}}, {"type": "Feature", "geometry": {"type": "Polygon", "coordinates": [[[28.70871240679871, 47.12174865227328], [28.708712685825905, 47.121747073308825], [28.708714311417452, 47.121746374138134], [28.70871793525034, 47.12174632006574], [28.708718214277354, 47.12174474110125], [28.70871719715229, 47.12174385639183], [28.708715549955603, 47.1217438809702], [28.7087155211486, 47.12174298151373], [28.708716502264846, 47.121742741902594], [28.708717189950537, 47.12174363152771], [28.70871948882412, 47.121743372253846], [28.70871904415654, 47.121739779343685], [28.708723641903333, 47.121739260795835], [28.708723233244424, 47.12173679220625], [28.708724837230157, 47.121735418443095], [28.708727494349823, 47.121736053709846], [28.70872764558763, 47.121740775856246], [28.708717076563925, 47.121750382366855], [28.708716023430004, 47.121748373336835], [28.70871240679871, 47.12174865227328]]]}, "properties": {"vineyard_id": "V01", "tile": "siret3_r021_c012.tif"}}, {"type": "Feature", "geometry": {"type": "Polygon", "coordinates": [[[28.708732106499845, 47.12173598488988], [28.70872904792279, 47.1217331058978], [28.70872672744431, 47.12173269057952], [28.708731253172278, 47.12172992339023], [28.708731532198822, 47.12172834442572], [28.70873313618409, 47.12172697066244], [28.708735499873352, 47.121728735165284], [28.708739489153473, 47.12172980049706], [28.708732106499845, 47.12173598488988]]]}, "properties": {"vineyard_id": "V01", "tile": "siret3_r021_c012.tif"}}, {"type": "Feature", "geometry": {"type": "Polygon", "coordinates": [[[28.70876369831191, 47.12170356752542], [28.708762022308758, 47.12170269264799], [28.708762308536205, 47.12170133854751], [28.70876485042342, 47.12169837598761], [28.708766468810847, 47.12169745195212], [28.708768774884145, 47.1216974175414], [28.708770701104598, 47.12169581399768], [28.708769655171764, 47.12169402983226], [28.708771552584178, 47.12169152683209], [28.70877286313822, 47.12169128230467], [28.70877555626617, 47.12169304189086], [28.708776616603167, 47.12169527578445], [28.708773043187726, 47.12169690390743], [28.708769864028824, 47.12170055089148], [28.708766254603052, 47.12170105469371], [28.70876369831191, 47.12170356752542]]]}, "properties": {"vineyard_id": "V01", "tile": "siret3_r021_c012.tif"}}, {"type": "Feature", "geometry": {"type": "Polygon", "coordinates": [[[28.708754783699593, 47.121713374324464], [28.70875436783757, 47.12171068087089], [28.708752706238137, 47.121710255721545], [28.70875234078953, 47.12170913631677], [28.70875526973203, 47.1217079677542], [28.70875554155586, 47.12170616392551], [28.708757790014197, 47.12170433060212], [28.70876139944027, 47.12170382680015], [28.70876202951069, 47.1217029175121], [28.708763368872827, 47.12170357244122], [28.70876308984733, 47.121705151405806], [28.708760805379494, 47.12170586040875], [28.708760855793017, 47.12170743445753], [28.708762216761066, 47.12170876397901], [28.708758285097467, 47.12170949756091], [28.70875804208141, 47.121712200846034], [28.708754783699593, 47.121713374324464]]]}, "properties": {"vineyard_id": "V01", "tile": "siret3_r021_c012.tif"}}, {"type": "Feature", "geometry": {"type": "Polygon", "coordinates": [[[28.708779509534327, 47.121692982900726], [28.708778492409277, 47.12169209819183], [28.708779415908236, 47.121690059667294], [28.708777739905265, 47.12168918479008], [28.708777675087273, 47.121687161013085], [28.708776679568345, 47.12168695089651], [28.70877831956123, 47.12168670145318], [28.708777954112254, 47.12168558204847], [28.70878020256896, 47.12168374872464], [28.708782515843662, 47.121683939177764], [28.708784757098112, 47.12168188098974], [28.70878609645998, 47.121682535918616], [28.708786827358235, 47.12168477472796], [28.70878815231612, 47.12168497992859], [28.708781349330113, 47.1216886809875], [28.708781435754297, 47.121691379356825], [28.708779509534327, 47.121692982900726]]]}, "properties": {"vineyard_id": "V01", "tile": "siret3_r021_c012.tif"}}, {"type": "Feature", "geometry": {"type": "Polygon", "coordinates": [[[28.70879037916629, 47.121682472012225], [28.708787371003545, 47.121681167070456], [28.70878662570125, 47.12167847853288], [28.70878856632457, 47.121677324717105], [28.70878852311232, 47.12167597553244], [28.70879140883989, 47.121673457784325], [28.708794717632927, 47.12167385835366], [28.708797124534247, 47.12167697203989], [28.70879037916629, 47.121682472012225]]]}, "properties": {"vineyard_id": "V01", "tile": "siret3_r021_c012.tif"}}, {"type": "Feature", "geometry": {"type": "Polygon", "coordinates": [[[28.70879869970796, 47.121674698819305], [28.70879734594198, 47.12167359416236], [28.708797295527436, 47.121672020113614], [28.708799887825954, 47.12167063160174], [28.70879981580508, 47.12166838296065], [28.70879748812684, 47.12166774277964], [28.708799128119026, 47.12166749333601], [28.708800717696562, 47.121665669843594], [28.708801104752133, 47.121667463840566], [28.7088034180262, 47.12166765429328], [28.708803360409384, 47.12166585538042], [28.708801369372154, 47.12166543514768], [28.708802292869798, 47.121663396622964], [28.708803596220896, 47.121662927231085], [28.70880395446813, 47.121663821771605], [28.708805601662274, 47.12166379719199], [28.70880787892559, 47.12166286332406], [28.708811202122344, 47.12166371362116], [28.708805130039444, 47.12166965349064], [28.70880186445918, 47.12167060210626], [28.708802244312736, 47.12167217123911], [28.70879869970796, 47.121674698819305]]]}, "properties": {"vineyard_id": "V01", "tile": "siret3_r021_c012.tif"}}, {"type": "Feature", "geometry": {"type": "Polygon", "coordinates": [[[28.708828502068876, 47.12164815739983], [28.70882438315388, 47.12164304451716], [28.708830205017282, 47.121639583067854], [28.708831967446102, 47.12164315631358], [28.708828502068876, 47.12164815739983]]]}, "properties": {"vineyard_id": "V01", "tile": "siret3_r021_c012.tif"}}, {"type": "Feature", "geometry": {"type": "Polygon", "coordinates": [[[28.708835161001847, 47.121639959056075], [28.708832826122244, 47.121639094011684], [28.708833348157388, 47.12163481176165], [28.70883750842173, 47.121630925163764], [28.70883949225569, 47.12163112053178], [28.708841110639792, 47.121630196495246], [28.70884475607135, 47.121630817011244], [28.708845143128112, 47.12163261100805], [28.708843839778126, 47.12163308040041], [28.708843231316685, 47.121634664281196], [28.708837782106777, 47.121639469999785], [28.708835161001847, 47.121639959056075]]]}, "properties": {"vineyard_id": "V01", "tile": "siret3_r021_c012.tif"}}, {"type": "Feature", "geometry": {"type": "Polygon", "coordinates": [[[28.708846052219002, 47.121630122754794], [28.70884601620764, 47.121628998434275], [28.70884369573287, 47.1216285831183], [28.708843000844368, 47.121627468629825], [28.708845614746338, 47.12162675470926], [28.70884423217159, 47.12162475059645], [28.70884775516409, 47.12162154842258], [28.708850376267986, 47.121621059366], [28.70884998200885, 47.12161904050511], [28.70885920628806, 47.1216189028554], [28.708858920063463, 47.121620256956106], [28.70885439435141, 47.12162302415028], [28.708854437565243, 47.12162437333491], [28.708850563527506, 47.12162690583273], [28.708848995559663, 47.12162940391812], [28.708846052219002, 47.121630122754794]]]}, "properties": {"vineyard_id": "V01", "tile": "siret3_r021_c012.tif"}}, {"type": "Feature", "geometry": {"type": "Polygon", "coordinates": [[[28.70867992009538, 47.12174283780827], [28.708679797668186, 47.12173901511825], [28.70868365731895, 47.1217360328978], [28.708683291871594, 47.12173491349279], [28.70868030531319, 47.12173428314059], [28.708684143358752, 47.12173062632777], [28.708686105591074, 47.12173014710604], [28.708687021892572, 47.12172788371809], [28.70868964300325, 47.12172739466512], [28.708688940914957, 47.1217260553116], [28.708692778959342, 47.1217223984985], [28.70869573671056, 47.12172212939391], [28.708695657492285, 47.121719655888604], [28.708698865464104, 47.12171690836301], [28.70869923091166, 47.12171802776798], [28.708702575715296, 47.121719552660544], [28.708699461365324, 47.12172522341977], [28.708695909550475, 47.12172752613276], [28.70869562332121, 47.121728880233086], [28.708681230651123, 47.12174259328189], [28.70867992009538, 47.12174283780827]]]}, "properties": {"vineyard_id": "V01", "tile": "siret3_r021_c012.tif"}}, {"type": "Feature", "geometry": {"type": "Polygon", "coordinates": [[[28.70871023739729, 47.12171178930513], [28.708708246359016, 47.12171136907079], [28.708706534347982, 47.12170936987195], [28.70870814553506, 47.12170822097313], [28.70871240663842, 47.121707482477305], [28.70871434006268, 47.12170610379862], [28.708713609167138, 47.12170386498877], [28.70871914481587, 47.121701757645326], [28.708720010703207, 47.12169792020831], [28.708724579639284, 47.121696502204], [28.70872809544189, 47.121693075169574], [28.708728045029357, 47.12169150112076], [28.708726712869733, 47.121691071055324], [28.708727006299814, 47.121689941819035], [28.70873084433902, 47.12168628500472], [28.70873313600826, 47.121685800866494], [28.708735033422116, 47.12168329786691], [28.708736343976135, 47.12168305333989], [28.708736738231515, 47.12168507220121], [28.70873511984393, 47.1216859962363], [28.708733688703443, 47.12169276673837], [28.708731103603906, 47.12169438011289], [28.70873081017389, 47.12169550934919], [28.708726277246996, 47.121698051674336], [28.70872438703399, 47.12170077953789], [28.708720190747187, 47.12170354181123], [28.708718622771038, 47.12170603989491], [28.70871731221637, 47.12170628442172], [28.708717341023366, 47.12170718387819], [28.70871376040354, 47.12170858713524], [28.708712507462625, 47.121710630574945], [28.70871023739729, 47.12171178930513]]]}, "properties": {"vineyard_id": "V01", "tile": "siret3_r021_c012.tif"}}, {"type": "Feature", "geometry": {"type": "Polygon", "coordinates": [[[28.708742954360847, 47.12168362961753], [28.70873660139685, 47.12168079978301], [28.708742043418283, 47.12167576920499], [28.708746999405705, 47.121676145197], [28.708747264027807, 47.1216741165042], [28.708749555696365, 47.12167363236566], [28.70875057282059, 47.12167451707482], [28.708750000365328, 47.12167722527572], [28.70874840358383, 47.12167882390332], [28.708745438633446, 47.12167886814514], [28.708745525055782, 47.12168156651452], [28.708742954360847, 47.12168362961753]]]}, "properties": {"vineyard_id": "V01", "tile": "siret3_r021_c012.tif"}}, {"type": "Feature", "geometry": {"type": "Polygon", "coordinates": [[[28.708755750218305, 47.12167151518896], [28.708751753740373, 47.12167022499358], [28.708751044449446, 47.1216686607763], [28.70875131627325, 47.12166685694762], [28.708755798783017, 47.12166274057273], [28.70875716695168, 47.12166429495839], [28.708760146305075, 47.121664700444526], [28.708755620584082, 47.12166746763491], [28.708755055331036, 47.12167040069994], [28.708757039166212, 47.12167059606938], [28.708755750218305, 47.12167151518896]]]}, "properties": {"vineyard_id": "V01", "tile": "siret3_r021_c012.tif"}}, {"type": "Feature", "geometry": {"type": "Polygon", "coordinates": [[[28.70876235154997, 47.12166151793637], [28.708761341627735, 47.12166085809143], [28.7087612335989, 47.12165748512972], [28.708769231904288, 47.1216499417188], [28.70877186741427, 47.121649902392235], [28.708774130273664, 47.121648518796775], [28.7087740942638, 47.1216473944762], [28.708779343677524, 47.12164664123044], [28.70877982250505, 47.12164100979594], [28.708781089845807, 47.12163941608376], [28.708783725355264, 47.121639376756924], [28.708783631729116, 47.121636453523465], [28.708784620045105, 47.12163643877589], [28.708784913473686, 47.12163530953947], [28.708787183534152, 47.12163415080785], [28.70879115120201, 47.12163454154559], [28.708792740778872, 47.12163271805329], [28.70879406573548, 47.12163292325386], [28.708795104465803, 47.12163448255497], [28.708793185450315, 47.12163631096318], [28.70878726995846, 47.121636849177186], [28.708789025182288, 47.1216401975595], [28.70878806567435, 47.12164111176355], [28.708783811779412, 47.12164207512626], [28.708783847789476, 47.12164319944682], [28.708782214999964, 47.12164367375433], [28.70878127709786, 47.121645262550665], [28.70878198638934, 47.121646826767744], [28.708774632559834, 47.12165391061962], [28.70877366584943, 47.12165459995947], [28.708772011453583, 47.1216543996745], [28.708771588389265, 47.12165148135685], [28.708767671133906, 47.121652664667245], [28.708767707143643, 47.12165378898781], [28.708771030339218, 47.12165463928608], [28.7087710519451, 47.12165531387843], [28.708770414673413, 47.121655998302394], [28.70876646860992, 47.1216562821563], [28.7087652876916, 47.121660574237694], [28.708767264324493, 47.12166054474283], [28.70876695649152, 47.12166122425098], [28.70876235154997, 47.12166151793637]]]}, "properties": {"vineyard_id": "V01", "tile": "siret3_r021_c012.tif"}}, {"type": "Feature", "geometry": {"type": "Polygon", "coordinates": [[[28.70879695146051, 47.121630405505606], [28.708794279941245, 47.12162932051219], [28.708792632748157, 47.12162934509163], [28.708792002679097, 47.121630254379845], [28.708790663318485, 47.12162959945102], [28.708798017142573, 47.12162251559814], [28.708800953281425, 47.12162157189859], [28.708800924473106, 47.121620672442134], [28.70880491374633, 47.12162173777173], [28.708804848927464, 47.121619713994754], [28.708809461067244, 47.121619645171805], [28.70880885260492, 47.12162122905243], [28.708805235982805, 47.12162150799171], [28.70880330976603, 47.12162311153599], [28.70880368961925, 47.12162468066882], [28.708799902003957, 47.12162991153428], [28.70879695146051, 47.121630405505606]]]}, "properties": {"vineyard_id": "V01", "tile": "siret3_r021_c012.tif"}}, {"type": "Feature", "geometry": {"type": "Polygon", "coordinates": [[[28.708679648133906, 47.121703471840455], [28.708678272764857, 47.12170169258974], [28.708675945086547, 47.12170105240627], [28.708675887473962, 47.1216992534933], [28.708678830820833, 47.121698534660915], [28.708678744401816, 47.121695836291444], [28.708684008224967, 47.12169553277823], [28.708683478975743, 47.121699590163566], [28.70868158876048, 47.12170231802646], [28.708679648133906, 47.121703471840455]]]}, "properties": {"vineyard_id": "V01", "tile": "siret3_r021_c012.tif"}}, {"type": "Feature", "geometry": {"type": "Polygon", "coordinates": [[[28.708689858909832, 47.12169297079238], [28.708686499705003, 47.12169099617117], [28.70868646369693, 47.121689871850556], [28.70868998670322, 47.1216866696814], [28.708692937250834, 47.12168617571278], [28.70869289404099, 47.12168482652805], [28.708691540276902, 47.12168372186984], [28.708696345030024, 47.12167937571751], [28.708697985023072, 47.12167912627531], [28.708699997665068, 47.12168022110221], [28.708701967097074, 47.121679966744345], [28.70870152243132, 47.121676373834056], [28.70870480961886, 47.121676099813634], [28.70870576912886, 47.12167518561024], [28.70870572591871, 47.12167383642553], [28.708703061600723, 47.121672976294114], [28.708704658383425, 47.12167137766712], [28.70870793116724, 47.12167065391837], [28.708708339824852, 47.12167312250805], [28.70871035246682, 47.121674217334764], [28.708710051834757, 47.121675121706886], [28.708707774569156, 47.121676055572884], [28.708707173304905, 47.121677864317114], [28.70870460981033, 47.121680152283425], [28.70870231093938, 47.12168041155696], [28.708701731279923, 47.12168289489353], [28.70869913177654, 47.1216840585391], [28.708697578203267, 47.12168700635074], [28.708694985901243, 47.121688394860364], [28.70869235038925, 47.12168843418519], [28.708691484500054, 47.12169227162203], [28.708689858909832, 47.12169297079238]]]}, "properties": {"vineyard_id": "V01", "tile": "siret3_r021_c012.tif"}}, {"type": "Feature", "geometry": {"type": "Polygon", "coordinates": [[[28.708713553233487, 47.121671244944665], [28.70871151898642, 47.12166947552564], [28.70870785194854, 47.12166818041306], [28.708715879070063, 47.121661536462256], [28.708715850263136, 47.12166063700579], [28.708717819694346, 47.121660382647654], [28.70871968109932, 47.121656755327706], [28.708722273399168, 47.12165536681757], [28.70872700077067, 47.12165889582378], [28.708723456163128, 47.121661423401704], [28.70871985394126, 47.12166215206656], [28.708720921477042, 47.12166461082482], [28.708713553233487, 47.121671244944665]]]}, "properties": {"vineyard_id": "V01", "tile": "siret3_r021_c012.tif"}}, {"type": "Feature", "geometry": {"type": "Polygon", "coordinates": [[[28.70873434740544, 47.12165158711076], [28.708729304998954, 47.121648512748784], [28.708734073736842, 47.1216430422743], [28.708739087335765, 47.12164521717961], [28.708738514880196, 47.12164792538049], [28.70873434740544, 47.12165158711076]]]}, "properties": {"vineyard_id": "V01", "tile": "siret3_r021_c012.tif"}}, {"type": "Feature", "geometry": {"type": "Polygon", "coordinates": [[[28.708744214318425, 47.12164064124548], [28.708743182791284, 47.12163930680802], [28.70874086231681, 47.12163889148996], [28.70874142757035, 47.12163595842497], [28.708744313298055, 47.12163344067802], [28.708749233272222, 47.12163269234939], [28.708752255835055, 47.12163444702044], [28.708750630247387, 47.121635146191615], [28.708750028985012, 47.12163695493607], [28.708746169345037, 47.12163993715866], [28.708744214318425, 47.12164064124548]]]}, "properties": {"vineyard_id": "V01", "tile": "siret3_r021_c012.tif"}}, {"type": "Feature", "geometry": {"type": "Polygon", "coordinates": [[[28.708674893657776, 47.12166822224435], [28.70867461999854, 47.12165967740764], [28.708683950474956, 47.1216525640686], [28.7086903232019, 47.12164571983329], [28.70869265807957, 47.121646584880615], [28.70869562302824, 47.1216465406402], [28.70869370400887, 47.1216483690468], [28.70869442770112, 47.12165038299269], [28.708690604065144, 47.12165448953405], [28.70868547707652, 47.121659065465856], [28.70868446715527, 47.12165840562022], [28.708681838846324, 47.12165866980891], [28.708681961273324, 47.121662492499], [28.708674893657776, 47.12166822224435]]]}, "properties": {"vineyard_id": "V01", "tile": "siret3_r021_c012.tif"}}, {"type": "Feature", "geometry": {"type": "Polygon", "coordinates": [[[28.708709671827297, 47.12163238277716], [28.70870866190626, 47.121631722931724], [28.708709549398442, 47.121628560087096], [28.708712514346082, 47.12162851584626], [28.708712478337542, 47.12162739152566], [28.708710809539333, 47.12162674151155], [28.70871501302242, 47.121624204102716], [28.70871655939127, 47.121621031426734], [28.70872512479431, 47.12162090361914], [28.708724824162765, 47.1216218079913], [28.708722224662843, 47.12162297163737], [28.708722611715437, 47.12162476563465], [28.708716181381316, 47.121629810958744], [28.708714928442255, 47.121631854398466], [28.708709671827297, 47.12163238277716]]]}, "properties": {"vineyard_id": "V01", "tile": "siret3_r021_c012.tif"}}, {"type": "Feature", "geometry": {"type": "Polygon", "coordinates": [[[28.708699840916918, 47.121644452960155], [28.708698458347126, 47.12164244884551], [28.708695442987207, 47.12164091903715], [28.708699603262197, 47.121637032444134], [28.70870091381526, 47.121636787917545], [28.708705052484497, 47.12163222673197], [28.70870866910796, 47.12163194779585], [28.708710030072744, 47.12163327731799], [28.70870707952821, 47.121633771287016], [28.708706471062687, 47.121635355167136], [28.708709443212406, 47.12163553579049], [28.708709808659577, 47.121636655195445], [28.70870564118368, 47.12164031692471], [28.70870399399018, 47.12164034150287], [28.708701401690565, 47.121641730012605], [28.708699840916918, 47.121644452960155]]]}, "properties": {"vineyard_id": "V01", "tile": "siret3_r021_c012.tif"}}, {"type": "Feature", "geometry": {"type": "Polygon", "coordinates": [[[28.70415693569037, 47.12906061432573], [28.704157178963097, 47.12905791105027], [28.704160072486673, 47.12905561827841], [28.704159971905202, 47.12905247017735], [28.704162235195508, 47.12905108666916], [28.704163738933563, 47.12904656486619], [28.70416570147598, 47.129046085718535], [28.70416771430931, 47.129047180621356], [28.704167764600268, 47.12904875467187], [28.70416561626083, 47.129053736009936], [28.70416397601898, 47.12905398539009], [28.70416439171715, 47.12905667885926], [28.704161190261612, 47.12905965112747], [28.70415693569037, 47.12906061432573]]]}, "properties": {"vineyard_id": "V02", "tile": "siret3_r006_c004.tif"}}, {"type": "Feature", "geometry": {"type": "Polygon", "coordinates": [[[28.70417002070578, 47.12904714629918], [28.704169963230328, 47.12904534738429], [28.70417160347188, 47.12904509800406], [28.704171502889757, 47.12904194990302], [28.704173128762314, 47.129041250794046], [28.70417165994845, 47.129036548255215], [28.704173185238655, 47.1290327010452], [28.704175734906187, 47.129029963447394], [28.704174975353705, 47.12902682515275], [28.704179201184065, 47.12902496249637], [28.70418253814071, 47.129015913986784], [28.704184164012332, 47.129015214877654], [28.704184221488198, 47.12901701379254], [28.704183240217617, 47.129017253366534], [28.704183268955536, 47.12901815282396], [28.704184264595103, 47.1290183629787], [28.7041843651779, 47.12902151107973], [28.704181772404354, 47.129022899491545], [28.704181837064628, 47.12902492327078], [28.70417921555299, 47.1290254122251], [28.70417932331998, 47.12902878519049], [28.70418135052187, 47.1290303298218], [28.704180412357857, 47.12903191858194], [28.704177461360747, 47.129032412439415], [28.704177898612787, 47.12903578050161], [28.704175964808677, 47.129037159106915], [28.704173222160087, 47.129044174030724], [28.70417133146218, 47.12904690182211], [28.70417002070578, 47.12904714629918]]]}, "properties": {"vineyard_id": "V02", "tile": "siret3_r006_c004.tif"}}, {"type": "Feature", "geometry": {"type": "Polygon", "coordinates": [[[28.704123328189816, 47.12906111444062], [28.70412326353167, 47.129059090661336], [28.704126171425294, 47.12905724761903], [28.704126464989322, 47.12905611839416], [28.704126099582805, 47.129054998975384], [28.704124122671207, 47.12905502839365], [28.704125060837296, 47.12905343963397], [28.704127338497074, 47.12905250585517], [28.704129544314153, 47.1290493234327], [28.704129472471543, 47.129047074789064], [28.70413106960775, 47.12904547622322], [28.704134686760728, 47.12904519742514], [28.704135381652566, 47.12904631194082], [28.704133777332178, 47.129047685642355], [28.70413381325358, 47.12904880996418], [28.704135174300195, 47.12905013953807], [28.704134214581618, 47.12905105370474], [28.704131915369203, 47.129051312890574], [28.704130962834824, 47.12905245192159], [28.704131436005486, 47.129056944305795], [28.704130497839532, 47.12905853306553], [28.704126623042853, 47.12906106541019], [28.704123328189816, 47.12906111444062]]]}, "properties": {"vineyard_id": "V02", "tile": "siret3_r006_c004.tif"}}, {"type": "Feature", "geometry": {"type": "Polygon", "coordinates": [[[28.70413426387988, 47.12904227909147], [28.704133891289022, 47.12904093480836], [28.704137766083914, 47.12903840246348], [28.70413757929231, 47.129032555990015], [28.704143036853146, 47.129027975350276], [28.704144705831585, 47.12902862542789], [28.7041454294607, 47.129030639400966], [28.704143846693995, 47.129032687695734], [28.704141246734522, 47.129033851242276], [28.704140753003283, 47.12903903292882], [28.70413721487796, 47.12904178523509], [28.70413426387988, 47.12904227909147]]]}, "properties": {"vineyard_id": "V02", "tile": "siret3_r006_c004.tif"}}, {"type": "Feature", "geometry": {"type": "Polygon", "coordinates": [[[28.70414994786118, 47.12901729885693], [28.70414793502935, 47.12901620395377], [28.704148486234402, 47.12901282118209], [28.704150427222704, 47.12901166744162], [28.704150677679944, 47.12900918903052], [28.704150999980584, 47.12900895926303], [28.70415165895054, 47.1290089494568], [28.704152633036774, 47.12900848501872], [28.704153621491695, 47.129008470309365], [28.704153943792313, 47.12900824054187], [28.704153965345373, 47.12900891513496], [28.704154302014707, 47.129009135096204], [28.704156278924575, 47.12900910567745], [28.70415729611698, 47.12900999042551], [28.704156422611877, 47.129013602964704], [28.704155154962383, 47.129015196627755], [28.70414994786118, 47.12901729885693]]]}, "properties": {"vineyard_id": "V02", "tile": "siret3_r006_c004.tif"}}, {"type": "Feature", "geometry": {"type": "Polygon", "coordinates": [[[28.70416463618904, 47.12899210846543], [28.704162616173498, 47.12899078869814], [28.704163188930558, 47.12898808051949], [28.704165445033695, 47.128986472146885], [28.704165709858948, 47.128984443464475], [28.704168302631082, 47.128983055053034], [28.70416791567101, 47.12898126104129], [28.70416916895052, 47.12897921764938], [28.70417240632303, 47.128977369702795], [28.704172964710608, 47.12897421179536], [28.70417557185093, 47.128973273112486], [28.70417793571977, 47.12897503770508], [28.704177627788347, 47.12897571720136], [28.704175658064177, 47.128975971484834], [28.704176102499986, 47.128979564411445], [28.704173817659733, 47.128980273326796], [28.704173918241775, 47.12898342142787], [28.704169485064696, 47.12898911168132], [28.704165954128527, 47.12899208885281], [28.70416463618904, 47.12899210846543]]]}, "properties": {"vineyard_id": "V02", "tile": "siret3_r006_c004.tif"}}, {"type": "Feature", "geometry": {"type": "Polygon", "coordinates": [[[28.704107789131545, 47.129028724840154], [28.70410611296938, 47.12902784989763], [28.704106084232752, 47.12902695044015], [28.70410669291382, 47.129025366583605], [28.704108956204415, 47.129023983076465], [28.704108497404338, 47.129019940420825], [28.704111097363874, 47.12901877687502], [28.704111054258817, 47.129017427688794], [28.70411265139472, 47.12901582912321], [28.70411253644782, 47.12901223129332], [28.704118065850835, 47.129009899298445], [28.704119126147884, 47.129012133233054], [28.704115881587217, 47.129013756313825], [28.704115087105368, 47.12901984236078], [28.704111298520843, 47.129025073077315], [28.704112014964462, 47.129026862186244], [28.704110417828222, 47.12902846075183], [28.704107789131545, 47.129028724840154]]]}, "properties": {"vineyard_id": "V02", "tile": "siret3_r006_c004.tif"}}, {"type": "Feature", "geometry": {"type": "Polygon", "coordinates": [[[28.704118022745618, 47.12900855011225], [28.704115988362183, 47.1290067806154], [28.70411628911037, 47.129005876254915], [28.704117914982586, 47.12900517714673], [28.704118502110465, 47.12900291869702], [28.704120772584016, 47.12900176005402], [28.704120686373468, 47.1289990616816], [28.704122920925705, 47.128996778716726], [28.704123192936844, 47.12899497489876], [28.704124811624407, 47.128994050926096], [28.704124775703267, 47.12899292660426], [28.704126057721634, 47.12899178267027], [28.704128041815125, 47.12899197811638], [28.7041297179765, 47.128992853058584], [28.704130119303883, 47.12899509679921], [28.70412718267677, 47.12899604038412], [28.70412602997454, 47.12900123187673], [28.70412022856151, 47.12900536768995], [28.704119985287075, 47.12900807096537], [28.704118022745618, 47.12900855011225]]]}, "properties": {"vineyard_id": "V02", "tile": "siret3_r006_c004.tif"}}, {"type": "Feature", "geometry": {"type": "Polygon", "coordinates": [[[28.70413054119336, 47.128987666469], [28.704129846302422, 47.128986551953275], [28.7041314218841, 47.12898427879433], [28.70413104210951, 47.1289827096468], [28.704134637705444, 47.1289817562557], [28.70413456586278, 47.12897950761203], [28.704136821966447, 47.12897789923999], [28.704136098338427, 47.12897588526681], [28.704139371633325, 47.128975161642984], [28.704139328527624, 47.1289738124568], [28.704137007765738, 47.12897339704957], [28.704136642359614, 47.1289722776308], [28.704140553070914, 47.128970869607706], [28.704139464036707, 47.12896773621581], [28.70414437038605, 47.12896653834772], [28.704145094014244, 47.12896855232082], [28.704143611829522, 47.12897374871669], [28.704142358549152, 47.12897579210835], [28.704141047794344, 47.12897603658506], [28.704140489404846, 47.12897919449233], [28.704138218932684, 47.12898035313573], [28.704138605891746, 47.128982147147575], [28.704135683634043, 47.12898354046142], [28.7041357698453, 47.128986238833825], [28.70413251810245, 47.128987637050656], [28.70413054119336, 47.128987666469]]]}, "properties": {"vineyard_id": "V02", "tile": "siret3_r006_c004.tif"}}, {"type": "Feature", "geometry": {"type": "Polygon", "coordinates": [[[28.704151560580527, 47.12895428290061], [28.70415022827332, 47.12895385278432], [28.704149160791882, 47.12895139398561], [28.704151732009887, 47.12894933098145], [28.704151681719573, 47.12894775693089], [28.704153264483548, 47.12894570863602], [28.704154575237553, 47.128945464159195], [28.704156702020896, 47.1289398082282], [28.70416144312681, 47.12893343847898], [28.70416071949852, 47.12893142450596], [28.704162674852384, 47.128930720494026], [28.704163269162002, 47.12892868690846], [28.70416586193153, 47.12892729849709], [28.70416609083461, 47.12892414549283], [28.704170015910414, 47.128923187197486], [28.704170746723335, 47.12892542603481], [28.704168490622894, 47.12892703440749], [28.704168913504528, 47.12892995274108], [28.704166277628634, 47.12892999196632], [28.70416372796525, 47.12893272956389], [28.704163506246378, 47.1289361074325], [28.704160576807467, 47.12893727588259], [28.704159488768862, 47.128944491154826], [28.70415435351807, 47.128948842027796], [28.70415384541998, 47.12895357398572], [28.704151560580527, 47.12895428290061]]]}, "properties": {"vineyard_id": "V02", "tile": "siret3_r006_c004.tif"}}, {"type": "Feature", "geometry": {"type": "Polygon", "coordinates": [[[28.70404917244244, 47.129061543007225], [28.70404776829412, 47.12905886424604], [28.704053211497534, 47.129053833881734], [28.70405318276177, 47.12905293442425], [28.704050826077395, 47.12905139469345], [28.704051126826922, 47.12905049033313], [28.70405470087705, 47.12904886235133], [28.704056283647677, 47.12904681405775], [28.704055545653784, 47.129044350355336], [28.70405815279964, 47.12904341167507], [28.704060516667834, 47.129045176270076], [28.704060259022306, 47.12904742981667], [28.704057379862718, 47.12905017231481], [28.704057466070214, 47.1290528706873], [28.70405362719012, 47.12905652735138], [28.704052732125476, 47.129059465296734], [28.704050490383715, 47.129061523395926], [28.70404917244244, 47.129061543007225]]]}, "properties": {"vineyard_id": "V02", "tile": "siret3_r006_c004.tif"}}, {"type": "Feature", "geometry": {"type": "Polygon", "coordinates": [[[28.704061748401003, 47.12904245828618], [28.704058431997122, 47.129041832721605], [28.704057744290903, 47.12904094306982], [28.704059678098254, 47.129039564466474], [28.70406164782537, 47.12903931018496], [28.70406149696196, 47.12903458803313], [28.704063753070148, 47.12903297966249], [28.704063344561245, 47.12903051105724], [28.70406595170629, 47.129029572376815], [28.704064855491175, 47.129026214119826], [28.704067054126973, 47.12902280683413], [28.704071638182004, 47.129021838736314], [28.704070556334713, 47.12901893020814], [28.70407308445489, 47.12901551801945], [28.704072675945714, 47.12901304941423], [28.704073614112644, 47.12901146065495], [28.704074566647563, 47.12901032162442], [28.704076529189493, 47.12900984247828], [28.704075805563278, 47.12900782850473], [28.70407810477412, 47.12900756932004], [28.70408064007734, 47.12900438199557], [28.704084557976557, 47.1290031988387], [28.704084930565887, 47.129004543122015], [28.704082975208276, 47.12900524713266], [28.70408109887514, 47.12900842465136], [28.70407715942336, 47.12900893321498], [28.70407732465609, 47.12901410509555], [28.704075298437903, 47.12902290912635], [28.7040734221037, 47.12902608664495], [28.704070507025886, 47.129027704821546], [28.704066410503245, 47.12903361503265], [28.70406621032994, 47.12903766749422], [28.704063617552467, 47.12903905590341], [28.704064018877474, 47.12904129964427], [28.704061748401003, 47.12904245828618]]]}, "properties": {"vineyard_id": "V02", "tile": "siret3_r006_c004.tif"}}, {"type": "Feature", "geometry": {"type": "Polygon", "coordinates": [[[28.704086441493388, 47.12900024618432], [28.704085102001468, 47.12899959120291], [28.704085037344914, 47.12899756742356], [28.704083705037128, 47.128997137306506], [28.70408331089573, 47.12899511843008], [28.70408654108816, 47.1289930456215], [28.704087128217253, 47.128990787171915], [28.704091010194915, 47.12898847969299], [28.704090644789638, 47.128987360274074], [28.704092506753323, 47.12898373302648], [28.704093810324462, 47.12898326368596], [28.704093731299427, 47.12898079017787], [28.704095973036196, 47.128978732077876], [28.704095514237586, 47.12897468942214], [28.70409864385075, 47.12896946851204], [28.704100950243948, 47.12896943419128], [28.704101079558136, 47.12897348174997], [28.704102125485452, 47.12897526595603], [28.704099525527816, 47.12897642950161], [28.70410024915446, 47.128978443475035], [28.704099633289577, 47.12897980246718], [28.704097685117176, 47.12898073134244], [28.704096525228252, 47.12898569797042], [28.704093932454086, 47.12898708638027], [28.70409433377991, 47.12898933012104], [28.70409302302454, 47.1289895745972], [28.704091755373685, 47.12899116825957], [28.70409119698113, 47.128994326166655], [28.704088253169274, 47.128995044886196], [28.704088683231237, 47.128998188084466], [28.704086441493388, 47.12900024618432]]]}, "properties": {"vineyard_id": "V02", "tile": "siret3_r006_c004.tif"}}, {"type": "Feature", "geometry": {"type": "Polygon", "coordinates": [[[28.704108570511615, 47.12896032194499], [28.704107216652147, 47.12895921723508], [28.70410778222759, 47.12895628419229], [28.70411031034251, 47.12895287200282], [28.704113261335905, 47.128952378147105], [28.704114600826966, 47.128953033128205], [28.70411369139893, 47.12895552134529], [28.70411140655884, 47.1289562302594], [28.704111485584626, 47.128958703767466], [28.704108570511615, 47.12896032194499]]]}, "properties": {"vineyard_id": "V02", "tile": "siret3_r006_c004.tif"}}, {"type": "Feature", "geometry": {"type": "Polygon", "coordinates": [[[28.704113855647634, 47.12895034456176], [28.704113475873836, 47.12894877541417], [28.70411542404479, 47.12894784653866], [28.704114714786368, 47.12894628229409], [28.704116605483772, 47.1289435545036], [28.70411584593613, 47.12894041620844], [28.704117786922563, 47.12893926246852], [28.704118381233986, 47.12893722888316], [28.704121640158384, 47.128936055531106], [28.704124110797803, 47.128930844426385], [28.70412303613385, 47.128928160763024], [28.704124941198632, 47.128925882701154], [28.70412691092122, 47.128925628418564], [28.704126860631686, 47.12892405436798], [28.704129725412564, 47.128920862139424], [28.70413027661796, 47.128917479367786], [28.70413224634021, 47.12891722508511], [28.704131873750367, 47.128915880801955], [28.704133750077364, 47.128912703282445], [28.704136679515543, 47.12891153483305], [28.704134924329907, 47.12890818638282], [28.704138147330852, 47.12890588870848], [28.7041390280199, 47.128902501033735], [28.704142337231676, 47.128902901731706], [28.704142738558804, 47.12890514547231], [28.704138570210628, 47.12890880704221], [28.70413927228495, 47.12891014642229], [28.704137309747253, 47.12891062556943], [28.70413767515294, 47.12891174498822], [28.704139988727857, 47.12891193553109], [28.70413770388998, 47.1289126444457], [28.704137811653915, 47.12891601741123], [28.70413488939977, 47.12891741072502], [28.70413025605552, 47.12892715343871], [28.704126954026542, 47.128926977604785], [28.704127763864193, 47.12893168995047], [28.704125522130596, 47.12893374805106], [28.70412556523589, 47.12893509723728], [28.70412360988136, 47.12893580124858], [28.704123696091866, 47.12893849962102], [28.704122406890495, 47.128939418690614], [28.704119778198265, 47.12893968277916], [28.7041208528623, 47.12894236644254], [28.704119019638682, 47.12894689314805], [28.704116061461463, 47.128947162139546], [28.70411580381865, 47.12894941568626], [28.704113855647634, 47.12895034456176]]]}, "properties": {"vineyard_id": "V02", "tile": "siret3_r006_c004.tif"}}, {"type": "Feature", "geometry": {"type": "Polygon", "coordinates": [[[28.70414297464748, 47.12890221733244], [28.704142580504637, 47.12890019845619], [28.704140582045984, 47.12889955328156], [28.704140553308903, 47.12889865382408], [28.70414508706188, 47.12889611167288], [28.70414533751898, 47.12889363326173], [28.704147944655904, 47.12889269457951], [28.70414959926151, 47.12889289492839], [28.70415060926722, 47.12889355481219], [28.704149993404545, 47.12889491380461], [28.704146361893248, 47.1288947428743], [28.704146856616326, 47.12889990985169], [28.70414297464748, 47.12890221733244]]]}, "properties": {"vineyard_id": "V02", "tile": "siret3_r006_c004.tif"}}, {"type": "Feature", "geometry": {"type": "Polygon", "coordinates": [[[28.70415531444827, 47.128886060741394], [28.704152979321464, 47.128885195605704], [28.70415292903123, 47.128883621555126], [28.704155156393046, 47.128881113725285], [28.704154088912937, 47.12887865492658], [28.704158350654144, 47.12887791659292], [28.70415759828943, 47.128875003162385], [28.704159202604117, 47.12887362946056], [28.704159123576353, 47.12887115595251], [28.704162998357912, 47.12886862360687], [28.704163485897933, 47.12887356571982], [28.704162196698793, 47.12887448478984], [28.704162569289082, 47.12887582907291], [28.704161301642934, 47.128877422736025], [28.70415868013831, 47.1288779116898], [28.704158186409785, 47.12888309337651], [28.704156618016466, 47.12888559140017], [28.70415531444827, 47.128886060741394]]]}, "properties": {"vineyard_id": "V02", "tile": "siret3_r006_c004.tif"}}, {"type": "Feature", "geometry": {"type": "Polygon", "coordinates": [[[28.704167080488837, 47.12886226366371], [28.704166041746053, 47.12886070432258], [28.70416732376042, 47.12885956038815], [28.704167588585108, 47.12885753170569], [28.70416983031393, 47.12885547360432], [28.70417104766861, 47.12885230589055], [28.70417062478759, 47.12884938755691], [28.704172909622326, 47.12884867864168], [28.70417612543368, 47.12884615610195], [28.704175358699683, 47.1288427929428], [28.704176662266654, 47.12884232360136], [28.704176941459732, 47.12884074464762], [28.7041759027171, 47.12883918530655], [28.704177499845844, 47.128837586740126], [28.704178495482, 47.128837796894956], [28.70417853858849, 47.12883914608114], [28.704177557321135, 47.12883938565506], [28.70417758605878, 47.12884028511253], [28.704178581694986, 47.128840495267355], [28.704178754120992, 47.12884589201216], [28.704176798770433, 47.12884659602433], [28.70417692090541, 47.128850418718564], [28.704174987107866, 47.12885179732382], [28.70417508050512, 47.12885472056059], [28.704173827228637, 47.12885676395257], [28.70417057549461, 47.12885816217041], [28.70416898554944, 47.12885998560113], [28.70416904302449, 47.12886178451607], [28.704167080488837, 47.12886226366371]]]}, "properties": {"vineyard_id": "V02", "tile": "siret3_r006_c004.tif"}}, {"type": "Feature", "geometry": {"type": "Polygon", "coordinates": [[[28.70401672483736, 47.129057076463276], [28.70401538534482, 47.12905642148107], [28.704015664543633, 47.129054842527694], [28.704020420044007, 47.129048922512865], [28.704023371043593, 47.129048428659374], [28.704024101852248, 47.12905066749764], [28.70402185292592, 47.1290525007319], [28.70402158091111, 47.12905430454967], [28.704019024050645, 47.12905681727976], [28.70401672483736, 47.129057076463276]]]}, "properties": {"vineyard_id": "V02", "tile": "siret3_r006_c004.tif"}}, {"type": "Feature", "geometry": {"type": "Polygon", "coordinates": [[[28.704023650242128, 47.129046849706], [28.704021981264546, 47.12904619962661], [28.70402190942647, 47.129043950982826], [28.704020913787026, 47.129043740826695], [28.704021522470818, 47.12904215697057], [28.704023141161592, 47.12904123299932], [28.704023427543913, 47.129039878910305], [28.704026349807677, 47.12903848559925], [28.704026607454608, 47.12903623205273], [28.704027903843787, 47.129035537848544], [28.704027875108466, 47.12903463839103], [28.70402654280019, 47.12903420827334], [28.704029493798906, 47.129033714419705], [28.70403174990804, 47.12903210604968], [28.70403163496653, 47.12902850821967], [28.704033898259233, 47.129027124713964], [28.70403449975861, 47.12902531599338], [28.704036462301474, 47.12902483684795], [28.704037164374856, 47.12902617622863], [28.70403413532643, 47.1290345452384], [28.704030546908925, 47.129035723490794], [28.70403163593825, 47.129038856883746], [28.704026772682592, 47.1290414039334], [28.704028212748543, 47.12904520701676], [28.704027260212026, 47.12904634604693], [28.704023650242128, 47.129046849706]]]}, "properties": {"vineyard_id": "V02", "tile": "siret3_r006_c004.tif"}}, {"type": "Feature", "geometry": {"type": "Polygon", "coordinates": [[[28.704045428289394, 47.129006255787935], [28.704044704664398, 47.12900424181417], [28.704045986684775, 47.129003097881046], [28.70404593639749, 47.12900152383041], [28.704048822739026, 47.12899900619695], [28.704051465802408, 47.12899919183873], [28.704053507367373, 47.12900118620113], [28.704051638216516, 47.12900458858375], [28.704049661306705, 47.1290046180007], [28.704048379286377, 47.129005761933854], [28.704045736222678, 47.129005576292], [28.704045428289394, 47.129006255787935]]]}, "properties": {"vineyard_id": "V02", "tile": "siret3_r006_c004.tif"}}, {"type": "Feature", "geometry": {"type": "Polygon", "coordinates": [[[28.704038360189454, 47.12902233392306], [28.704037357366484, 47.129021898902685], [28.704036927307307, 47.1290187557042], [28.70403851726163, 47.12901693227525], [28.704039082841387, 47.129013999232754], [28.70404226993339, 47.12901057723914], [28.70404219091067, 47.12900810373101], [28.704045098804414, 47.129006260690744], [28.704046467031635, 47.12900781513014], [28.704046882723457, 47.129010508599826], [28.704043702815657, 47.129014155457945], [28.704043796206246, 47.129017078694844], [28.70404063066561, 47.12902117528162], [28.704038360189454, 47.12902233392306]]]}, "properties": {"vineyard_id": "V02", "tile": "siret3_r006_c004.tif"}}, {"type": "Feature", "geometry": {"type": "Polygon", "coordinates": [[[28.704054287488177, 47.12899465042573], [28.70405294799678, 47.128993995443935], [28.704051830231514, 47.12898996259366], [28.704055676291002, 47.12898653079404], [28.704055640371333, 47.12898540647215], [28.704059207233062, 47.12898355362587], [28.704059085105946, 47.12897973093149], [28.704061011727134, 47.12897812746375], [28.704063647605548, 47.128978088240906], [28.70406437123087, 47.12898010221456], [28.704063454616094, 47.1289823655669], [28.704058304985892, 47.12898626670692], [28.70405673658496, 47.128988764729264], [28.704055906176954, 47.128993726454055], [28.704054287488177, 47.12899465042573]]]}, "properties": {"vineyard_id": "V02", "tile": "siret3_r006_c004.tif"}}, {"type": "Feature", "geometry": {"type": "Polygon", "coordinates": [[[28.704062909612357, 47.1289756245385], [28.70406157012134, 47.1289749695568], [28.70406306668204, 47.12897022289062], [28.7040659530211, 47.12896770525674], [28.70406791556156, 47.128967226110774], [28.70406881062396, 47.12896428816527], [28.704071775986392, 47.128964244039366], [28.704073459329983, 47.12896534384682], [28.704073180133285, 47.12896692280032], [28.704068316886126, 47.128969469851654], [28.704067787228297, 47.12897352721614], [28.704062909612357, 47.1289756245385]]]}, "properties": {"vineyard_id": "V02", "tile": "siret3_r006_c004.tif"}}, {"type": "Feature", "geometry": {"type": "Polygon", "coordinates": [[[28.704071066729004, 47.12896267979451], [28.704070271263785, 47.128958417177145], [28.704074761921152, 47.12895452584239], [28.704076402160407, 47.128954276463546], [28.704076366240336, 47.128953152141676], [28.704078443724523, 47.12895627082553], [28.704076875325384, 47.128958768848136], [28.70407360921459, 47.12895971733456], [28.704073365937937, 47.128962420609945], [28.704071066729004, 47.12896267979451]]]}, "properties": {"vineyard_id": "V02", "tile": "siret3_r006_c004.tif"}}, {"type": "Feature", "geometry": {"type": "Polygon", "coordinates": [[[28.70408425852224, 47.128942236079055], [28.70408223132653, 47.128940691445926], [28.704083112019653, 47.128937303771565], [28.704087917790744, 47.12893295780466], [28.704089565213334, 47.128932933289995], [28.704090911887683, 47.12893381313576], [28.704089314753507, 47.12893541170105], [28.70408974481496, 47.12893855489935], [28.70408425852224, 47.128942236079055]]]}, "properties": {"vineyard_id": "V02", "tile": "siret3_r006_c004.tif"}}, {"type": "Feature", "geometry": {"type": "Polygon", "coordinates": [[[28.70409227913137, 47.1289250189105], [28.704091870622115, 47.12892255030533], [28.70409446339325, 47.12892116189556], [28.70409307361471, 47.12891893286359], [28.70409565920156, 47.128917319589426], [28.704098810363785, 47.12891277327243], [28.704098050817677, 47.128909634977106], [28.70410351555379, 47.12890527920366], [28.7041030567554, 47.128901236547904], [28.704105635156974, 47.128899398409146], [28.704106222284334, 47.12889713995946], [28.70410753303738, 47.12889689548317], [28.704109058328513, 47.128893048273916], [28.704111665466073, 47.12889210959251], [28.70411172293925, 47.1288939085075], [28.704113091165414, 47.12889546294614], [28.70411285507512, 47.128898391085976], [28.70410801338846, 47.12890161273203], [28.704106846317888, 47.12890635449578], [28.7041052204485, 47.12890705360378], [28.704105650510613, 47.128910196802025], [28.70410502746248, 47.12891133092984], [28.704102427507987, 47.12891249447547], [28.704101847564424, 47.12891497778952], [28.70409805898575, 47.12892020850562], [28.704098796979725, 47.1289226722078], [28.704096855993466, 47.128923825947396], [28.704092894995853, 47.128923659918385], [28.70409227913137, 47.1289250189105]]]}, "properties": {"vineyard_id": "V02", "tile": "siret3_r006_c004.tif"}}, {"type": "Feature", "geometry": {"type": "Polygon", "coordinates": [[[28.70411672887339, 47.12888551007772], [28.704114293169038, 47.12888149684003], [28.70411655645342, 47.12888011333278], [28.704116828464286, 47.128878309514796], [28.704120037095898, 47.12887556211221], [28.70411995088577, 47.12887286373975], [28.704122199801272, 47.128871030503646], [28.704121798475303, 47.128868786762936], [28.704123417159124, 47.12886786279034], [28.704123975548644, 47.12886470488307], [28.70412825165761, 47.128864416279306], [28.704128709467874, 47.1288581102708], [28.704131567060987, 47.12885469317785], [28.704130843434964, 47.128852679204584], [28.704132132634136, 47.12885176013491], [28.70413240464435, 47.12884995631687], [28.704135348447625, 47.1288492375963], [28.70413593557323, 47.128846979146466], [28.70413815575012, 47.12884424645257], [28.704139144202006, 47.12884423174337], [28.704140204496447, 47.12884646567788], [28.70413799868807, 47.128849648100555], [28.704138048977796, 47.12885122215116], [28.704137089262755, 47.128852136317825], [28.704134138275116, 47.128852630174094], [28.704134933743617, 47.12885689279105], [28.704133043050106, 47.12885962058183], [28.70413312207663, 47.128862094089925], [28.70413085160921, 47.12886325273311], [28.704130257299013, 47.12886528631854], [28.704127958094567, 47.1288655455042], [28.704128373789196, 47.12886823897362], [28.704126160795035, 47.128871196531705], [28.704124198258633, 47.12887167567861], [28.704124320389955, 47.12887549837295], [28.704120803826935, 47.12887892527178], [28.70412084693203, 47.128880274458005], [28.70411891313195, 47.12888165306233], [28.704118648305318, 47.12888368174469], [28.70411672887339, 47.12888551007772]]]}, "properties": {"vineyard_id": "V02", "tile": "siret3_r006_c004.tif"}}, {"type": "Feature", "geometry": {"type": "Polygon", "coordinates": [[[28.704151089848512, 47.12882605627651], [28.704147766272897, 47.12882520584997], [28.704147744720053, 47.12882453125685], [28.704150659784542, 47.12882291307841], [28.70415157639305, 47.12882064972539], [28.704151526102972, 47.1288190756748], [28.704150523282973, 47.12881864065537], [28.704151461444305, 47.12881705189545], [28.70415505702877, 47.12881609850381], [28.704156625420207, 47.12881360048017], [28.704159232553053, 47.128812661797745], [28.70415918944709, 47.12881131261152], [28.70415783559046, 47.128810207902134], [28.704158100415313, 47.12880817921969], [28.70416038524847, 47.12880747030473], [28.704161717552072, 47.12880790042095], [28.704162777846683, 47.128810134355255], [28.704161897160514, 47.1288135220302], [28.704158688534733, 47.12881626943391], [28.70415782940118, 47.12882033170193], [28.70415361077038, 47.12882241922175], [28.704151089848512, 47.12882605627651]]]}, "properties": {"vineyard_id": "V02", "tile": "siret3_r006_c004.tif"}}, {"type": "Feature", "geometry": {"type": "Polygon", "coordinates": [[[28.704163651348402, 47.12880652181594], [28.70416098674127, 47.1288056615835], [28.704161910533397, 47.12880362309479], [28.704163851513915, 47.12880246935414], [28.704163801223512, 47.12880089530354], [28.7041663939869, 47.128799506892214], [28.704168041405307, 47.128799482376486], [28.704169065778174, 47.128800591988906], [28.70416679531414, 47.12880175063277], [28.70416625129642, 47.12880535826898], [28.704163651348402, 47.12880652181594]]]}, "properties": {"vineyard_id": "V02", "tile": "siret3_r006_c004.tif"}}, {"type": "Feature", "geometry": {"type": "Polygon", "coordinates": [[[28.70417009633814, 47.12879157780151], [28.704168720928717, 47.12878979849914], [28.704169014490525, 47.12878866927414], [28.70417326185559, 47.128787481211276], [28.704173125352387, 47.128783208788256], [28.70417472966397, 47.128781835086215], [28.704176713749785, 47.12878203053159], [28.70417690054404, 47.128787877005195], [28.7041739639291, 47.128788820591176], [28.704172058871173, 47.128791098653835], [28.70417009633814, 47.12879157780151]]]}, "properties": {"vineyard_id": "V02", "tile": "siret3_r006_c004.tif"}}, {"type": "Feature", "geometry": {"type": "Polygon", "coordinates": [[[28.70397736619162, 47.12906328639383], [28.70397730153901, 47.12906126261439], [28.70398242244775, 47.12905646202035], [28.703982364978607, 47.1290546631053], [28.703980337781434, 47.12905311847041], [28.70398194210599, 47.129051744770976], [28.70398396930315, 47.129053289405846], [28.70398629006742, 47.129053704816116], [28.703986648287348, 47.129054599370996], [28.70398510861573, 47.12905799684992], [28.70398348274013, 47.12905869595626], [28.703979343103676, 47.1290632569781], [28.70397736619162, 47.12906328639383]]]}, "properties": {"vineyard_id": "V02", "tile": "siret3_r006_c004.tif"}}, {"type": "Feature", "geometry": {"type": "Polygon", "coordinates": [[[28.703991145178556, 47.129040584239604], [28.70398977695206, 47.129039029799564], [28.703987792857255, 47.12903883435107], [28.703988100791456, 47.129038154855294], [28.703993722626286, 47.12902839743908], [28.703995677985958, 47.12902769342995], [28.70399662333914, 47.12902632953564], [28.703998270764693, 47.129026305022265], [28.704001300784125, 47.12902828467757], [28.70400009778301, 47.129031902118385], [28.703995414118758, 47.12904007077623], [28.703991145178556, 47.129040584239604]]]}, "properties": {"vineyard_id": "V02", "tile": "siret3_r006_c004.tif"}}, {"type": "Feature", "geometry": {"type": "Polygon", "coordinates": [[[28.70400140757405, 47.129021308979084], [28.704000068082607, 47.12902065399666], [28.70399968112788, 47.12901885998431], [28.704001278267203, 47.12901726142023], [28.704001528731403, 47.129014783009374], [28.70400684262764, 47.12900570508837], [28.70400847568506, 47.1290052308461], [28.704008088730177, 47.12900343683375], [28.704008711781405, 47.129002302706446], [28.704010344838714, 47.12900182846415], [28.704010273001245, 47.128999579820345], [28.704012457272004, 47.128995722806884], [28.704014734931377, 47.128994789030344], [28.70401576648873, 47.128996123508465], [28.704014857055377, 47.1289986117248], [28.7040181662723, 47.1289990124263], [28.704018524492366, 47.12899990698109], [28.704017256839023, 47.129001500642666], [28.704014971995644, 47.1290022095549], [28.704015000730706, 47.12900310901241], [28.704012064101047, 47.12900405259438], [28.704012587547474, 47.129010119029935], [28.704010088158633, 47.12901443067485], [28.704004866684155, 47.12901608316875], [28.704004931337707, 47.12901810694819], [28.70400140757405, 47.129021308979084]]]}, "properties": {"vineyard_id": "V02", "tile": "siret3_r006_c004.tif"}}, {"type": "Feature", "geometry": {"type": "Polygon", "coordinates": [[[28.70401765719293, 47.12899339571955], [28.704014956659815, 47.128991411161934], [28.70401849478828, 47.12898865885936], [28.70401839421539, 47.12898551075804], [28.70402033520559, 47.12898435701974], [28.70402297108437, 47.128984317797816], [28.7040229207978, 47.128982743747166], [28.70402093670499, 47.12898254829923], [28.704020893602266, 47.128981199112964], [28.704023880517113, 47.12898182958142], [28.70402451793537, 47.12898114518278], [28.70402714663017, 47.128980881096375], [28.704028493304744, 47.128981760942864], [28.704028185371367, 47.12898244043876], [28.704026537947193, 47.12898246495255], [28.70402266315091, 47.128984997293706], [28.704024418332203, 47.12898834574567], [28.70402320814969, 47.12899173832234], [28.70401765719293, 47.12899339571955]]]}, "properties": {"vineyard_id": "V02", "tile": "siret3_r006_c004.tif"}}, {"type": "Feature", "geometry": {"type": "Polygon", "coordinates": [[[28.70404951177937, 47.12893802872818], [28.704047470217045, 47.12893603436566], [28.704051065811417, 47.128935080977165], [28.704049955231547, 47.12893127299119], [28.704051545182896, 47.12892944956207], [28.704055162328512, 47.128929170766575], [28.7040574902718, 47.12892981103986], [28.70405817797653, 47.1289307006917], [28.704055370662168, 47.12893569183354], [28.704052727601926, 47.1289355061918], [28.704052126104102, 47.128937314912484], [28.70404951177937, 47.12893802872818]]]}, "properties": {"vineyard_id": "V02", "tile": "siret3_r006_c004.tif"}}, {"type": "Feature", "geometry": {"type": "Polygon", "coordinates": [[[28.704075852256906, 47.12889579211429], [28.704071253844777, 47.1288963104834], [28.704071876893465, 47.12889517635576], [28.70407416173151, 47.128894467442464], [28.704078286979044, 47.12888945668859], [28.70407825105902, 47.128888332366714], [28.70407527133283, 47.128887926763966], [28.704074913112624, 47.128887032209356], [28.704078422495147, 47.12888338044751], [28.70407803553891, 47.1288815864354], [28.70407897370347, 47.128879997676066], [28.70408291314574, 47.128879489112485], [28.704082547741443, 47.1288783696935], [28.704080234168156, 47.12887817914946], [28.704080534916287, 47.12887727478905], [28.70408209612895, 47.128874551902015], [28.70408471045013, 47.1288738380856], [28.704083657341453, 47.12887182901495], [28.704084910621756, 47.12886978562391], [28.704089093338784, 47.128866573784684], [28.70408834097802, 47.12886366035364], [28.704089952478235, 47.12886251151712], [28.704090840353764, 47.128859348707074], [28.704095023069623, 47.12885613686765], [28.704094936860823, 47.12885343849513], [28.704097200144545, 47.12885205498827], [28.704096820372012, 47.128850485840566], [28.70409810957172, 47.12884956677127], [28.704098653594432, 47.128845959135354], [28.704099606125947, 47.12884482010462], [28.7041012607299, 47.12884502045422], [28.704103259186034, 47.12884566562958], [28.704105336667418, 47.12884878431303], [28.704103102120445, 47.12885106727755], [28.70410158401409, 47.128855139351124], [28.70409800997825, 47.12885676733426], [28.704098038714573, 47.12885766679177], [28.704099714871184, 47.128858541734495], [28.70409808900314, 47.12885924084239], [28.704096900380268, 47.12886330801296], [28.70409430761197, 47.12886469642275], [28.704095031236793, 47.12886671039625], [28.70409221674505, 47.12887147667459], [28.704087990923583, 47.128873339327676], [28.704089036848405, 47.128875123533916], [28.70408675201139, 47.128875832447505], [28.704086795115618, 47.12887718163374], [28.704088786388755, 47.12887760194497], [28.704087225176355, 47.12888032483211], [28.70408392315039, 47.128880148996885], [28.704083951886496, 47.128881048454396], [28.7040859718959, 47.12888236822316], [28.704083701426587, 47.128883526865444], [28.70408316458658, 47.128887359365656], [28.704080227964486, 47.12888830294932], [28.704080643656912, 47.12889099641894], [28.704078108358896, 47.128894183743405], [28.704075852256906, 47.12889579211429]]]}, "properties": {"vineyard_id": "V02", "tile": "siret3_r006_c004.tif"}}, {"type": "Feature", "geometry": {"type": "Polygon", "coordinates": [[[28.704109918735117, 47.128827118885376], [28.704115826905245, 47.128816007374155], [28.704118792259365, 47.12881596324714], [28.704119809447388, 47.12881684799562], [28.70411884973263, 47.128817762162136], [28.704119265426357, 47.128820455631626], [28.704116364729323, 47.12882252353805], [28.70411640065007, 47.128823647859925], [28.70411872140526, 47.12882406326764], [28.704118764510216, 47.128825412453885], [28.704109918735117, 47.128827118885376]]]}, "properties": {"vineyard_id": "V02", "tile": "siret3_r006_c004.tif"}}, {"type": "Feature", "geometry": {"type": "Polygon", "coordinates": [[[28.704121356288006, 47.128813675379305], [28.704117696045692, 47.12881260499052], [28.704118949323362, 47.12881056159913], [28.70412219387174, 47.128808938518404], [28.704120818463437, 47.12880715921545], [28.704121756625465, 47.12880557045578], [28.704125022725993, 47.12880462196809], [28.704123940880542, 47.12880171344029], [28.704125222894444, 47.128800569506325], [28.70412919825137, 47.1288011852631], [28.704131239811414, 47.12880317962424], [28.70413093906453, 47.128804083984775], [28.704128625494324, 47.12880389344165], [28.704127057101832, 47.12880639146493], [28.70412381255376, 47.128808014545804], [28.704124185142575, 47.12880935882903], [28.704126821012565, 47.128809319604834], [28.704125610840343, 47.128812712182565], [28.704121356288006, 47.128813675379305]]]}, "properties": {"vineyard_id": "V02", "tile": "siret3_r006_c004.tif"}}, {"type": "Feature", "geometry": {"type": "Polygon", "coordinates": [[[28.70413247871992, 47.12880068650395], [28.70413143997939, 47.12879912716246], [28.704127171059852, 47.128799640630675], [28.704125817204183, 47.1287985359209], [28.704128374047507, 47.12879602318854], [28.704128638873428, 47.128793994506154], [28.704130608591147, 47.12879374022354], [28.704134805667973, 47.128790978111475], [28.70413687596474, 47.12879387193003], [28.70413247871992, 47.12880068650395]]]}, "properties": {"vineyard_id": "V02", "tile": "siret3_r006_c004.tif"}}, {"type": "Feature", "geometry": {"type": "Polygon", "coordinates": [[[28.704141731016758, 47.128780751347314], [28.704139066411262, 47.12877989111436], [28.70413768381895, 47.128777886947226], [28.70413864353268, 47.12877697278055], [28.704140949917505, 47.12877693845911], [28.70414253986125, 47.12877511502877], [28.704142804686548, 47.12877308634635], [28.704140491117652, 47.128772895803436], [28.70414142927852, 47.12877130704363], [28.70414306951183, 47.1287710576639], [28.704146056416192, 47.128771688129326], [28.704147095156593, 47.12877324747069], [28.70414489653579, 47.128776654757864], [28.704145928092, 47.12877798923487], [28.70414498993115, 47.12877957799471], [28.704141731016758, 47.128780751347314]]]}, "properties": {"vineyard_id": "V02", "tile": "siret3_r006_c004.tif"}}, {"type": "Feature", "geometry": {"type": "Polygon", "coordinates": [[[28.704150267859056, 47.12876937574545], [28.7041475817012, 47.12876784091956], [28.704148498308964, 47.12876557756656], [28.704145181921444, 47.12876495200427], [28.704148934563488, 47.1287585969648], [28.704151591983777, 47.12875923233318], [28.704151649458037, 47.12876103124818], [28.704154349984247, 47.12876301580272], [28.704150267859056, 47.12876937574545]]]}, "properties": {"vineyard_id": "V02", "tile": "siret3_r006_c004.tif"}}, {"type": "Feature", "geometry": {"type": "Polygon", "coordinates": [[[28.704167390826797, 47.12873784992621], [28.704165678751274, 47.12873585066255], [28.704163687482886, 47.128735430352606], [28.704163658745582, 47.128734530895116], [28.7041648832824, 47.12873158804573], [28.704166523514363, 47.12873133866568], [28.70416842857047, 47.12872906060312], [28.704170383916882, 47.12872835659114], [28.70417273340574, 47.128729671455304], [28.704171143464357, 47.12873149488605], [28.7041711865705, 47.128732844072296], [28.70416989019048, 47.128733538277984], [28.704169954849657, 47.12873556205735], [28.704167390826797, 47.12873784992621]]]}, "properties": {"vineyard_id": "V02", "tile": "siret3_r006_c004.tif"}}, {"type": "Feature", "geometry": {"type": "Polygon", "coordinates": [[[28.703991811769416, 47.128968583513306], [28.70399112406528, 47.12896769386108], [28.703992062233894, 47.128966105102435], [28.70399402477499, 47.128965625957726], [28.703996273698717, 47.12896379272401], [28.703996244964003, 47.12896289326648], [28.703994253688343, 47.128962472953695], [28.703995506974135, 47.1289604295636], [28.703998450785413, 47.12895971084644], [28.703998422050667, 47.128958811388905], [28.703997089744526, 47.128958381270806], [28.70399800636176, 47.12895611791897], [28.704002948631903, 47.12895604437881], [28.704005319678064, 47.128958033839446], [28.704004381509986, 47.128959622598195], [28.704002089484497, 47.12896010664576], [28.70400250517365, 47.128962800115666], [28.703998945494956, 47.12896487782458], [28.70399639582126, 47.12896761541853], [28.703991811769416, 47.128968583513306]]]}, "properties": {"vineyard_id": "V02", "tile": "siret3_r006_c004.tif"}}, {"type": "Feature", "geometry": {"type": "Polygon", "coordinates": [[[28.704002217825536, 47.12895380554035], [28.70400019781541, 47.12895248577012], [28.70400213162113, 47.128951107167744], [28.704001759034295, 47.12894976288413], [28.704004279972054, 47.12894612583253], [28.704006571996917, 47.12894564178493], [28.70400927971109, 47.128947851207165], [28.704011256618834, 47.12894782179094], [28.70401094868542, 47.128948501286786], [28.704010003333934, 47.12894986518121], [28.704009630746906, 47.128948520897616], [28.704007016421038, 47.12894923471236], [28.70400647957498, 47.12895306721225], [28.704002217825536, 47.12895380554035]]]}, "properties": {"vineyard_id": "V02", "tile": "siret3_r006_c004.tif"}}, {"type": "Feature", "geometry": {"type": "Polygon", "coordinates": [[[28.704015839700368, 47.12893650503111], [28.704011542033694, 47.12893611903763], [28.704011147895535, 47.12893410016088], [28.70401310325154, 47.12893339615149], [28.704013031414128, 47.128931147507664], [28.704014313433476, 47.12893000357489], [28.704018231328813, 47.128928820420334], [28.70401820259377, 47.1289279209628], [28.704015860283512, 47.12892683095995], [28.70401707764889, 47.128923663247704], [28.70401871070373, 47.12892318900533], [28.70401963450324, 47.12892115051769], [28.70402363141942, 47.12892244087116], [28.704024949357276, 47.12892242126019], [28.704026883161283, 47.12892104265741], [28.704025952178252, 47.12892285628072], [28.704023323486304, 47.128923120367055], [28.70402204865109, 47.12892448916429], [28.704022106121307, 47.128926288079356], [28.704020501801487, 47.12892766177932], [28.704021891577252, 47.12892989081221], [28.70401938500898, 47.128933977592936], [28.704018396555373, 47.12893399230112], [28.704018110173415, 47.12893534639014], [28.704015839700368, 47.12893650503111]]]}, "properties": {"vineyard_id": "V02", "tile": "siret3_r006_c004.tif"}}, {"type": "Feature", "geometry": {"type": "Polygon", "coordinates": [[[28.70402913111142, 47.12890886075878], [28.704026774434208, 47.12890732102737], [28.70402802771751, 47.128905277636925], [28.70403289814469, 47.128902955451714], [28.70403116451725, 47.12890028159295], [28.704033449356075, 47.12889957268045], [28.70403679448612, 47.128901097703405], [28.70403683040529, 47.12890222202532], [28.704035541203258, 47.12890314109394], [28.704036243274935, 47.128904480474674], [28.704030778533323, 47.12890883624498], [28.70402913111142, 47.12890886075878]]]}, "properties": {"vineyard_id": "V02", "tile": "siret3_r006_c004.tif"}}, {"type": "Feature", "geometry": {"type": "Polygon", "coordinates": [[[28.704046712987612, 47.12888137761294], [28.704043031190487, 47.128879632628674], [28.704044606772857, 47.1288773594709], [28.70404756494663, 47.12887709048128], [28.70404684850731, 47.128875301371856], [28.704048108972987, 47.128873482845584], [28.70405074484625, 47.12887344362309], [28.704051790769846, 47.12887522782969], [28.704054405091483, 47.12887451401397], [28.7040519057121, 47.12887882565977], [28.704049584954998, 47.12887841025072], [28.704048675525094, 47.12888089846735], [28.704046712987612, 47.12888137761294]]]}, "properties": {"vineyard_id": "V02", "tile": "siret3_r006_c004.tif"}}, {"type": "Feature", "geometry": {"type": "Polygon", "coordinates": [[[28.70405765585374, 47.12886276713506], [28.704054940958116, 47.12886033284951], [28.704055227338785, 47.1288589787604], [28.70405817114365, 47.12885826004178], [28.704058084936698, 47.1288555616692], [28.704060004369612, 47.128853733337145], [28.704060247646606, 47.12885103006173], [28.704064495019136, 47.12884984200282], [28.704065526574816, 47.12885117648054], [28.704063922258342, 47.1288525501811], [28.704063965361957, 47.12885389936737], [28.704066608418177, 47.12885408500891], [28.704065347953573, 47.12885590353538], [28.70406464588184, 47.1288545641548], [28.704061694893348, 47.12885505800921], [28.704059503447738, 47.12885869015919], [28.704060270174693, 47.12886205331921], [28.70405765585374, 47.12886276713506]]]}, "properties": {"vineyard_id": "V02", "tile": "siret3_r006_c004.tif"}}, {"type": "Feature", "geometry": {"type": "Polygon", "coordinates": [[[28.704068956932183, 47.12884505121082], [28.704066621808547, 47.12884418607333], [28.70406683634939, 47.1288405833404], [28.704069114001236, 47.12883964956284], [28.704069063713558, 47.12883807551218], [28.70407066802947, 47.128836701811565], [28.704072644933035, 47.128836672394335], [28.70407338292458, 47.12883913609675], [28.70407504471224, 47.1288395613111], [28.704074106548237, 47.128841150070414], [28.70407273114066, 47.12883937076688], [28.70406944348518, 47.12883964465997], [28.704069844808703, 47.1288418884009], [28.704073483500196, 47.12884228419807], [28.704072545336096, 47.12884387295735], [28.704068956932183, 47.12884505121082]]]}, "properties": {"vineyard_id": "V02", "tile": "siret3_r006_c004.tif"}}, {"type": "Feature", "geometry": {"type": "Polygon", "coordinates": [[[28.70407846788381, 47.12883321117674], [28.704076433508515, 47.12883144167904], [28.704076648048666, 47.128827838946066], [28.70407859621593, 47.128826910071226], [28.704076869772777, 47.128824461077485], [28.70407845972011, 47.128822637648], [28.70408010713931, 47.12882261313354], [28.70408022926726, 47.128826435827996], [28.704081260822857, 47.12882777030557], [28.70407846788381, 47.12883321117674]]]}, "properties": {"vineyard_id": "V02", "tile": "siret3_r006_c004.tif"}}, {"type": "Feature", "geometry": {"type": "Polygon", "coordinates": [[[28.704084196460848, 47.128816478057594], [28.704083186457417, 47.128815818173166], [28.70408313616937, 47.12881424412252], [28.70408410306869, 47.12881355482066], [28.704083372261053, 47.128811315982674], [28.704085950659053, 47.12880947784439], [28.704086852902062, 47.12880676476309], [28.704089474403908, 47.128806275810994], [28.704090183659627, 47.128807840055806], [28.704088966301068, 47.12881100776879], [28.704090620903933, 47.12881120811855], [28.704092540334162, 47.12880937978597], [28.7040925618863, 47.128810054379095], [28.704089403545325, 47.12881437583155], [28.704084196460848, 47.128816478057594]]]}, "properties": {"vineyard_id": "V02", "tile": "siret3_r006_c004.tif"}}, {"type": "Feature", "geometry": {"type": "Polygon", "coordinates": [[[28.704104743631916, 47.128788950777015], [28.704103404145155, 47.128788295795715], [28.70410464305464, 47.128785802675715], [28.704102587128098, 47.12878335858532], [28.704102149883315, 47.1287799905226], [28.704105029026373, 47.12877724802342], [28.70410634696059, 47.12877722841155], [28.70410735696355, 47.12877788829579], [28.704106411617456, 47.12877925219096], [28.704106533747105, 47.12878307488539], [28.704108195533262, 47.128783500099274], [28.704104743631916, 47.128788950777015]]]}, "properties": {"vineyard_id": "V02", "tile": "siret3_r006_c004.tif"}}, {"type": "Feature", "geometry": {"type": "Polygon", "coordinates": [[[28.704112213007463, 47.128775116378584], [28.704108201732158, 47.128773376299314], [28.70410745655591, 47.12877068773272], [28.704111009033415, 47.128768385156214], [28.70411194719509, 47.128766796396626], [28.704111531502225, 47.128764102927065], [28.704115112715634, 47.12876269980795], [28.704116144270824, 47.12876403428523], [28.704114239211258, 47.12876631234696], [28.704115070597343, 47.12877169928603], [28.704113194273955, 47.12877487680525], [28.704112213007463, 47.128775116378584]]]}, "properties": {"vineyard_id": "V02", "tile": "siret3_r006_c004.tif"}}, {"type": "Feature", "geometry": {"type": "Polygon", "coordinates": [[[28.704124515880242, 47.12874748680453], [28.7041234986935, 47.12874660205607], [28.704124379381135, 47.12874321438136], [28.704127244152748, 47.128740022152904], [28.7041292066843, 47.128739543005985], [28.704130918758597, 47.12874154227019], [28.704132580543636, 47.12874196748376], [28.704132272612892, 47.12874264697994], [28.704131642382997, 47.12874355624352], [28.70412836910211, 47.12874427986697], [28.70412680071129, 47.12874677789025], [28.704124515880242, 47.12874748680453]]]}, "properties": {"vineyard_id": "V02", "tile": "siret3_r006_c004.tif"}}, {"type": "Feature", "geometry": {"type": "Polygon", "coordinates": [[[28.70413194932415, 47.128732528082985], [28.704131232884087, 47.12873073897404], [28.704133503345936, 47.12872958033088], [28.70413596679098, 47.12872414436149], [28.704138201331354, 47.128721861396365], [28.704138415867096, 47.12871825866328], [28.704143007078958, 47.12871751542728], [28.704143078921316, 47.12871976407105], [28.704145091741694, 47.12872085897449], [28.704143831282817, 47.1287226775018], [28.704142491797267, 47.12872202252094], [28.704140522082255, 47.128722276803714], [28.70413964858018, 47.12872588934291], [28.704141654216492, 47.12872675938203], [28.704139770711986, 47.128729712037305], [28.704137449960772, 47.12872929662994], [28.704135824097136, 47.12872999573833], [28.70413425570706, 47.1287324937617], [28.70413194932415, 47.128732528082985]]]}, "properties": {"vineyard_id": "V02", "tile": "siret3_r006_c004.tif"}}, {"type": "Feature", "geometry": {"type": "Polygon", "coordinates": [[[28.70415374252882, 47.12870273253803], [28.70415273252675, 47.12870207265419], [28.70414977436327, 47.128702341646395], [28.704148749992743, 47.12870123203376], [28.704151636313497, 47.12869871439785], [28.704150912689002, 47.12869670042464], [28.70415344078928, 47.128693288234246], [28.70415543205601, 47.12869370854441], [28.7041574736128, 47.128695702905155], [28.70415623470777, 47.12869819602572], [28.70415396424775, 47.1286993546693], [28.704154709425243, 47.12870204323561], [28.70415374252882, 47.12870273253803]]]}, "properties": {"vineyard_id": "V02", "tile": "siret3_r006_c004.tif"}}, {"type": "Feature", "geometry": {"type": "Polygon", "coordinates": [[[28.703911331689344, 47.12904964581093], [28.70390859524056, 47.12904653692886], [28.703908888809156, 47.12904540770449], [28.70391146004103, 47.12904334470557], [28.703916659971078, 47.12904101762271], [28.70391707565667, 47.12904371109295], [28.703914153389693, 47.12904510440124], [28.703914590625253, 47.12904847246465], [28.703912979115685, 47.12904962129878], [28.703911331689344, 47.12904964581093]]]}, "properties": {"vineyard_id": "V02", "tile": "siret3_r006_c004.tif"}}, {"type": "Feature", "geometry": {"type": "Polygon", "coordinates": [[[28.703951486281643, 47.12897548273537], [28.703950139608473, 47.12897460288795], [28.703954272057274, 47.12896981700278], [28.703954866375266, 47.12896778341819], [28.703961018832665, 47.128964317303826], [28.703961226197375, 47.128960489706664], [28.703960187458566, 47.12895893036364], [28.70396309535257, 47.12895708732544], [28.70396607508187, 47.12895749293106], [28.70396611099962, 47.12895861725299], [28.703964492310302, 47.128959541223416], [28.703965574150537, 47.12896244975273], [28.703962136590498, 47.1289683501551], [28.703960209966638, 47.128969953621194], [28.70395993795008, 47.12897175743887], [28.70395864874505, 47.128972676506656], [28.70395567619846, 47.12897249576525], [28.703954422910865, 47.12897453915494], [28.703953133705664, 47.12897545822267], [28.703951486281643, 47.12897548273537]]]}, "properties": {"vineyard_id": "V02", "tile": "siret3_r006_c004.tif"}}, {"type": "Feature", "geometry": {"type": "Polygon", "coordinates": [[[28.703980605442244, 47.12892735554547], [28.70397926595344, 47.128926700562765], [28.703979559519947, 47.128925571338215], [28.70398410765026, 47.12892347892205], [28.70398273224346, 47.12892169961745], [28.703983656044326, 47.1289196611301], [28.703986965256128, 47.128920061832574], [28.70398798244402, 47.12892094658219], [28.703987366576882, 47.12892230557379], [28.703985740705402, 47.12892300468012], [28.70398551179165, 47.12892615768417], [28.703980605442244, 47.12892735554547]]]}, "properties": {"vineyard_id": "V02", "tile": "siret3_r006_c004.tif"}}, {"type": "Feature", "geometry": {"type": "Polygon", "coordinates": [[[28.704032627488342, 47.128842892147674], [28.704031617485036, 47.12884223226279], [28.70403083639261, 47.128838419373785], [28.70403205375522, 47.128835251661364], [28.704033686807236, 47.12883477741879], [28.704037347049468, 47.12883584781026], [28.7040380634879, 47.12883763691979], [28.70403680302269, 47.128839455445956], [28.704034833302792, 47.12883970972696], [28.70403488358947, 47.12884128377764], [28.704032627488342, 47.128842892147674]]]}, "properties": {"vineyard_id": "V02", "tile": "siret3_r006_c004.tif"}}, {"type": "Feature", "geometry": {"type": "Polygon", "coordinates": [[[28.70404946416792, 47.12881272043432], [28.7040474585298, 47.12881185039361], [28.704050337677376, 47.128809107895755], [28.70404894790372, 47.12880687886316], [28.704050910438458, 47.12880639971755], [28.70405377521781, 47.128803207490854], [28.70405572338459, 47.12880227861639], [28.704057750574176, 47.12880382325011], [28.704056798042462, 47.128804962280505], [28.70405483550783, 47.12880544142622], [28.704051720267277, 47.12881111206398], [28.70404946416792, 47.12881272043432]]]}, "properties": {"vineyard_id": "V02", "tile": "siret3_r006_c004.tif"}}, {"type": "Feature", "geometry": {"type": "Polygon", "coordinates": [[[28.70407669246133, 47.12876732101037], [28.704074307053304, 47.12876488182231], [28.70407492291651, 47.12876352283027], [28.70407780924409, 47.12876100519614], [28.704082407644524, 47.128760486826906], [28.704080867987013, 47.12876388430712], [28.70407727958862, 47.12876506256078], [28.704077988843398, 47.12876662680569], [28.70407669246133, 47.12876732101037]]]}, "properties": {"vineyard_id": "V02", "tile": "siret3_r006_c004.tif"}}, {"type": "Feature", "geometry": {"type": "Polygon", "coordinates": [[[28.7040938298403, 47.12873624493034], [28.704092468802926, 47.128734915355736], [28.70409274799803, 47.128733336402156], [28.704095355128153, 47.12873239772119], [28.704094631505285, 47.12873038374763], [28.704096250185447, 47.12872945977545], [28.704098234269065, 47.128729655222195], [28.70409992478971, 47.128730979893774], [28.704099308927493, 47.12873233888594], [28.704096701797447, 47.12873327756699], [28.70409644415459, 47.12873553111373], [28.7040938298403, 47.12873624493034]]]}, "properties": {"vineyard_id": "V02", "tile": "siret3_r006_c004.tif"}}, {"type": "Feature", "geometry": {"type": "Polygon", "coordinates": [[[28.704113030307646, 47.128707837802516], [28.70410837443938, 47.12870655725787], [28.70410800185175, 47.12870521297455], [28.704110916911056, 47.12870359479716], [28.704111833519345, 47.128701331444425], [28.70411346656655, 47.12870085720076], [28.704115500937956, 47.12870262669791], [28.70411261461527, 47.12870514433293], [28.704113990020574, 47.128706923636045], [28.704113030307646, 47.128707837802516]]]}, "properties": {"vineyard_id": "V02", "tile": "siret3_r006_c004.tif"}}, {"type": "Feature", "geometry": {"type": "Polygon", "coordinates": [[[28.704154344250163, 47.128628708030185], [28.704151679652135, 47.1286278477974], [28.704163238291045, 47.12860787831732], [28.704167199265328, 47.12860804434422], [28.704169154607367, 47.128607340332294], [28.704171160239632, 47.128608210370956], [28.704171210529914, 47.12860978442161], [28.704169599038973, 47.12861093325918], [28.704160554130087, 47.12862704082058], [28.704158935454114, 47.128627964793644], [28.704155311145257, 47.12862801872776], [28.704154344250163, 47.128628708030185]]]}, "properties": {"vineyard_id": "V02", "tile": "siret3_r006_c004.tif"}}, {"type": "Feature", "geometry": {"type": "Polygon", "coordinates": [[[28.704150492030696, 47.12864226363303], [28.70414978277556, 47.12864069938855], [28.704147154098163, 47.12864096347756], [28.704144804613883, 47.12863964861278], [28.704151686836386, 47.12862807266176], [28.704154014767536, 47.12862871293328], [28.7041537212062, 47.12862984215826], [28.704157402989377, 47.1286315871392], [28.704157424542196, 47.12863226173235], [28.704152117891496, 47.128641564524465], [28.704150492030696, 47.12864226363303]]]}, "properties": {"vineyard_id": "V02", "tile": "siret3_r006_c004.tif"}}, {"type": "Feature", "geometry": {"type": "Polygon", "coordinates": [[[28.703885887604056, 47.129027077322235], [28.703885214267334, 47.129026637398155], [28.703887405731493, 47.12902300525136], [28.703889697760765, 47.12902252120607], [28.703890951051942, 47.12902047781705], [28.70389322871456, 47.12901954404288], [28.703896537931964, 47.12901994474789], [28.703896903333426, 47.12902106416747], [28.70389562849266, 47.12902243296336], [28.703892011339757, 47.12902271175389], [28.70388916090567, 47.12902635370548], [28.703885887604056, 47.129027077322235]]]}, "properties": {"vineyard_id": "V02", "tile": "siret3_r006_c004.tif"}}, {"type": "Feature", "geometry": {"type": "Polygon", "coordinates": [[[28.703896379899998, 47.12901499773124], [28.703895018860177, 47.1290136681544], [28.70389554134822, 47.12900938592617], [28.703898434880653, 47.12900709316078], [28.703901729730735, 47.129007044136856], [28.703901250342955, 47.129012675551465], [28.703898679112122, 47.12901473855015], [28.703896379899998, 47.12901499773124]]]}, "properties": {"vineyard_id": "V02", "tile": "siret3_r006_c004.tif"}}, {"type": "Feature", "geometry": {"type": "Polygon", "coordinates": [[[28.703964859147018, 47.12889879352049], [28.703960883784525, 47.1288981777581], [28.70396052556616, 47.1288972832031], [28.703966047780714, 47.12889472635119], [28.70396836135438, 47.12889491689754], [28.70396859026906, 47.12889176389351], [28.703966247961397, 47.1288906738896], [28.703968188949354, 47.12888952015219], [28.703967085559956, 47.12888593702968], [28.703967715794303, 47.12888502776697], [28.70396935603197, 47.12888477838968], [28.703971368855182, 47.12888587329613], [28.703972758627774, 47.128888102329654], [28.703971798909215, 47.12888901649498], [28.70397220741263, 47.12889148510068], [28.70396970802579, 47.12889579674478], [28.703964859147018, 47.12889879352049]]]}, "properties": {"vineyard_id": "V02", "tile": "siret3_r006_c004.tif"}}, {"type": "Feature", "geometry": {"type": "Polygon", "coordinates": [[[28.70400881650532, 47.12881984944233], [28.704007125984024, 47.12881852476944], [28.7040074195494, 47.128817395544814], [28.704011315885584, 47.128815537797415], [28.704013622272228, 47.12881550347851], [28.70401439617932, 47.128819091503296], [28.70400881650532, 47.12881984944233]]]}, "properties": {"vineyard_id": "V02", "tile": "siret3_r006_c004.tif"}}, {"type": "Feature", "geometry": {"type": "Polygon", "coordinates": [[[28.704026004226474, 47.12879034742271], [28.704024965489236, 47.12878878808021], [28.70402585336753, 47.12878562527058], [28.70403106763518, 47.12878374791158], [28.704031038900066, 47.12878284845403], [28.70402936274697, 47.12878197351022], [28.704031969880603, 47.128781034830695], [28.704033008617888, 47.12878259417312], [28.704035014254664, 47.128783464214095], [28.704034706322442, 47.12878414371003], [28.704032758155943, 47.12878507258412], [28.704028625728117, 47.128789858472], [28.704026004226474, 47.12879034742271]]]}, "properties": {"vineyard_id": "V02", "tile": "siret3_r006_c004.tif"}}, {"type": "Feature", "geometry": {"type": "Polygon", "coordinates": [[[28.704042232213887, 47.1287617595665], [28.70404052014221, 47.12875976030092], [28.704042453940023, 47.12875838169792], [28.704042725952892, 47.128756577880054], [28.70404401515133, 47.12875565881136], [28.704047961768655, 47.12875537511348], [28.704048355906693, 47.12875739399014], [28.704045763142172, 47.128758782398826], [28.70404549831323, 47.12876081108108], [28.704042232213887, 47.1287617595665]]]}, "properties": {"vineyard_id": "V02", "tile": "siret3_r006_c004.tif"}}, {"type": "Feature", "geometry": {"type": "Polygon", "coordinates": [[[28.70405353327702, 47.12874404364369], [28.704051849940935, 47.128742943835825], [28.704053052932544, 47.1287393263944], [28.704054657245983, 47.12873795269403], [28.704056311846458, 47.12873815304432], [28.704057680066903, 47.12873970748372], [28.704057408054613, 47.12874151130163], [28.704056469891725, 47.12874310006079], [28.70405353327702, 47.12874404364369]]]}, "properties": {"vineyard_id": "V02", "tile": "siret3_r006_c004.tif"}}, {"type": "Feature", "geometry": {"type": "Polygon", "coordinates": [[[28.704122184266417, 47.12863323608772], [28.70411676167765, 47.12862859238359], [28.70412738217135, 47.128610211666604], [28.704128642628252, 47.12860839313948], [28.704135934348454, 47.12860963445913], [28.704122184266417, 47.12863323608772]]]}, "properties": {"vineyard_id": "V02", "tile": "siret3_r006_c004.tif"}}, {"type": "Feature", "geometry": {"type": "Polygon", "coordinates": [[[28.70413750991918, 47.12860736130012], [28.704135489919125, 47.12860604153206], [28.70413051894512, 47.128605215620006], [28.704133003937567, 47.12860045424376], [28.704141570481433, 47.12860032676466], [28.70413750991918, 47.12860736130012]]]}, "properties": {"vineyard_id": "V02", "tile": "siret3_r006_c004.tif"}}, {"type": "Feature", "geometry": {"type": "Polygon", "coordinates": [[[28.703830415720272, 47.129065472867715], [28.703830394171256, 47.12906479827451], [28.70383204159814, 47.12906477376352], [28.703834927953263, 47.1290622561353], [28.703833810202852, 47.12905822328273], [28.703836388621315, 47.129056385149866], [28.70383693266348, 47.12905277751508], [28.703840485171348, 47.12905047494668], [28.703840721277057, 47.12904754680727], [28.703844581720492, 47.12904456474333], [28.703847547087737, 47.12904452062316], [28.703848915310274, 47.12904607506497], [28.703838602573494, 47.12906377626172], [28.703836346457113, 47.12906538462802], [28.703830415720272, 47.129065472867715]]]}, "properties": {"vineyard_id": "V02", "tile": "siret3_r006_c004.tif"}}, {"type": "Feature", "geometry": {"type": "Polygon", "coordinates": [[[28.703848836296423, 47.1290436015566], [28.703847783193037, 47.12904159248375], [28.7038441588555, 47.12904164640839], [28.703843786271932, 47.12904030212424], [28.703846300041608, 47.12903644021156], [28.703848928740122, 47.129036176129226], [28.70385149279083, 47.12903388826724], [28.703851091474807, 47.12903164452551], [28.703849100197644, 47.129031224210216], [28.70385129166446, 47.1290275920641], [28.70385460088208, 47.1290279927703], [28.70385516647208, 47.1290250597286], [28.70385349031407, 47.129024184782324], [28.703853798249916, 47.129023505286874], [28.703859363581323, 47.12902229762632], [28.703859392313795, 47.12902319708392], [28.703861720258974, 47.12902383736114], [28.703860159030818, 47.12902656024532], [28.70385755188217, 47.1290274989211], [28.703857659628827, 47.12903087188706], [28.703851414713657, 47.1290417634234], [28.703848836296423, 47.1290436015566]]]}, "properties": {"vineyard_id": "V02", "tile": "siret3_r006_c004.tif"}}, {"type": "Feature", "geometry": {"type": "Polygon", "coordinates": [[[28.703857228642313, 47.129017380023214], [28.703857844513823, 47.12901602103228], [28.7038597998749, 47.12901531702545], [28.703859090622974, 47.129013752779215], [28.703861611573455, 47.129010115730644], [28.70386421153805, 47.12900895219036], [28.703865657835294, 47.129002631475785], [28.703867305260225, 47.12900260696429], [28.70386858728442, 47.12900146303312], [28.703867534181175, 47.12899945396044], [28.703869503907825, 47.12899919968224], [28.703868465170885, 47.12899764033837], [28.70387265509415, 47.12899465337122], [28.70387318476701, 47.12899059600746], [28.70387869262903, 47.12898758943083], [28.70387827694589, 47.12898489596041], [28.70388023948875, 47.12898441681763], [28.703887015006586, 47.1289798165805], [28.703878270704433, 47.12899501976056], [28.703876293794806, 47.12899504917451], [28.703876988680598, 47.12899616369185], [28.70387443181594, 47.128998676418796], [28.703875133884928, 47.129000015800514], [28.70387382312822, 47.129000260274196], [28.70387452519721, 47.12900159965594], [28.703873587024468, 47.12900318841367], [28.703871015793, 47.12900525141172], [28.70386905324929, 47.12900573055436], [28.70386976250139, 47.12900729480053], [28.70386747765572, 47.12900800370982], [28.70386754230405, 47.12901002748941], [28.703868903343096, 47.129011357066574], [28.703866332111062, 47.12901342006455], [28.7038657521555, 47.12901590337751], [28.703858832969036, 47.129016006325465], [28.703857228642313, 47.129017380023214]]]}, "properties": {"vineyard_id": "V02", "tile": "siret3_r006_c004.tif"}}, {"type": "Feature", "geometry": {"type": "Polygon", "coordinates": [[[28.703887630876924, 47.12897845758941], [28.70388724392631, 47.12897666357661], [28.703885574952547, 47.12897601349516], [28.70388654904057, 47.128975549059334], [28.703885645841627, 47.12896791347457], [28.70388760120058, 47.12896720946727], [28.703887873219568, 47.128965405649744], [28.703892156521352, 47.12896534191907], [28.703892786757887, 47.128964432656744], [28.7038954154526, 47.12896416857338], [28.703896045689063, 47.12896325931105], [28.70389669747528, 47.12896302464189], [28.703887630876924, 47.12897845758941]]]}, "properties": {"vineyard_id": "V02", "tile": "siret3_r006_c004.tif"}}, {"type": "Feature", "geometry": {"type": "Polygon", "coordinates": [[[28.703898258699788, 47.12896030175723], [28.703897814282865, 47.128956708829314], [28.703893853283237, 47.128956542793425], [28.703892821729703, 47.12895520831415], [28.703916240080584, 47.128914365043016], [28.703917865952743, 47.12891366593767], [28.703919234173842, 47.12891522037868], [28.70391934192398, 47.12891859334459], [28.703921677048598, 47.12891945848506], [28.703920430944226, 47.128921726738774], [28.703914908724663, 47.12892428358853], [28.703916320045952, 47.128927187215936], [28.703913705719817, 47.12892790102856], [28.703913799103, 47.12893082426568], [28.70391281783271, 47.12893106383735], [28.70391253144808, 47.12893241792615], [28.7039105473575, 47.12893222247626], [28.703906679742474, 47.12893497967794], [28.703907732845845, 47.128936988750276], [28.703906106972852, 47.12893768785548], [28.703904581665807, 47.12894153506222], [28.703906572940014, 47.12894195537658], [28.703907518294038, 47.128940591483], [28.703909502384924, 47.12894078693292], [28.70390759731033, 47.12894306499134], [28.703905276551467, 47.1289426495794], [28.703903679411397, 47.12894424814216], [28.703903722511097, 47.12894559732852], [28.703905742518618, 47.1289469171005], [28.703898258699788, 47.12896030175723]]]}, "properties": {"vineyard_id": "V02", "tile": "siret3_r006_c004.tif"}}, {"type": "Feature", "geometry": {"type": "Polygon", "coordinates": [[[28.703922206717138, 47.12891540112106], [28.70392010051029, 47.128911382976625], [28.703922700468826, 47.12891021943511], [28.703925665828482, 47.12891017531302], [28.703925959396045, 47.12890904608859], [28.703927606818038, 47.12890902157628], [28.703924176440403, 47.12891514684196], [28.703922206717138, 47.12891540112106]]]}, "properties": {"vineyard_id": "V02", "tile": "siret3_r006_c004.tif"}}, {"type": "Feature", "geometry": {"type": "Polygon", "coordinates": [[[28.703927914752306, 47.12890834208063], [28.703927835735172, 47.128905868572296], [28.703926825731916, 47.128905208686504], [28.703924870375758, 47.12890591269444], [28.7039225639851, 47.12890594701161], [28.703921553981907, 47.12890528712577], [28.70392717581567, 47.128895529712636], [28.7039307211259, 47.12889300227716], [28.703929983140103, 47.12889053857378], [28.703932482529943, 47.12888622693051], [28.703933793283575, 47.1288859824562], [28.70393296286544, 47.128890944180306], [28.70393168084524, 47.12889208811217], [28.70393241883113, 47.128894551815556], [28.703935706490807, 47.12889427792635], [28.7039366015594, 47.12889133998176], [28.70393791949655, 47.128891320371814], [28.70393448193779, 47.1288972207734], [28.703933801418945, 47.12889655598518], [28.70393182451302, 47.12889658540004], [28.703930535309276, 47.128897504467524], [28.703929017188457, 47.12890157653895], [28.7039293897731, 47.12890292082286], [28.703931051561675, 47.12890334603928], [28.703927914752306, 47.12890834208063]]]}, "properties": {"vineyard_id": "V02", "tile": "siret3_r006_c004.tif"}}, {"type": "Feature", "geometry": {"type": "Polygon", "coordinates": [[[28.70394041888577, 47.12888700872839], [28.70393711685976, 47.128886832888924], [28.703939043481387, 47.12888522942322], [28.70393867808006, 47.12888411000374], [28.703935734272086, 47.12888482871934], [28.70393373581641, 47.12888418354104], [28.703936271122682, 47.12888099621967], [28.703940288630996, 47.1288726125047], [28.703942544736194, 47.128871004136435], [28.70394216496804, 47.1288694349882], [28.703945910458028, 47.1288628550907], [28.703949434214852, 47.12885965306149], [28.703952721872277, 47.128859379171814], [28.703954068542526, 47.12886025901924], [28.703953187842316, 47.12886364669274], [28.703952228123846, 47.12886456085791], [28.703952192206504, 47.12886343653595], [28.703950537602484, 47.128863236184216], [28.703949928918462, 47.12886482003999], [28.703946061310308, 47.12886757724296], [28.70394743671445, 47.12886935654804], [28.703945202159794, 47.12887163950956], [28.703945266810763, 47.12887366328909], [28.703947917051078, 47.12887407379775], [28.70394697169923, 47.12887543769167], [28.70394629118052, 47.12887477290352], [28.70394366967391, 47.1288752618524], [28.703944135643397, 47.128879529373364], [28.703942817706547, 47.128879548983384], [28.703942209022127, 47.12888113283915], [28.703938964463802, 47.12888275591489], [28.703939007564305, 47.12888410510126], [28.703941357054557, 47.128885419970125], [28.70394041888577, 47.12888700872839]]]}, "properties": {"vineyard_id": "V02", "tile": "siret3_r006_c004.tif"}}, {"type": "Feature", "geometry": {"type": "Polygon", "coordinates": [[[28.703953309005744, 47.12885712072282], [28.70395130336745, 47.128856250680435], [28.70395093078262, 47.1288549063966], [28.703955063222377, 47.12885012051143], [28.70395465472013, 47.12884765190564], [28.703959245945846, 47.128846908676856], [28.7039600414003, 47.128851171295224], [28.703957405528012, 47.128851210515606], [28.703957470179393, 47.12885323429514], [28.703955901777437, 47.128855732316175], [28.703953309005744, 47.12885712072282]]]}, "properties": {"vineyard_id": "V02", "tile": "siret3_r006_c004.tif"}}, {"type": "Feature", "geometry": {"type": "Polygon", "coordinates": [[[28.70395721875739, 47.12884536404139], [28.703958515142926, 47.12884466983803], [28.70395872250759, 47.12884084224081], [28.703960634759945, 47.12883878904597], [28.703962274996236, 47.1288385396688], [28.703962919597135, 47.12883808013489], [28.703963578565045, 47.12883807032977], [28.70396230373025, 47.128839439126374], [28.703962332464265, 47.12884033858394], [28.70396366476716, 47.12884076870249], [28.703963092001313, 47.128843476880306], [28.7039601769299, 47.12884509505407], [28.70395721875739, 47.12884536404139]]]}, "properties": {"vineyard_id": "V02", "tile": "siret3_r006_c004.tif"}}, {"type": "Feature", "geometry": {"type": "Polygon", "coordinates": [[[28.70396917883372, 47.12882763832148], [28.703968712862803, 47.1288233708006], [28.70397159919863, 47.12882085316908], [28.70397121224649, 47.12881905915653], [28.703973489899145, 47.12881812538085], [28.703978826292524, 47.12882007071885], [28.70397724352538, 47.128822119011375], [28.70397265230206, 47.12882286224085], [28.703972444938426, 47.1288266898381], [28.70396917883372, 47.12882763832148]]]}, "properties": {"vineyard_id": "V02", "tile": "siret3_r006_c004.tif"}}, {"type": "Feature", "geometry": {"type": "Polygon", "coordinates": [[[28.703978045204224, 47.12881625782939], [28.70397798055215, 47.12881423404988], [28.70397594618088, 47.12881246455033], [28.703977521764234, 47.12881019139342], [28.703977464295747, 47.12880839247828], [28.703980680114114, 47.128805869943946], [28.70398060109482, 47.12880339643563], [28.703982140759827, 47.128799998956694], [28.7039854140462, 47.12879927533735], [28.703985650143217, 47.128796347197664], [28.703991136428144, 47.1287926660227], [28.70399008332465, 47.128790656951075], [28.70399170200847, 47.12878973298034], [28.70399157988702, 47.128785910285686], [28.70399321293791, 47.12878543604371], [28.70399215265088, 47.128783202107726], [28.703994108001663, 47.12878249809869], [28.703994351281775, 47.128779794823345], [28.70399660738146, 47.12877818645408], [28.703995883761632, 47.12877617247985], [28.70399749526128, 47.128775023644636], [28.703999006189864, 47.128770726707934], [28.704000954356452, 47.1287697978344], [28.70400120481983, 47.12876731942344], [28.70400280195178, 47.12876572085938], [28.704004786036453, 47.128765916307735], [28.70400440626731, 47.128764347159674], [28.704006017766417, 47.12876319832434], [28.704007357251378, 47.1287638533068], [28.70400662022945, 47.1287717382685], [28.70400369797958, 47.1287731315789], [28.704001828833118, 47.128776533960774], [28.70400038255746, 47.12878285467703], [28.70399515392151, 47.12878428230588], [28.703996522141416, 47.128785836746005], [28.703994445632084, 47.128793066725045], [28.70399057803137, 47.12879582392943], [28.70399062831666, 47.12879739798018], [28.70398835784879, 47.12879855662056], [28.70398880227018, 47.128802149548186], [28.70398716921874, 47.128802623790094], [28.703986582087257, 47.12880488223926], [28.703983982135224, 47.1288060457822], [28.703981790686203, 47.12880967793076], [28.703979842517832, 47.12881060680398], [28.70398029412235, 47.128814424596044], [28.70398194872496, 47.12881462494736], [28.70398195590854, 47.12881484981177], [28.703978990554265, 47.12881489393524], [28.703978045204224, 47.12881625782939]]]}, "properties": {"vineyard_id": "V02", "tile": "siret3_r006_c004.tif"}}, {"type": "Feature", "geometry": {"type": "Polygon", "coordinates": [[[28.704011732958335, 47.12875636414431], [28.70400941220688, 47.12875594873436], [28.70400805835474, 47.12875484402314], [28.704009311635343, 47.128752800632874], [28.70401319359941, 47.128750493156666], [28.70401378072923, 47.12874823470737], [28.704012756360587, 47.12874712509352], [28.704014396593806, 47.12874687571565], [28.70401399527344, 47.12874463197445], [28.70401721827, 47.128742334303496], [28.704017475916235, 47.128740080756906], [28.704020018394562, 47.12873711829813], [28.70402056242162, 47.12873351066245], [28.70402382133592, 47.12873233731329], [28.704023785417235, 47.128731212991326], [28.70402243874918, 47.12873033314469], [28.70402596249281, 47.12872713111322], [28.70402617703615, 47.12872352838027], [28.70402811083305, 47.12872214977751], [28.704027738247323, 47.12872080549393], [28.704032729811754, 47.12871195733882], [28.70403534412572, 47.12871124352362], [28.704037013092872, 47.12871189360298], [28.70403773671331, 47.12871390757696], [28.704037543722144, 47.1287181849031], [28.70403598251155, 47.12872090778958], [28.704034299176566, 47.128719807981426], [28.70403265176051, 47.128719832495186], [28.704031068998322, 47.12872188078845], [28.704031140835973, 47.12872412943233], [28.70403379106944, 47.1287245399391], [28.704029286060422, 47.128727981543406], [28.70402873485024, 47.128731364314724], [28.70402581260315, 47.12873275762569], [28.704026292945134, 47.12873747487513], [28.704023077132995, 47.12873999741071], [28.704020770749626, 47.12874003172976], [28.704021551839695, 47.12874384461893], [28.7040173906791, 47.128747731048854], [28.704016538719422, 47.12875201818039], [28.70401425388663, 47.12875272709246], [28.704013989056516, 47.12875475577469], [28.704011732958335, 47.12875636414431]]]}, "properties": {"vineyard_id": "V02", "tile": "siret3_r006_c004.tif"}}, {"type": "Feature", "geometry": {"type": "Polygon", "coordinates": [[[28.704036260737364, 47.12870898017146], [28.704034606137864, 47.12870877982086], [28.70403621045088, 47.128707406120725], [28.704037728558355, 47.12870333404791], [28.704039698273217, 47.12870307976692], [28.704039296952164, 47.12870083602581], [28.70404054304655, 47.12869856777084], [28.704042176094333, 47.12869809352819], [28.70404527075075, 47.12870209696215], [28.70404532103749, 47.12870367101287], [28.704043709541004, 47.128704819848735], [28.704044411610138, 47.12870615922948], [28.704036260737364, 47.12870898017146]]]}, "properties": {"vineyard_id": "V02", "tile": "siret3_r006_c004.tif"}}, {"type": "Feature", "geometry": {"type": "Polygon", "coordinates": [[[28.704070880315466, 47.12865762151086], [28.704067735372508, 47.12865204402684], [28.704068644797914, 47.12864955581003], [28.704071473648444, 47.128645239261], [28.704077712268756, 47.12864447151338], [28.704079080487343, 47.128646025952584], [28.704076480545037, 47.12864718949752], [28.7040759580743, 47.128651471726606], [28.70407469761461, 47.128653290253176], [28.704072398418973, 47.128653549437615], [28.70407219106283, 47.12865737703503], [28.704070880315466, 47.12865762151086]]]}, "properties": {"vineyard_id": "V02", "tile": "siret3_r006_c004.tif"}}, {"type": "Feature", "geometry": {"type": "Polygon", "coordinates": [[[28.704066583647496, 47.128667584183795], [28.704065208244803, 47.12866580488007], [28.704063560830438, 47.12866582939426], [28.704062952151887, 47.128667413250646], [28.704061627036474, 47.12866720799758], [28.704060230082337, 47.12866475410063], [28.70406272226761, 47.12866021759024], [28.704064040198965, 47.1286601979789], [28.704065959624824, 47.12865836964676], [28.70406927600482, 47.12865899521145], [28.704070550832647, 47.12865762641371], [28.70407154646503, 47.128657836569545], [28.70407124571788, 47.12865874092994], [28.70406868169432, 47.128661028796635], [28.704068775085126, 47.12866395203367], [28.704066583647496, 47.128667584183795]]]}, "properties": {"vineyard_id": "V02", "tile": "siret3_r006_c004.tif"}}, {"type": "Feature", "geometry": {"type": "Polygon", "coordinates": [[[28.704049088055083, 47.128697765705276], [28.704048393169778, 47.12869665118893], [28.704047075237515, 47.128696670800096], [28.704046365984624, 47.12869510655497], [28.70404504805239, 47.12869512616611], [28.704044095522285, 47.12869626519641], [28.704042756038604, 47.12869561021435], [28.704043364718057, 47.128694026358076], [28.704045921560443, 47.12869151362754], [28.704045534606866, 47.12868971961522], [28.70404647276919, 47.128688130856126], [28.704048420931958, 47.12868720198183], [28.704048979324334, 47.12868404407481], [28.704052459960305, 47.12867949285624], [28.70405334065147, 47.128676105182], [28.70405833939152, 47.128667481890226], [28.70406129755359, 47.12866721290041], [28.704062293186123, 47.12866742305631], [28.704061326289107, 47.12866811235796], [28.7040607678976, 47.12867127026505], [28.704063153300705, 47.12867370945348], [28.70405987283923, 47.12867420821056], [28.70405859082687, 47.128675352143794], [28.70405865548169, 47.12867737592329], [28.7040603388158, 47.12867847573109], [28.70405940783793, 47.128680289354676], [28.70405614174373, 47.12868123784043], [28.704054717028363, 47.12868823315052], [28.704053098348695, 47.1286891571221], [28.704049810702333, 47.12868943101453], [28.704049839437673, 47.12869033047208], [28.70405117173746, 47.128690760589656], [28.704051250759722, 47.12869323409793], [28.70404930259679, 47.12869416297228], [28.704050033401266, 47.12869640181055], [28.704049088055083, 47.128697765705276]]]}, "properties": {"vineyard_id": "V02", "tile": "siret3_r006_c004.tif"}}, {"type": "Feature", "geometry": {"type": "Polygon", "coordinates": [[[28.704081092324397, 47.12863677219257], [28.70407712416423, 47.12863638129833], [28.70407864226669, 47.128632309225004], [28.70408088398977, 47.12863025112536], [28.70408207260916, 47.128626183954864], [28.704086169100005, 47.12862027374321], [28.704096431384233, 47.128600998474305], [28.704104009480957, 47.12860088570677], [28.704104689998022, 47.128601550494025], [28.704085640426303, 47.12863467977263], [28.704084695082084, 47.128636043667626], [28.704081092324397, 47.12863677219257]]]}, "properties": {"vineyard_id": "V02", "tile": "siret3_r006_c004.tif"}}, {"type": "Feature", "geometry": {"type": "Polygon", "coordinates": [[[28.703788900561566, 47.12906609053696], [28.7037920158444, 47.12906041990606], [28.703793964025138, 47.12905949103592], [28.703793577077004, 47.12905769702277], [28.70379608366827, 47.12905361024676], [28.70379869800217, 47.129052896436754], [28.703797952837178, 47.12905020786811], [28.703801455066447, 47.12904633125008], [28.703801390420548, 47.129044307470465], [28.703807950465674, 47.12903296130578], [28.70381023531322, 47.12903225239765], [28.70380951169669, 47.129030238422295], [28.703814825627322, 47.129021160509794], [28.703817088925465, 47.12901977700832], [28.70381670197688, 47.12901798299525], [28.70381992499829, 47.12901568532964], [28.70381920138163, 47.12901367135435], [28.703820153922077, 47.12901253232585], [28.70382213083241, 47.129012502912865], [28.70382242440267, 47.12901137368868], [28.703824057461983, 47.129010899449014], [28.703824028730132, 47.12900999999142], [28.703822023088065, 47.12900912994683], [28.70382388507086, 47.12900550270338], [28.70382550376404, 47.12900457873489], [28.703825131181233, 47.12900323445065], [28.703830129987654, 47.128994611168444], [28.703830767408572, 47.12899392677086], [28.703833403288087, 47.128993887553285], [28.70383430554686, 47.12899117447388], [28.70383720626402, 47.128989106574416], [28.703836117247157, 47.128985973179404], [28.70383709851881, 47.128985733608395], [28.70383732025849, 47.12898235574017], [28.703841567646595, 47.128981167689346], [28.703843551738785, 47.1289813631404], [28.70384459047467, 47.12898292248451], [28.703843007697657, 47.12898497077526], [28.70384275722618, 47.1289874491859], [28.7038152637861, 47.12903487723832], [28.703813000487283, 47.12903626073977], [28.70381370255525, 47.12903760012188], [28.70381276438008, 47.129039188879126], [28.703810479532272, 47.12903989778733], [28.703811511085465, 47.129041232267326], [28.70381026497366, 47.129043500519906], [28.703809627551905, 47.12904418491738], [28.703808581632885, 47.12904240070856], [28.703806934206668, 47.129042425219225], [28.70380598166542, 47.1290435642476], [28.703806053494393, 47.129045812891626], [28.703809011678857, 47.129045543908056], [28.703806827391332, 47.12904940091781], [28.7038045497259, 47.1290503346903], [28.703802451632477, 47.12905689007279], [28.703799952224433, 47.12906120171334], [28.70379897095123, 47.129061441284065], [28.703797467181726, 47.12906596308264], [28.703792195415478, 47.12906604151615], [28.703791830015874, 47.12906492209621], [28.703788900561566, 47.12906609053696]]]}, "properties": {"vineyard_id": "V02", "tile": "siret3_r006_c004.tif"}}, {"type": "Feature", "geometry": {"type": "Polygon", "coordinates": [[[28.70384383094236, 47.12897978418737], [28.703842111687784, 47.12897756005448], [28.7038439808512, 47.12897415767512], [28.703843901837775, 47.1289716841667], [28.703847160770504, 47.12897051082237], [28.70384641560434, 47.12896782225403], [28.70384769044512, 47.12896645345869], [28.70384762579765, 47.12896442967909], [28.703857623394644, 47.12894718311257], [28.70386026645491, 47.128947368758816], [28.703861849230176, 47.128945320467835], [28.703860810494557, 47.12894376112386], [28.70386533708183, 47.128940994119134], [28.703865301166225, 47.12893986979713], [28.703863976044712, 47.128939664541875], [28.703863961678483, 47.12893921481307], [28.703865952952302, 47.12893963512816], [28.70386690549046, 47.12893849609929], [28.703867177510027, 47.1289366922818], [28.70386550135464, 47.128935817335645], [28.70386714159439, 47.12893556795981], [28.70386709849563, 47.1289342187734], [28.703868394884488, 47.128933524571025], [28.703868344602565, 47.128931950520226], [28.70386734178266, 47.12893151549831], [28.703869268408, 47.12892991203375], [28.703868559157, 47.128928347787536], [28.70386987709511, 47.12892832817834], [28.70387343677654, 47.128926250473405], [28.70387201827445, 47.12892312198104], [28.703874954902272, 47.128922178402654], [28.70387387306783, 47.1289192698724], [28.703875742227268, 47.12891586749254], [28.70387549175755, 47.128918345903244], [28.703876809695412, 47.12891832629398], [28.703878399652375, 47.12891650286718], [28.703878936507355, 47.12891267036775], [28.703880855948498, 47.128910842038586], [28.70388044744913, 47.12890837343253], [28.703883076141164, 47.12890810934947], [28.70388363454531, 47.12890495144322], [28.703882309424596, 47.128904746188155], [28.70388417858301, 47.12890134380815], [28.70388846187966, 47.12890128007767], [28.703890430659, 47.128890677134464], [28.703893703952225, 47.12888995351767], [28.70389425517235, 47.128886570746964], [28.703897177431287, 47.12888517743924], [28.703897148698328, 47.12888427798164], [28.703894842308568, 47.12888431229824], [28.703894813575644, 47.12888341284064], [28.70389610996292, 47.12888271863797], [28.70389762090252, 47.12887842170253], [28.70390115184655, 47.12887544453917], [28.703900113111207, 47.12887388519554], [28.703901366398647, 47.12887184180642], [28.70390111593027, 47.128874320217186], [28.70390408128797, 47.12887427609569], [28.70390542795781, 47.128875155943696], [28.70390582209148, 47.128877174820865], [28.703902240864778, 47.1288785779336], [28.703902964482584, 47.12888059190839], [28.703900400441302, 47.12888287977146], [28.703899899504368, 47.12888783659298], [28.703897994431188, 47.128890114651234], [28.703898051897156, 47.12889191356643], [28.703893518132485, 47.12889445570799], [28.703893597148, 47.128896929216374], [28.70389010211823, 47.128901030701506], [28.70388985164923, 47.128903509112256], [28.70388823296021, 47.12890443308161], [28.703888992493926, 47.12890757137848], [28.70388523981068, 47.1289139264098], [28.703883613938075, 47.12891462551469], [28.703882425297667, 47.12891869268322], [28.703879832521, 47.12892008108826], [28.703880871256693, 47.12892164043207], [28.703878951815174, 47.12892346876122], [28.70387899491422, 47.12892481794761], [28.70387181184357, 47.12893729824281], [28.703868574462817, 47.12893914618102], [28.703868682209837, 47.12894251914702], [28.703866813049057, 47.128945921526764], [28.703864184355076, 47.128946185609465], [28.703862279278344, 47.12894846366715], [28.70386243730678, 47.12895341068395], [28.703856772356733, 47.12896181890764], [28.703855254228564, 47.12896589097815], [28.703853671452453, 47.12896793926903], [28.703852360696427, 47.12896818374246], [28.70385243971024, 47.12897065725085], [28.703849625191417, 47.1289754235235], [28.70384802804871, 47.128977022085515], [28.703844761932558, 47.128977970565465], [28.70384514888176, 47.128979764578446], [28.70384383094236, 47.12897978418737]]]}, "properties": {"vineyard_id": "V02", "tile": "siret3_r006_c004.tif"}}, {"type": "Feature", "geometry": {"type": "Polygon", "coordinates": [[[28.703912166595675, 47.12885908271852], [28.703911048844123, 47.12885504986659], [28.703913240299784, 47.12885141771934], [28.703915833072273, 47.12885002931357], [28.70391510945443, 47.12884801533884], [28.703917608843582, 47.12884370369587], [28.703919241896916, 47.12884322945493], [28.703918854946348, 47.12884143544218], [28.703923853723055, 47.128832812156034], [28.703924806258122, 47.1288316731267], [28.703927098278857, 47.128831189080735], [28.703926682594723, 47.12882849561044], [28.703929210715497, 47.128825083424815], [28.703932813488045, 47.12882435490449], [28.70393286377168, 47.12882592895526], [28.70393386659009, 47.12882636397664], [28.703933587389866, 47.12882794292989], [28.70393322917245, 47.12882704837477], [28.70393094433532, 47.12882775728526], [28.703930657951627, 47.1288291113741], [28.703931675136836, 47.128829996124274], [28.703930042084018, 47.1288304703654], [28.703925916826815, 47.1288354811141], [28.70392594556022, 47.128836380571684], [28.703927929647275, 47.12883657602135], [28.703928631715346, 47.12883791540281], [28.70392707767917, 47.128840863152256], [28.70392446335738, 47.12884157696507], [28.70392553800953, 47.12884426063047], [28.703922959604252, 47.12884609876525], [28.703922422752974, 47.12884993126488], [28.703919844347325, 47.128851769399596], [28.703918275943632, 47.12885426742012], [28.703915962371884, 47.12885407687273], [28.70391380683283, 47.12885883334202], [28.703912166595675, 47.12885908271852]]]}, "properties": {"vineyard_id": "V02", "tile": "siret3_r006_c004.tif"}}, {"type": "Feature", "geometry": {"type": "Polygon", "coordinates": [[[28.703932770387787, 47.12882300571811], [28.703931101418352, 47.12882235563726], [28.703930736017657, 47.12882123621775], [28.703932025219586, 47.128820317150286], [28.703935334424855, 47.128820717854346], [28.703936609259912, 47.12881934905804], [28.703936573342958, 47.12881822473606], [28.703933894371996, 47.1288169147695], [28.703933858455105, 47.12881579044752], [28.703935162023622, 47.128815321108824], [28.70393541249021, 47.12881284269799], [28.703942910646802, 47.12879990776765], [28.70394354088059, 47.128798998505076], [28.703945510599457, 47.12879874422564], [28.703945410031547, 47.1287955961241], [28.70395290818339, 47.128782661193135], [28.70395484916778, 47.12878150745599], [28.703955214568676, 47.128782626875434], [28.703959182738988, 47.12878301777375], [28.70395879578757, 47.12878122376114], [28.703955164284466, 47.12878105282467], [28.703954784516654, 47.128779483676425], [28.70396138759878, 47.12876948668966], [28.70396113713355, 47.12877196510057], [28.703964167136917, 47.12877394475713], [28.70396522023909, 47.12877595382899], [28.70396031390293, 47.12877715168929], [28.703961352638057, 47.12877871103241], [28.703961145273702, 47.12878253862968], [28.703959526589554, 47.12878346259999], [28.703959591240867, 47.12878548637955], [28.7039573207728, 47.12878664501933], [28.703956719273265, 47.12878845373956], [28.703955422889056, 47.12878914794289], [28.703955179606947, 47.12879185121816], [28.703952522187226, 47.12879121584523], [28.70395024453532, 47.128792149620466], [28.703951412572508, 47.12879775652279], [28.703947201118613, 47.12880006889948], [28.703947244219194, 47.12880141808586], [28.703949242671897, 47.128802063263954], [28.70394763117039, 47.1288032120985], [28.70394772455503, 47.128806135335644], [28.703946385069706, 47.128805480352504], [28.70394599811853, 47.12880368633985], [28.703942087414053, 47.12880509435625], [28.703942123331107, 47.12880621867824], [28.70394613460365, 47.12880795876337], [28.70393960334811, 47.128820204393236], [28.70393799902925, 47.128821578092065], [28.703932770387787, 47.12882300571811]]]}, "properties": {"vineyard_id": "V02", "tile": "siret3_r006_c004.tif"}}, {"type": "Feature", "geometry": {"type": "Polygon", "coordinates": [[[28.70396521928167, 47.12876560516429], [28.703963858246695, 47.128764275588146], [28.703965476930186, 47.12876335161778], [28.70396572021169, 47.12876064834247], [28.703968599360834, 47.12875790584663], [28.703968864192692, 47.12875587716451], [28.703971772075512, 47.12875403412618], [28.70397196507201, 47.128749756800104], [28.703975209621326, 47.128748133723505], [28.703975173703647, 47.12874700940153], [28.703978396702055, 47.12874471173166], [28.70397727894815, 47.12874067888035], [28.703979155278553, 47.128737501363254], [28.70397954941384, 47.12873952024021], [28.703984477296824, 47.12873899697232], [28.703984255567065, 47.12874237484083], [28.703982293034027, 47.12874285398527], [28.703980495722774, 47.12874850501076], [28.703978518822385, 47.128748534426364], [28.703978655309847, 47.12875280684985], [28.703974451044182, 47.128755344091886], [28.703975217764132, 47.12875870725262], [28.703973026316365, 47.12876233940103], [28.703970368897927, 47.128761704028484], [28.70397044073312, 47.12876395267243], [28.70396521928167, 47.12876560516429]]]}, "properties": {"vineyard_id": "V02", "tile": "siret3_r006_c004.tif"}}, {"type": "Feature", "geometry": {"type": "Polygon", "coordinates": [[[28.70398376804516, 47.128737432726766], [28.703981440111182, 47.12873679245186], [28.70398139700983, 47.12873544326549], [28.703982693392405, 47.12873474906187], [28.703981962590174, 47.12873251022315], [28.703984168403295, 47.12872932780337], [28.70398711220206, 47.128728609086636], [28.703988694966142, 47.12872656079397], [28.703987283646548, 47.12872365716734], [28.703992197160783, 47.12872268417035], [28.703993543828155, 47.128723564017385], [28.703993579746186, 47.12872468833934], [28.703990320831664, 47.128725861687656], [28.703991775253094, 47.1287301145006], [28.703988552256135, 47.12873241217083], [28.70398860254125, 47.128733986221576], [28.703986991042626, 47.128735135056665], [28.70398671902796, 47.12873693887445], [28.70398376804516, 47.128737432726766]]]}, "properties": {"vineyard_id": "V02", "tile": "siret3_r006_c004.tif"}}, {"type": "Feature", "geometry": {"type": "Polygon", "coordinates": [[[28.703992476358803, 47.128721105216954], [28.703991108140723, 47.12871955077673], [28.70399435268763, 47.12871792769962], [28.70399383643067, 47.12871208612803], [28.703996422010718, 47.128710472856135], [28.7040017368431, 47.12871174360003], [28.704001758394018, 47.12871241819321], [28.70399980304588, 47.128713122202335], [28.70400018999811, 47.12871491621483], [28.703999208732178, 47.128715155787184], [28.703998621602064, 47.128717414236434], [28.703996315219637, 47.12871744855497], [28.70399411659133, 47.128720855839376], [28.703992476358803, 47.128721105216954]]]}, "properties": {"vineyard_id": "V02", "tile": "siret3_r006_c004.tif"}}, {"type": "Feature", "geometry": {"type": "Polygon", "coordinates": [[[28.70400223058572, 47.128706561913674], [28.7040021156475, 47.128702964083374], [28.704000754613254, 47.128701634507664], [28.704001334559496, 47.12869915119402], [28.704005087214394, 47.12869279615902], [28.704007701527814, 47.12869208234445], [28.704007973541586, 47.12869027852664], [28.704006956357865, 47.128689393777094], [28.70400914780044, 47.12868576162806], [28.70401276492982, 47.12868548283413], [28.70401479929733, 47.128687252333094], [28.704015207800925, 47.12868972093871], [28.704011691242727, 47.128693147834234], [28.7040102018682, 47.128698119364294], [28.704005324274814, 47.128700216684], [28.704005360193072, 47.12870134100596], [28.704006685309132, 47.12870154625967], [28.704005396111324, 47.12870246532793], [28.70400548231515, 47.12870516370064], [28.70400223058572, 47.128706561913674]]]}, "properties": {"vineyard_id": "V02", "tile": "siret3_r006_c004.tif"}}, {"type": "Feature", "geometry": {"type": "Polygon", "coordinates": [[[28.70401472027678, 47.12868477882478], [28.704013015392356, 47.12868300442311], [28.704011360793743, 47.12868280407216], [28.70401196229032, 47.128680995351644], [28.704012313324323, 47.12868166504213], [28.70401395355554, 47.12868141566429], [28.70401358097048, 47.12868007138062], [28.704015185283208, 47.12867869768079], [28.70401515654846, 47.12867779822322], [28.70401383143296, 47.12867759296961], [28.704017068792943, 47.12867574502748], [28.70401666028939, 47.12867327642187], [28.704018293336627, 47.128672802179565], [28.70402267718667, 47.1286758865458], [28.70401980522836, 47.128678853907324], [28.704020199364688, 47.128680872784145], [28.704019218099475, 47.12868111235666], [28.704019268385405, 47.128682686407416], [28.704016697174772, 47.12868474940858], [28.70401472027678, 47.12868477882478]]]}, "properties": {"vineyard_id": "V02", "tile": "siret3_r006_c004.tif"}}, {"type": "Feature", "geometry": {"type": "Polygon", "coordinates": [[[28.704041532849516, 47.128636685938645], [28.70403985670091, 47.12863581099492], [28.704040802046286, 47.128634447100275], [28.70404007124311, 47.12863220826189], [28.704046044061638, 47.12862312053354], [28.704046631188813, 47.128620862084055], [28.704049868544253, 47.12861901414106], [28.704050556244706, 47.12861990379304], [28.704051874175068, 47.128619884181845], [28.704052819519863, 47.12861852028709], [28.704053807967608, 47.128618505578686], [28.7040532280246, 47.128620988892585], [28.7040545675065, 47.12862164387453], [28.704047699631175, 47.12863366954877], [28.70404481330888, 47.12863618718212], [28.704041532849516, 47.128636685938645]]]}, "properties": {"vineyard_id": "V02", "tile": "siret3_r006_c004.tif"}}, {"type": "Feature", "geometry": {"type": "Polygon", "coordinates": [[[28.704030418581507, 47.12866024833453], [28.704027367031102, 47.12865759408644], [28.704026987262154, 47.128656024938444], [28.704028899505417, 47.1286539717425], [28.704028519736458, 47.1286524025945], [28.70403164215444, 47.1286469568217], [28.704032637786476, 47.12864716697787], [28.7040333614058, 47.1286491809519], [28.704035997268004, 47.128649141729895], [28.70403696416502, 47.12864845242845], [28.704036921062396, 47.1286471032421], [28.704034528477937, 47.128644439188676], [28.704037450720016, 47.12864304587754], [28.70403603940012, 47.12864014225147], [28.70403601784882, 47.12863946765829], [28.704037650894854, 47.128638993415734], [28.704037271125753, 47.12863742426776], [28.70404023647007, 47.12863738014289], [28.70404053721764, 47.128636475782564], [28.7040421989987, 47.128636900997506], [28.704041962905258, 47.12863982913735], [28.704043008823763, 47.12864161334416], [28.704033326457033, 47.12865840529471], [28.70403167904287, 47.12865842980844], [28.704030418581507, 47.12866024833453]]]}, "properties": {"vineyard_id": "V02", "tile": "siret3_r006_c004.tif"}}, {"type": "Feature", "geometry": {"type": "Polygon", "coordinates": [[[28.70402087891405, 47.128671188907134], [28.704022089090003, 47.1286677963304], [28.704024330816747, 47.12866573823183], [28.704023270530932, 47.12866350429607], [28.704026221509267, 47.128663010442764], [28.704029093466385, 47.1286600430811], [28.704030089098662, 47.128660253237264], [28.70403047605148, 47.12866204724966], [28.704028585359215, 47.128664775038786], [28.704027281795188, 47.1286652443785], [28.704027339265064, 47.12866704329363], [28.70402572058554, 47.12866796726485], [28.704025434205015, 47.12866932135392], [28.70402285581153, 47.12867115949084], [28.70402087891405, 47.128671188907134]]]}, "properties": {"vineyard_id": "V02", "tile": "siret3_r006_c004.tif"}}, {"type": "Feature", "geometry": {"type": "Polygon", "coordinates": [[[28.704052776416884, 47.12861717110076], [28.70405241101517, 47.1286160516816], [28.70404976078699, 47.12861564117519], [28.70405600561386, 47.12860474962841], [28.704057968141147, 47.128604270482754], [28.704057939405757, 47.1286033710252], [28.704056943774443, 47.12860316086923], [28.704057552452497, 47.12860157701289], [28.704066118996884, 47.12860144953942], [28.704058628080816, 47.128614609341895], [28.704052776416884, 47.12861717110076]]]}, "properties": {"vineyard_id": "V02", "tile": "siret3_r006_c004.tif"}}, {"type": "Feature", "geometry": {"type": "Polygon", "coordinates": [[[28.703756281507328, 47.12906657583797], [28.70375491328691, 47.129065021395036], [28.703759289053128, 47.12905753224179], [28.703761874656877, 47.129055918974984], [28.70376147334442, 47.1290536752329], [28.70376272664126, 47.12905163184526], [28.703765656095378, 47.129050463405164], [28.703765627364465, 47.129049563947525], [28.703763972755272, 47.12904936359316], [28.703765841926096, 47.12904596121501], [28.703769759835627, 47.129044778068796], [28.70377061274036, 47.129050839603735], [28.703768671742253, 47.12905199333789], [28.70376743281112, 47.129054486454415], [28.703764202602382, 47.12905655925419], [28.703764589549525, 47.12905835326744], [28.70376180374925, 47.129064018995635], [28.703759246875926, 47.12906653172007], [28.703756281507328, 47.12906657583797]]]}, "properties": {"vineyard_id": "V02", "tile": "siret3_r006_c004.tif"}}, {"type": "Feature", "geometry": {"type": "Polygon", "coordinates": [[[28.703769709556422, 47.12904320401794], [28.703768706735183, 47.12904276899518], [28.703768663638748, 47.12904141980875], [28.70377351972428, 47.1290386479055], [28.703773490993242, 47.12903774844788], [28.703771485350924, 47.12903687840242], [28.703773727102597, 47.129034820308554], [28.703773963211926, 47.12903189216924], [28.703775875478126, 47.129029838977374], [28.703778489811157, 47.129029125167825], [28.703780288075464, 47.12903382281013], [28.703778361443742, 47.12903542627325], [28.703777531009177, 47.129040387996305], [28.703775217429765, 47.12904019744619], [28.703769709556422, 47.12904320401794]]]}, "properties": {"vineyard_id": "V02", "tile": "siret3_r006_c004.tif"}}, {"type": "Feature", "geometry": {"type": "Polygon", "coordinates": [[[28.703782163504247, 47.12902029663139], [28.70378208449356, 47.12901782312291], [28.703784003941752, 47.12901599479532], [28.70378426878165, 47.12901396611361], [28.70378832942032, 47.12900693159016], [28.703789274778504, 47.12900556769752], [28.703790907837945, 47.129005093458325], [28.703790520890358, 47.129003299445145], [28.703791810099062, 47.129002380379205], [28.70379239005794, 47.12899989706659], [28.70379302747942, 47.1289992126692], [28.70379534105711, 47.12899940321899], [28.703796709276943, 47.12900095766147], [28.70379614368395, 47.12900389070291], [28.70379458245298, 47.12900661358624], [28.7037922976063, 47.129007322494054], [28.703792068680876, 47.129010475497815], [28.703790120501875, 47.12901140436791], [28.703790872848707, 47.12901431780104], [28.70378315195958, 47.12902028192522], [28.703782163504247, 47.12902029663139]]]}, "properties": {"vineyard_id": "V02", "tile": "siret3_r006_c004.tif"}}, {"type": "Feature", "geometry": {"type": "Polygon", "coordinates": [[[28.70379597129569, 47.128998493957184], [28.703794610258775, 47.128997164379115], [28.70379678017946, 47.12899285764077], [28.7038009772893, 47.1289900955406], [28.703802803358563, 47.12898534397544], [28.70380539614041, 47.128983955572096], [28.703806291217585, 47.128981017628476], [28.70380887681624, 47.12897940436064], [28.70380882653599, 47.1289778303098], [28.703810445228616, 47.128976906341535], [28.703810015183223, 47.128973763142], [28.703811641058603, 47.12897306403813], [28.703814477129466, 47.12896897235958], [28.703814655773055, 47.12896424530494], [28.703816933434673, 47.128963311532296], [28.703817871608447, 47.12896172277501], [28.703821488757665, 47.12896144398687], [28.703822190824816, 47.128962783368976], [28.703815902812416, 47.12897232571707], [28.70380750952458, 47.12898819858306], [28.70380529650766, 47.12899115613518], [28.70380174400212, 47.12899345870247], [28.70380084174165, 47.12899617178165], [28.70379728923558, 47.12899847434882], [28.70379597129569, 47.128998493957184]]]}, "properties": {"vineyard_id": "V02", "tile": "siret3_r006_c004.tif"}}, {"type": "Feature", "geometry": {"type": "Polygon", "coordinates": [[[28.703823286092394, 47.12895579296379], [28.703821925055923, 47.128954463386016], [28.70382386604936, 47.128953309650996], [28.703824145253396, 47.128951730698006], [28.703823779853973, 47.12895061127815], [28.70382245473234, 47.12895040602242], [28.703822382902914, 47.128948157378375], [28.703825598736984, 47.128945634848236], [28.70382723897723, 47.128945385472946], [28.70382857846469, 47.12894604045744], [28.70382895104715, 47.128947384741686], [28.70382766902336, 47.128948528672424], [28.703826530658713, 47.12895416989124], [28.703823286092394, 47.12895579296379]]]}, "properties": {"vineyard_id": "V02", "tile": "siret3_r006_c004.tif"}}, {"type": "Feature", "geometry": {"type": "Polygon", "coordinates": [[[28.703838741273756, 47.12893396577378], [28.70383537459815, 47.12893176615181], [28.703835968920306, 47.12892973256777], [28.703838260946085, 47.12892924852352], [28.703838461136545, 47.12892519606205], [28.70383644113149, 47.12892387628886], [28.703838682875993, 47.12892181819378], [28.703843617960345, 47.128921519796144], [28.703845301297953, 47.128922619607025], [28.703841527059396, 47.128928300043775], [28.7038392493997, 47.1289292338169], [28.703839994564916, 47.128931922385306], [28.703838741273756, 47.12893396577378]]]}, "properties": {"vineyard_id": "V02", "tile": "siret3_r006_c004.tif"}}, {"type": "Feature", "geometry": {"type": "Polygon", "coordinates": [[[28.70384664703288, 47.128913150790964], [28.703844978061603, 47.12891250070889], [28.703849834131525, 47.12890972880257], [28.70384875229872, 47.12890682027203], [28.703852670196195, 47.128905637123104], [28.703853723296934, 47.128907646196], [28.70385123108278, 47.12891218270202], [28.70384664703288, 47.128913150790964]]]}, "properties": {"vineyard_id": "V02", "tile": "siret3_r006_c004.tif"}}, {"type": "Feature", "geometry": {"type": "Polygon", "coordinates": [[[28.703859280495674, 47.1288958650064], [28.70385758279249, 47.1288943154669], [28.703857525327884, 47.128892516551694], [28.70385883608203, 47.12889227207824], [28.703858771434305, 47.12889024829862], [28.703861708060575, 47.12888930472058], [28.703863040363927, 47.128889734840286], [28.70386209500962, 47.12889109873353], [28.703862481958694, 47.12889289274647], [28.703860920734225, 47.12889561563066], [28.703859280495674, 47.1288958650064]]]}, "properties": {"vineyard_id": "V02", "tile": "siret3_r006_c004.tif"}}, {"type": "Feature", "geometry": {"type": "Polygon", "coordinates": [[[28.70386254566843, 47.12888456786132], [28.703861528483284, 47.12888368311052], [28.703862788955533, 47.12888186458621], [28.703867952956635, 47.12887841318366], [28.703867924224173, 47.128877513726046], [28.703865589102247, 47.12887664858445], [28.703864865485908, 47.12887463460939], [28.70387036615348, 47.12887140316885], [28.703869943288712, 47.12886848483392], [28.703870910191807, 47.128867795533836], [28.703873553248165, 47.12886798117982], [28.703875286866676, 47.12887065504109], [28.703871226249436, 47.12887768956751], [28.703869922678827, 47.1288781589055], [28.70386998014382, 47.128879957820715], [28.703864852058235, 47.12888453354537], [28.70386254566843, 47.12888456786132]]]}, "properties": {"vineyard_id": "V02", "tile": "siret3_r006_c004.tif"}}, {"type": "Feature", "geometry": {"type": "Polygon", "coordinates": [[[28.70387576625634, 47.128865023626446], [28.703872428316192, 47.128863723463105], [28.703873416768573, 47.128863708756185], [28.703874362122118, 47.12886234486286], [28.703873602589983, 47.12885920656585], [28.703875880246095, 47.128858272792066], [28.703877126350978, 47.12885600453881], [28.703879081705978, 47.12885530053171], [28.70387900987441, 47.12885305188769], [28.70388128753017, 47.12885211811382], [28.703880470532493, 47.12884718090164], [28.70388272663847, 47.12884557253455], [28.70388601429542, 47.12884529864678], [28.703888406881834, 47.128847962703205], [28.70388679537763, 47.12884911153693], [28.70388653054228, 47.128851140218885], [28.703883608284904, 47.12885253352631], [28.70388202551314, 47.128854581817585], [28.70388241964575, 47.12885660069486], [28.703879540486927, 47.1288593431886], [28.70387838057995, 47.12886430981473], [28.70387576625634, 47.128865023626446]]]}, "properties": {"vineyard_id": "V02", "tile": "siret3_r006_c004.tif"}}, {"type": "Feature", "geometry": {"type": "Polygon", "coordinates": [[[28.703886185749372, 47.128840346727635], [28.703885498048688, 47.128839457074704], [28.703888398755733, 47.128837389174016], [28.703888341290202, 47.1288355902588], [28.7038909340626, 47.12883420185362], [28.70389148528242, 47.1288308190829], [28.70389558180966, 47.128824908877796], [28.70389519486004, 47.12882311486494], [28.70389810274906, 47.12882127182844], [28.703898066832913, 47.128820147506424], [28.703896082746564, 47.12881995205625], [28.7038979590845, 47.128816774540425], [28.70390025110486, 47.12881629049498], [28.703901475658036, 47.128813347648276], [28.703901081525068, 47.12881132877104], [28.703905923216425, 47.128808107133636], [28.70390617368435, 47.12880562872283], [28.703908451337615, 47.12880469494846], [28.7039083866882, 47.128802671168856], [28.703909088755314, 47.12880401055047], [28.70391239077613, 47.12880418639079], [28.7039127633596, 47.12880553067477], [28.703906911667758, 47.12880809242645], [28.703907649651246, 47.128810556130055], [28.703906468198046, 47.128814848163245], [28.70390520054556, 47.128816441823616], [28.703901633689366, 47.12881829466508], [28.703901662422336, 47.12881919412268], [28.703903653691924, 47.12881961443718], [28.703903711157945, 47.12882141335236], [28.703898568714315, 47.12882553934968], [28.703898662096336, 47.128828462586874], [28.703896742658703, 47.12883029091631], [28.70389554683779, 47.128834133220586], [28.703893906601294, 47.12883438259679], [28.703893641766268, 47.12883641127876], [28.703890053358748, 47.12883758952669], [28.703889143922005, 47.12884007774213], [28.703886185749372, 47.128840346727635]]]}, "properties": {"vineyard_id": "V02", "tile": "siret3_r006_c004.tif"}}, {"type": "Feature", "geometry": {"type": "Polygon", "coordinates": [[[28.703920926722503, 47.12878246214058], [28.703918906720954, 47.128781142368766], [28.70392051103913, 47.12877976867021], [28.70392044638931, 47.12877774489061], [28.70392200760743, 47.12877502200565], [28.703924621926014, 47.12877430819291], [28.703923583192047, 47.12877274884945], [28.7039241990592, 47.12877138985818], [28.703928754362114, 47.12876952230868], [28.703928682528662, 47.128767273664685], [28.70393260041413, 47.12876609051315], [28.703933961448385, 47.12876742008967], [28.7039313902304, 47.128769483089], [28.703931820280953, 47.12877262628811], [28.703929005779244, 47.12877739256265], [28.703923541041473, 47.12878174832787], [28.703920926722503, 47.12878246214058]]]}, "properties": {"vineyard_id": "V02", "tile": "siret3_r006_c004.tif"}}, {"type": "Feature", "geometry": {"type": "Polygon", "coordinates": [[[28.703937813731248, 47.128753864493554], [28.70393611603045, 47.128752314955165], [28.70393839368093, 47.12875138118022], [28.703937333396897, 47.12874914724368], [28.703941200997086, 47.128746390041066], [28.703941157896743, 47.128745040854675], [28.70393949611305, 47.128744615638325], [28.70394105732927, 47.12874189275311], [28.703946944929317, 47.12874045532175], [28.70394733906342, 47.128742474198816], [28.70394440963014, 47.12874364264334], [28.703944259731873, 47.12874926915579], [28.70394328564845, 47.12874973359209], [28.703942705699014, 47.128752216905454], [28.703937813731248, 47.128753864493554]]]}, "properties": {"vineyard_id": "V02", "tile": "siret3_r006_c004.tif"}}, {"type": "Feature", "geometry": {"type": "Polygon", "coordinates": [[[28.703947818444693, 47.128736842783844], [28.703946486144538, 47.12873641266508], [28.70394667914304, 47.128732135339014], [28.703948949609053, 47.128730976699465], [28.703948555474984, 47.12872895782238], [28.703951484907375, 47.128727789377756], [28.703952064856164, 47.128725306064354], [28.703951054856102, 47.12872464617872], [28.703952616071163, 47.12872192329334], [28.70395586061942, 47.12872030021729], [28.70395678441804, 47.12871826173012], [28.70395872540004, 47.12871710799292], [28.703958338449176, 47.12871531398028], [28.703959942764385, 47.128713940281195], [28.703959240697248, 47.12871260089989], [28.703961840645338, 47.12871143735755], [28.703962076743387, 47.128708509217844], [28.703961052376595, 47.128707399603485], [28.703964590489445, 47.12870464730267], [28.703964819403843, 47.128701494298554], [28.70396703958375, 47.12869876160788], [28.703967605164546, 47.1286958285656], [28.703968242580217, 47.128695144167274], [28.70397122229486, 47.12869554977295], [28.70397392281109, 47.12869753433191], [28.70397367234669, 47.12870001274285], [28.70396855865399, 47.12870503820075], [28.703967062091635, 47.128709784865904], [28.703964784443436, 47.12871071864139], [28.703965171394476, 47.128712512654026], [28.70396230661448, 47.12871570487855], [28.703961755400147, 47.128719087649614], [28.703958825968463, 47.12872025609449], [28.703958561136368, 47.1287222847766], [28.703957279120676, 47.12872342870874], [28.70395432095489, 47.12872369769589], [28.703955753823045, 47.128727275916155], [28.7039538272075, 47.12872887938211], [28.7039516716766, 47.128733635852115], [28.703947818444693, 47.128736842783844]]]}, "properties": {"vineyard_id": "V02", "tile": "siret3_r006_c004.tif"}}, {"type": "Feature", "geometry": {"type": "Polygon", "coordinates": [[[28.703976013686905, 47.12869075408194], [28.7039723606394, 47.12868990855273], [28.703971665755798, 47.128688794035895], [28.703974480249205, 47.12868402776034], [28.70397576944712, 47.128683108692435], [28.703978398127543, 47.12868284460733], [28.703979085827672, 47.12868373425973], [28.703977195132012, 47.128686462048044], [28.703978885648308, 47.12868778672147], [28.70397731725201, 47.12869028474278], [28.703976013686905, 47.12869075408194]]]}, "properties": {"vineyard_id": "V02", "tile": "siret3_r006_c004.tif"}}, {"type": "Feature", "geometry": {"type": "Polygon", "coordinates": [[[28.703987758216602, 47.128666282428235], [28.703986969946662, 47.128662244674345], [28.703991131103013, 47.128658358245524], [28.703991044900057, 47.12865565987278], [28.70399395996032, 47.12865404169832], [28.703994468070498, 47.12864930974073], [28.70399572134925, 47.12864726635061], [28.70399831410977, 47.1286458779431], [28.703998249457307, 47.128643854163535], [28.703999853769364, 47.12864248046392], [28.70399915170223, 47.12864114108285], [28.70400266825791, 47.12863771418772], [28.70400289716988, 47.128634561183524], [28.70400385688344, 47.12863364701795], [28.704006163262232, 47.128633612699296], [28.704004773495175, 47.128631383666004], [28.70400638499034, 47.1286302348307], [28.70400872728722, 47.12863132483397], [28.704009099871787, 47.128632669117664], [28.704008519926543, 47.12863515243138], [28.704006278200435, 47.128637210529625], [28.704006042105025, 47.12864013866944], [28.70400708802234, 47.12864192287658], [28.70400379319498, 47.12864197190326], [28.704002890950285, 47.12864468498397], [28.70400029100633, 47.1286458485272], [28.70399725478844, 47.12865399267193], [28.703995034611907, 47.12865672536317], [28.703994784148627, 47.128659203774156], [28.703992857536672, 47.12866080724074], [28.703993273222608, 47.12866350071085], [28.703990386896127, 47.12866601834287], [28.703987758216602, 47.128666282428235]]]}, "properties": {"vineyard_id": "V02", "tile": "siret3_r006_c004.tif"}}, {"type": "Feature", "geometry": {"type": "Polygon", "coordinates": [[[28.70398121980359, 47.12867830319605], [28.703978877505172, 47.128677213192226], [28.703980188253464, 47.12867696871745], [28.703980417166864, 47.128673815713306], [28.703983690445575, 47.12867309209409], [28.703983296310685, 47.12867107321712], [28.703982293494835, 47.12867063819614], [28.703982909359375, 47.12866927920456], [28.70398385470679, 47.12866791531036], [28.70398776540017, 47.12866650729263], [28.703987786950872, 47.12866718188583], [28.703990458731926, 47.12866826698683], [28.703988832868134, 47.128668966093144], [28.703989878785478, 47.128670750300444], [28.703987579588627, 47.12867100948317], [28.70398630475833, 47.12867237828003], [28.703986355043277, 47.12867395233079], [28.70398803837582, 47.12867505213969], [28.703987408144208, 47.1286759614025], [28.703984442797662, 47.128676005526025], [28.70398349745013, 47.12867736942023], [28.70398121980359, 47.12867830319605]]]}, "properties": {"vineyard_id": "V02", "tile": "siret3_r006_c004.tif"}}, {"type": "Feature", "geometry": {"type": "Polygon", "coordinates": [[[28.704009156375797, 47.12862411936798], [28.70401356798989, 47.12861775452736], [28.704016526149477, 47.128617485538726], [28.70401527287219, 47.128619528929065], [28.704015667007848, 47.12862154780592], [28.704014077064155, 47.12862337123453], [28.704009156375797, 47.12862411936798]]]}, "properties": {"vineyard_id": "V02", "tile": "siret3_r006_c004.tif"}}, {"type": "Feature", "geometry": {"type": "Polygon", "coordinates": [[[28.704021454020815, 47.12861696226939], [28.70402068730024, 47.12861359910888], [28.704019369370013, 47.12861361871972], [28.70401647586374, 47.12861591148798], [28.704014792532526, 47.12861481167947], [28.704015078913073, 47.12861345759039], [28.704018545180155, 47.12860845664404], [28.704021510522892, 47.12860841251969], [28.70402443994708, 47.128607244073294], [28.704024411212252, 47.128606344615704], [28.70402205454878, 47.12860480488394], [28.704021638861935, 47.12860211141392], [28.704029875924082, 47.128601988845865], [28.704021454020815, 47.12861696226939]]]}, "properties": {"vineyard_id": "V02", "tile": "siret3_r006_c004.tif"}}, {"type": "Feature", "geometry": {"type": "Polygon", "coordinates": [[[28.703722344510602, 47.129067080737244], [28.703718626798146, 47.12906421142056], [28.703719557794027, 47.12906239779964], [28.70372216494688, 47.129061459126945], [28.703725818016252, 47.129062304663805], [28.703725853929065, 47.129063428985866], [28.703724249597478, 47.12906480268178], [28.703724980393876, 47.12906704152212], [28.703722344510602, 47.129067080737244]]]}, "properties": {"vineyard_id": "V02", "tile": "siret3_r006_c004.tif"}}, {"type": "Feature", "geometry": {"type": "Polygon", "coordinates": [[[28.703724048485903, 47.129058506478266], [28.70372303129963, 47.12905762172629], [28.70372691329817, 47.12905531425946], [28.703726863020208, 47.129053740208576], [28.703729814022985, 47.12905324636264], [28.703731848395616, 47.12905501586647], [28.70373025842959, 47.1290568392913], [28.703727336156895, 47.129058232594915], [28.703724048485903, 47.129058506478266]]]}, "properties": {"vineyard_id": "V02", "tile": "siret3_r006_c004.tif"}}, {"type": "Feature", "geometry": {"type": "Polygon", "coordinates": [[[28.703729427077054, 47.12905145234925], [28.70372807322296, 47.12905034763481], [28.703730558271218, 47.12904558626693], [28.703733143875283, 47.12904397300076], [28.703735013047915, 47.12904057062309], [28.703738300717735, 47.12904029673943], [28.70373966893701, 47.12904185118259], [28.70373872357694, 47.12904321507484], [28.70373709051585, 47.1290436893133], [28.703736840039245, 47.12904616772374], [28.70373456955528, 47.12904732635926], [28.703732385262267, 47.129051183367665], [28.703729427077054, 47.12905145234925]]]}, "properties": {"vineyard_id": "V02", "tile": "siret3_r006_c004.tif"}}, {"type": "Feature", "geometry": {"type": "Polygon", "coordinates": [[[28.703768722759833, 47.12898135159964], [28.70376672430245, 47.12898070641848], [28.70376703223917, 47.12898002692324], [28.703770784941042, 47.12897367189562], [28.70377432308116, 47.128970919600455], [28.70377359228413, 47.12896868076042], [28.703774845578586, 47.12896663737262], [28.703777108875514, 47.12896525387194], [28.70377769601748, 47.12896299542378], [28.703779321892974, 47.12896229632035], [28.703779529270733, 47.12895846872336], [28.70378500122095, 47.12895433782916], [28.703783912207914, 47.12895120443359], [28.703786512171423, 47.1289500408951], [28.70378740724912, 47.12894710295159], [28.70379102439754, 47.12894682416443], [28.70379237106742, 47.12894770401377], [28.7037921134109, 47.12894995755992], [28.70379051626718, 47.128951556121145], [28.703790244244953, 47.128953359938485], [28.70378894785458, 47.12895405413999], [28.70378869019789, 47.12895630768614], [28.70378545999584, 47.12895838048645], [28.703784221067547, 47.12896087360317], [28.70378496623048, 47.12896356217196], [28.703782058329846, 47.1289654052057], [28.703779924322866, 47.12897083626584], [28.703778312812645, 47.12897198509809], [28.70377746801338, 47.12897649709238], [28.703773292451576, 47.12897993378493], [28.703768722759833, 47.12898135159964]]]}, "properties": {"vineyard_id": "V02", "tile": "siret3_r006_c004.tif"}}, {"type": "Feature", "geometry": {"type": "Polygon", "coordinates": [[[28.70373625198027, 47.12903807750688], [28.70373552118383, 47.12903583866661], [28.703737111149064, 47.129034015241714], [28.703738421907268, 47.12903377076959], [28.703739925680967, 47.12902924897171], [28.703742496918714, 47.12902718597653], [28.703741415089176, 47.129024277445], [28.703742711481866, 47.129023583244006], [28.703744852677257, 47.12901837704895], [28.703748125980358, 47.1290176534362], [28.703751621028562, 47.12901355195525], [28.703751585115263, 47.12901242763319], [28.703749930507275, 47.1290122272786], [28.703749565108957, 47.12901110785851], [28.703750496102895, 47.129009294237335], [28.70375277376758, 47.129008360465946], [28.703752035788227, 47.129005896761356], [28.703757500562702, 47.129001541004016], [28.703757407187847, 47.128998617766676], [28.703758352546682, 47.12899725387427], [28.70376224172204, 47.12899517127071], [28.703760515287627, 47.12899272227216], [28.703761095247874, 47.12899023895967], [28.70376428235655, 47.128986816973566], [28.70376390977541, 47.12898547268911], [28.70376547100737, 47.128982749806184], [28.703767763036097, 47.12898226576333], [28.703766731485167, 47.12898093128289], [28.70376839327496, 47.12898135650164], [28.703770427646038, 47.12898312600484], [28.703769525384125, 47.1289858390838], [28.703771223087777, 47.12898738862458], [28.703768286454483, 47.12898833220036], [28.703768007248627, 47.12898991115323], [28.703763538113755, 47.12899447706949], [28.703763925060368, 47.12899627108276], [28.703761740771483, 47.129000128091704], [28.70376182696388, 47.12900282646462], [28.70375861830606, 47.12900557385744], [28.703758389378645, 47.12900872686115], [28.70375641246839, 47.129008756273045], [28.703754937427323, 47.12901417752875], [28.703749573208505, 47.129021681387755], [28.70374872840613, 47.12902619338183], [28.7037454910157, 47.12902804131666], [28.703746228995083, 47.12903050502127], [28.703742024696602, 47.12903304225507], [28.703739181434248, 47.129036909067466], [28.70373625198027, 47.12903807750688]]]}, "properties": {"vineyard_id": "V02", "tile": "siret3_r006_c004.tif"}}, {"type": "Feature", "geometry": {"type": "Polygon", "coordinates": [[[28.703808398106023, 47.128912819985786], [28.703807051436787, 47.12891194013663], [28.703810260086573, 47.128909192742526], [28.703809865956238, 47.12890717386497], [28.703811448732313, 47.128905125574676], [28.703813074605605, 47.12890442647079], [28.70381203587223, 47.12890286712634], [28.70381493658555, 47.12890079922745], [28.703817228610305, 47.12890031518366], [28.703816490629627, 47.128897851479465], [28.70381810213681, 47.1288967026467], [28.703817034671818, 47.128894243844655], [28.703819312330438, 47.128893310071994], [28.70381924768421, 47.12889128629232], [28.703820508158078, 47.12888946776847], [28.70382543605663, 47.128888944507224], [28.70382644605834, 47.12888960439393], [28.703825479154272, 47.128890293693665], [28.703824920746804, 47.12889345159969], [28.703822048765968, 47.128896418956444], [28.703821834208455, 47.1289000216891], [28.70381820988048, 47.1289000756128], [28.70381802405435, 47.12890457780309], [28.703814091790356, 47.12890531122201], [28.703814815405234, 47.1289073251974], [28.703812946242174, 47.12891072757634], [28.703808398106023, 47.128912819985786]]]}, "properties": {"vineyard_id": "V02", "tile": "siret3_r006_c004.tif"}}, {"type": "Feature", "geometry": {"type": "Polygon", "coordinates": [[[28.70379405347969, 47.128938455160544], [28.703792047840825, 47.12893758511539], [28.70379431113608, 47.12893620161439], [28.70379486954575, 47.12893304370849], [28.703797469508128, 47.12893188016975], [28.703797741530025, 47.12893007635241], [28.703799990459135, 47.12892824312247], [28.703799238113152, 47.128925329689366], [28.703800835255837, 47.12892373112801], [28.703801085729047, 47.12892125271744], [28.703803048270313, 47.12892077357598], [28.703802990807485, 47.12891897466072], [28.703805268467406, 47.12891804088832], [28.70380486715433, 47.12891579714636], [28.7038077750515, 47.128913954112065], [28.703812122995345, 47.1289159141641], [28.70381183660822, 47.12891726825267], [28.703809623594378, 47.12892022580486], [28.7038082841078, 47.12891957082013], [28.7038043446597, 47.128920079374325], [28.703804710058495, 47.12892119879426], [28.703807997720556, 47.1289209249087], [28.703808377485185, 47.12892249405741], [28.703803256573096, 47.12892729464382], [28.703803987370755, 47.12892953348368], [28.70380178153883, 47.12893271590011], [28.70379984054565, 47.12893386963476], [28.703799912374087, 47.12893611827884], [28.70379830804817, 47.128937491975776], [28.70379405347969, 47.128938455160544]]]}, "properties": {"vineyard_id": "V02", "tile": "siret3_r006_c004.tif"}}, {"type": "Feature", "geometry": {"type": "Polygon", "coordinates": [[[28.70382594418344, 47.12888421255036], [28.7038252636661, 47.12888354776148], [28.703827219022813, 47.12888284375522], [28.703829073818127, 47.12887899164727], [28.703829001988606, 47.128876743003204], [28.70383128682923, 47.12887603409471], [28.703833364296077, 47.12887915278327], [28.703830757154076, 47.1288800914584], [28.703831165650893, 47.12888256006467], [28.70382594418344, 47.12888421255036]]]}, "properties": {"vineyard_id": "V02", "tile": "siret3_r006_c004.tif"}}, {"type": "Feature", "geometry": {"type": "Polygon", "coordinates": [[[28.703839708825182, 47.12886106068464], [28.70383768882257, 47.12885974091142], [28.703837953659814, 47.128857712229554], [28.703841506154884, 47.12885540966121], [28.70384238686209, 47.128852021988486], [28.70384525883945, 47.12884905463125], [28.703844220106266, 47.12884749528707], [28.70384482161024, 47.12884568656738], [28.70385164021212, 47.12884243551887], [28.703853051527705, 47.12884533914716], [28.7038515118532, 47.128848736624455], [28.7038486398762, 47.12885170398185], [28.703848052738344, 47.128853962430355], [28.703841592350873, 47.1288581080341], [28.70384166418088, 47.12886035667815], [28.703839708825182, 47.12886106068464]]]}, "properties": {"vineyard_id": "V02", "tile": "siret3_r006_c004.tif"}}, {"type": "Feature", "geometry": {"type": "Polygon", "coordinates": [[[28.703857971301783, 47.12883424235532], [28.703857254869405, 47.12883245324459], [28.70385362336304, 47.128832282304934], [28.703853265146936, 47.128831387749564], [28.703854554350464, 47.12883046868295], [28.703854826370005, 47.128828664865466], [28.70385644505735, 47.12882774089659], [28.703856695527648, 47.12882526248588], [28.703860606235928, 47.128823854472344], [28.703860169006003, 47.12882048640852], [28.70386378614541, 47.12882020761918], [28.703865154362475, 47.12882176206091], [28.703864552859443, 47.12882357078069], [28.703862926989277, 47.12882426988527], [28.703864008821053, 47.12882717841571], [28.703862132480737, 47.12883035593101], [28.703858228955088, 47.128831988809004], [28.703859289237577, 47.128834222746285], [28.703857971301783, 47.12883424235532]]]}, "properties": {"vineyard_id": "V02", "tile": "siret3_r006_c004.tif"}}, {"type": "Feature", "geometry": {"type": "Polygon", "coordinates": [[[28.703866063800053, 47.12881927384562], [28.703861744594562, 47.12881821325315], [28.703864200888223, 47.12881255242487], [28.70386711596087, 47.12881093425352], [28.70386869873196, 47.128808885962464], [28.703873597890063, 47.12880746324163], [28.703874314322633, 47.12880925235226], [28.703871707184753, 47.12881019102828], [28.70387078338136, 47.128812229514786], [28.703868842394012, 47.12881338325055], [28.703869229342676, 47.1288151772635], [28.70386799042147, 47.1288176703811], [28.703866063800053, 47.12881927384562]]]}, "properties": {"vineyard_id": "V02", "tile": "siret3_r006_c004.tif"}}, {"type": "Feature", "geometry": {"type": "Polygon", "coordinates": [[[28.703874055730157, 47.128801157233724], [28.703872358029646, 47.12879960769439], [28.70387561695132, 47.12879843434935], [28.703875172537572, 47.12879484142118], [28.70387909760942, 47.12879388313585], [28.703878323711816, 47.128790295110015], [28.703879276247125, 47.12878915608106], [28.703882234416966, 47.12878888709578], [28.703883588267423, 47.128789991808496], [28.70388233498113, 47.12879203519743], [28.703882442728467, 47.12879540816348], [28.703880809676242, 47.1287958824039], [28.70387895488741, 47.12879973451266], [28.703876684416958, 47.12880089315087], [28.703874055730157, 47.128801157233724]]]}, "properties": {"vineyard_id": "V02", "tile": "siret3_r006_c004.tif"}}, {"type": "Feature", "geometry": {"type": "Polygon", "coordinates": [[[28.703885149487775, 47.128787268923986], [28.70388249206908, 47.12878663354942], [28.703882764087485, 47.12878482973186], [28.703884697890338, 47.128783451131454], [28.703883888076735, 47.128778738783645], [28.70388451831129, 47.12877782952137], [28.70388779159772, 47.1287771059048], [28.703886373099, 47.128773977412514], [28.703887626384727, 47.12877193402353], [28.70388926661934, 47.128771684647425], [28.703888879670366, 47.12876989063453], [28.703892811923325, 47.128769157213156], [28.703894531173038, 47.128771381345416], [28.703891286619807, 47.12877300441977], [28.703892669202812, 47.12877500859], [28.703892382818395, 47.12877636267877], [28.70389107925043, 47.12877683201698], [28.70389148774911, 47.12877930062305], [28.703888680426616, 47.12878429176104], [28.703885149487775, 47.128787268923986]]]}, "properties": {"vineyard_id": "V02", "tile": "siret3_r006_c004.tif"}}, {"type": "Feature", "geometry": {"type": "Polygon", "coordinates": [[[28.7038969299955, 47.128763921601234], [28.70389492436165, 47.128763051557776], [28.703894551778955, 47.12876170727373], [28.703898791965063, 47.128760294356574], [28.703899400649505, 47.12875871050101], [28.703895439664596, 47.12875854446499], [28.703896370649375, 47.12875673084268], [28.703903117404472, 47.12875123114722], [28.703904377872288, 47.128749412622454], [28.703903983739746, 47.128747393745215], [28.703906290123573, 47.12874735942851], [28.70390868270646, 47.12875002348458], [28.703908059655888, 47.12875115761139], [28.70390399905167, 47.12875819213893], [28.703903017784487, 47.12875843171048], [28.703902330084617, 47.12875754205763], [28.703899701400097, 47.128757806141024], [28.703899730132978, 47.12875870559865], [28.703901721400285, 47.12875912591321], [28.70390147811554, 47.12876182918841], [28.7038969299955, 47.128763921601234]]]}, "properties": {"vineyard_id": "V02", "tile": "siret3_r006_c004.tif"}}, {"type": "Feature", "geometry": {"type": "Polygon", "coordinates": [[[28.703908760775935, 47.12874214832811], [28.70390740692621, 47.128741043615676], [28.703910314810404, 47.128739200578885], [28.703910242977813, 47.128736951934854], [28.70391186166144, 47.128736027965225], [28.70391045752899, 47.128733349202015], [28.703914976912806, 47.128730357331094], [28.70391701846216, 47.12873235169619], [28.703916495977946, 47.12873663392469], [28.703914927577333, 47.128739131945174], [28.70391363837702, 47.12874005101244], [28.703911661476873, 47.12874008042689], [28.70391103842648, 47.128741214553706], [28.703908760775935, 47.12874214832811]]]}, "properties": {"vineyard_id": "V02", "tile": "siret3_r006_c004.tif"}}, {"type": "Feature", "geometry": {"type": "Polygon", "coordinates": [[[28.70391688197973, 47.12872807927257], [28.70391521301348, 47.128727429191436], [28.70391449658073, 47.12872564008104], [28.703916752680623, 47.12872403171332], [28.703920025963306, 47.128723308095886], [28.70391931671374, 47.12872174384992], [28.703921250513392, 47.128720365248945], [28.703920534080535, 47.12871857613859], [28.703921765813796, 47.12871585815604], [28.703925010362642, 47.128714235080864], [28.70392731674502, 47.12871420076376], [28.70392805472802, 47.12871666446728], [28.703923679012323, 47.128724153626735], [28.703922038779346, 47.12872440300332], [28.70392180267905, 47.128727331142976], [28.70391688197973, 47.12872807927257]]]}, "properties": {"vineyard_id": "V02", "tile": "siret3_r006_c004.tif"}}, {"type": "Feature", "geometry": {"type": "Polygon", "coordinates": [[[28.70392808969476, 47.12870744012437], [28.703928999127584, 47.1287049519086], [28.703927924478265, 47.128702268243124], [28.70393048132654, 47.12869975551509], [28.703932458225175, 47.128699726100336], [28.70393295292523, 47.1287048930791], [28.703931362976267, 47.12870671650662], [28.70392808969476, 47.12870744012437]]]}, "properties": {"vineyard_id": "V02", "tile": "siret3_r006_c004.tif"}}, {"type": "Feature", "geometry": {"type": "Polygon", "coordinates": [[[28.703947440139157, 47.128673406510686], [28.703945420141164, 47.128672086739286], [28.703947296471174, 47.12866890922266], [28.703951471997797, 47.128665472524055], [28.703951980111825, 47.12866074056662], [28.703953290859847, 47.12866049609216], [28.703953562875327, 47.12865869227443], [28.70395516718899, 47.12865731857543], [28.703955109721573, 47.12865551966022], [28.703957057884796, 47.12865459078746], [28.703958382999524, 47.128654796041744], [28.70395909224928, 47.12865636028748], [28.703957136902595, 47.128657064295865], [28.703957982637718, 47.128662900965196], [28.703955719358195, 47.1286642844693], [28.703954824294122, 47.12866722241409], [28.70395130055002, 47.12867042444338], [28.703949746519733, 47.12867337219315], [28.703947440139157, 47.128673406510686]]]}, "properties": {"vineyard_id": "V02", "tile": "siret3_r006_c004.tif"}}, {"type": "Feature", "geometry": {"type": "Polygon", "coordinates": [[[28.703973078506927, 47.12862983053778], [28.70397012034641, 47.12863009952531], [28.703970413911648, 47.12862897030075], [28.70397291328652, 47.128624658656605], [28.703974539149186, 47.12862395955054], [28.703974818347294, 47.12862238059716], [28.703976766508976, 47.12862145172409], [28.703976035708678, 47.128619212885255], [28.70397822715062, 47.12861558073678], [28.703980855827712, 47.12861531665166], [28.703980798359513, 47.12861351773647], [28.70398331928345, 47.128609880685296], [28.703985411115404, 47.128613449100065], [28.703984100368686, 47.12861369357487], [28.703982911742052, 47.12861776074447], [28.703980626914493, 47.12861846965584], [28.703978743404658, 47.12862142230857], [28.703977432657712, 47.12862166678332], [28.70397780524142, 47.12862301106712], [28.70398041955183, 47.12862229725322], [28.703980777768557, 47.12862319180822], [28.703978485757222, 47.12862367585515], [28.70397526276599, 47.12862597352498], [28.7039723046057, 47.12862624251255], [28.703973078506927, 47.12862983053778]]]}, "properties": {"vineyard_id": "V02", "tile": "siret3_r006_c004.tif"}}, {"type": "Feature", "geometry": {"type": "Polygon", "coordinates": [[[28.703683794717087, 47.12906765425139], [28.703682426498737, 47.12906609980758], [28.703683035192867, 47.12906451595312], [28.703684990558095, 47.12906381194921], [28.703687855373, 47.12906061973136], [28.70369046970876, 47.129059905923796], [28.703691229233343, 47.12906304422202], [28.703688643627075, 47.12906465748726], [28.703688407512956, 47.12906758562645], [28.703683794717087, 47.12906765425139]]]}, "properties": {"vineyard_id": "V02", "tile": "siret3_r006_c004.tif"}}, {"type": "Feature", "geometry": {"type": "Polygon", "coordinates": [[[28.703689674272226, 47.129055643303474], [28.703687990933492, 47.12905454349034], [28.70368988883901, 47.12905204057103], [28.703697316170153, 47.129047205676855], [28.70369869875332, 47.129049209849356], [28.703698419545137, 47.12905078880206], [28.703696464180563, 47.129051492806184], [28.703692625275483, 47.12905514945848], [28.703689674272226, 47.129055643303474]]]}, "properties": {"vineyard_id": "V02", "tile": "siret3_r006_c004.tif"}}, {"type": "Feature", "geometry": {"type": "Polygon", "coordinates": [[[28.70369528898139, 47.129045661036805], [28.70369491640153, 47.12904431675213], [28.70369717252138, 47.12904270838855], [28.70369741581738, 47.129040005113765], [28.70369967193697, 47.129038396750154], [28.703700273447847, 47.129036588031184], [28.703702221629367, 47.1290356591626], [28.70370184186696, 47.129034090013505], [28.703703138260412, 47.12903339581296], [28.703702099527607, 47.12903183646752], [28.703702364370688, 47.12902980778597], [28.70370365358157, 47.129028888720995], [28.703704541482587, 47.12902572591369], [28.703708079629564, 47.129022973620515], [28.70370972705526, 47.129022949111295], [28.703710744240638, 47.12902383386341], [28.70370980606261, 47.12902542261987], [28.703704949974878, 47.12902819452044], [28.70370500025215, 47.129029768571336], [28.703707041805526, 47.12903176294005], [28.703705129536576, 47.12903381613081], [28.703706225729302, 47.12903717439152], [28.70370295960687, 47.1290381228675], [28.703703031431484, 47.12904037151164], [28.703700839953992, 47.12904400365507], [28.703697595378358, 47.12904562672415], [28.70369528898139, 47.129045661036805]]]}, "properties": {"vineyard_id": "V02", "tile": "siret3_r006_c004.tif"}}, {"type": "Feature", "geometry": {"type": "Polygon", "coordinates": [[[28.7037254615094, 47.12899954298323], [28.703722710708913, 47.1289959843677], [28.703723283488422, 47.128993276190954], [28.703726177027526, 47.12899098342983], [28.703730431601468, 47.12899002024753], [28.703729909100293, 47.128994302475185], [28.70372799683354, 47.1289963556663], [28.703728054293986, 47.12899815458161], [28.7037254615094, 47.12899954298323]]]}, "properties": {"vineyard_id": "V02", "tile": "siret3_r006_c004.tif"}}, {"type": "Feature", "geometry": {"type": "Polygon", "coordinates": [[[28.70372905620127, 47.12898824093982], [28.70372769516626, 47.12898691136091], [28.70372894128034, 47.1289846431092], [28.70373380454547, 47.128982096072065], [28.703732994741664, 47.128977383723196], [28.703737492608152, 47.12897371726576], [28.703736095660403, 47.12897126336489], [28.70373903947595, 47.128970544654344], [28.703738000743378, 47.128968985309236], [28.703738630982603, 47.12896807604773], [28.703742556069702, 47.128967117766905], [28.703743637898057, 47.128970026298475], [28.70374236305449, 47.12897139509269], [28.703742764365433, 47.128973638834886], [28.70374121031516, 47.12897658658193], [28.703739276501672, 47.12897796517999], [28.70373903320799, 47.12898066845487], [28.703736096574474, 47.12898161202983], [28.703735509430558, 47.1289838704778], [28.703731018745657, 47.12898776179958], [28.70372905620127, 47.12898824093982]]]}, "properties": {"vineyard_id": "V02", "tile": "siret3_r006_c004.tif"}}, {"type": "Feature", "geometry": {"type": "Polygon", "coordinates": [[[28.703751923462633, 47.12895078047071], [28.70375016829963, 47.128947432014314], [28.70375495255115, 47.12894241146779], [28.703754572787936, 47.12894084231887], [28.70376006628639, 47.12893738601908], [28.7037599729116, 47.12893446278172], [28.703760946999996, 47.128933998346945], [28.703759901084855, 47.1289322141376], [28.703760495409906, 47.12893018055392], [28.703763052276802, 47.12892766782949], [28.703766977360488, 47.12892670954786], [28.703768352760296, 47.12892848885513], [28.703765452043648, 47.12893055675286], [28.703766519507052, 47.12893301555539], [28.70376245168815, 47.1289398252137], [28.703760166843868, 47.12894053412086], [28.703758569699456, 47.128942132681644], [28.70375860561281, 47.12894325700371], [28.703759930734044, 47.1289434622602], [28.70375995228207, 47.12894413685343], [28.703757065929594, 47.12894665447978], [28.70375584136555, 47.128949597325054], [28.703751923462633, 47.12895078047071]]]}, "properties": {"vineyard_id": "V02", "tile": "siret3_r006_c004.tif"}}, {"type": "Feature", "geometry": {"type": "Polygon", "coordinates": [[[28.703767499858166, 47.128922427320035], [28.70376744957924, 47.128920853269136], [28.70376545830685, 47.12892043295232], [28.70376767850588, 47.128917700265376], [28.703770930254365, 47.1289163020588], [28.703770887158065, 47.128914952872336], [28.70376920382221, 47.128913853060325], [28.703771395289905, 47.12891022091566], [28.703773966520814, 47.12890815791979], [28.703777920333835, 47.128908099095476], [28.70377963958344, 47.128910323229405], [28.703778386290438, 47.12891236661726], [28.703776753233694, 47.128912840856245], [28.70377681787836, 47.12891486463594], [28.70377326537656, 47.12891716720234], [28.703771117005033, 47.1289221485335], [28.703767499858166, 47.128922427320035]]]}, "properties": {"vineyard_id": "V02", "tile": "siret3_r006_c004.tif"}}, {"type": "Feature", "geometry": {"type": "Polygon", "coordinates": [[[28.703782754858633, 47.128904652598706], [28.70378205279328, 47.12890331321633], [28.70377710334471, 47.12890316188249], [28.70377839255128, 47.1289022428167], [28.703778356637553, 47.12890111849465], [28.703777009969098, 47.12890023864513], [28.703779588382066, 47.12889840051358], [28.7037808273092, 47.12889590739689], [28.703784079056017, 47.12889450918997], [28.70378234544124, 47.128891835327266], [28.703784300798837, 47.12889113132175], [28.70378685766278, 47.128888618596804], [28.703786126866454, 47.12888637975681], [28.70378965781731, 47.1288834025968], [28.703791333969804, 47.128884277544095], [28.703791097861863, 47.12888720568351], [28.703792136594313, 47.128888765028165], [28.703789945128882, 47.128892397173225], [28.70378798977131, 47.128893101178846], [28.70378740263047, 47.128895359627066], [28.70378445881973, 47.128896078338805], [28.703783592473712, 47.128899915739936], [28.703784323270142, 47.12890215457995], [28.703782754858633, 47.128904652598706]]]}, "properties": {"vineyard_id": "V02", "tile": "siret3_r006_c004.tif"}}, {"type": "Feature", "geometry": {"type": "Polygon", "coordinates": [[[28.703798560149558, 47.12887314644014], [28.703796855266045, 47.128871372035306], [28.703794527328313, 47.12887073175665], [28.703796382125603, 47.12886687964918], [28.703800665419685, 47.12886681592201], [28.70380259922761, 47.12886543732298], [28.70380425383121, 47.12886563767687], [28.7038049415309, 47.128866527330295], [28.703801503958847, 47.128872427728076], [28.703798560149558, 47.12887314644014]]]}, "properties": {"vineyard_id": "V02", "tile": "siret3_r006_c004.tif"}}, {"type": "Feature", "geometry": {"type": "Polygon", "coordinates": [[[28.70380532755096, 47.1288579726785], [28.70380365858192, 47.1288573225958], [28.703804926238398, 47.1288557289365], [28.703804811312892, 47.128852131105944], [28.703810326347636, 47.12884934939708], [28.703812632735985, 47.128849315082206], [28.703813334801353, 47.12885065446441], [28.703811386628495, 47.128851583334814], [28.703809839768283, 47.12885475594715], [28.70380532755096, 47.1288579726785]]]}, "properties": {"vineyard_id": "V02", "tile": "siret3_r006_c004.tif"}}, {"type": "Feature", "geometry": {"type": "Polygon", "coordinates": [[[28.7038221140842, 47.128826226946074], [28.70382109690086, 47.12882534219488], [28.70382137610442, 47.12882376324187], [28.70382399042678, 47.12882304943139], [28.703826891135385, 47.12882098153226], [28.703825780574064, 47.128817173543794], [28.703828695648145, 47.12881555537342], [28.703828279969112, 47.12881286190268], [28.7038299058394, 47.128812162798596], [28.70383354452729, 47.12881255860343], [28.703834927109206, 47.128814562774345], [28.703833000486892, 47.128816166238316], [28.70382899014856, 47.12882477481418], [28.7038221140842, 47.128826226946074]]]}, "properties": {"vineyard_id": "V02", "tile": "siret3_r006_c004.tif"}}, {"type": "Feature", "geometry": {"type": "Polygon", "coordinates": [[[28.703834117299444, 47.12880985042615], [28.703832032652414, 47.12880650687312], [28.703832942091303, 47.12880401865807], [28.703834890262065, 47.12880308978732], [28.703835455851106, 47.128800156745626], [28.703837052989048, 47.12879855818381], [28.703840003976676, 47.12879806433519], [28.703838234447534, 47.128794266151246], [28.70384247463776, 47.128792853236156], [28.703841693559642, 47.12878904034562], [28.70384298276238, 47.12878812127916], [28.70384292529847, 47.12878632236389], [28.70384934257922, 47.1287808275737], [28.703848282298267, 47.128778593636305], [28.703849571500633, 47.128777674569754], [28.703849814788068, 47.12877497129463], [28.703852429107656, 47.128774257483535], [28.70385434854487, 47.12877242915484], [28.70385293723126, 47.1287695255265], [28.70385714150392, 47.12876698828884], [28.703857399157016, 47.12876473474251], [28.70385635324215, 47.128762950533996], [28.703859941645472, 47.12876177228718], [28.703861488500134, 47.128758599674185], [28.703863429485683, 47.12875744593856], [28.703862390753827, 47.12875588659451], [28.70386300662237, 47.128754527603526], [28.70386722525954, 47.128752440094345], [28.703868571925653, 47.12875331994284], [28.703868607841095, 47.12875444426487], [28.703867104085457, 47.12875896606442], [28.703865134367646, 47.128759220342474], [28.703863243663537, 47.128761948128975], [28.70386033577647, 47.1287637911646], [28.703860701175262, 47.12876491058437], [28.703863659343867, 47.12876464159959], [28.703863043475234, 47.12876600059056], [28.703862105306104, 47.1287675893482], [28.70386046507148, 47.12876783872393], [28.703858631831235, 47.12877236542562], [28.70385604624398, 47.12877397869448], [28.70385548783936, 47.12877713660067], [28.703851870702817, 47.128777415389735], [28.7038529094348, 47.12877897473386], [28.703855230186136, 47.12877939014699], [28.70385111929169, 47.12878485062189], [28.703847545252646, 47.128786478597256], [28.70384731633108, 47.128789631601194], [28.703844730742652, 47.128791244869795], [28.70384521825231, 47.128796186984566], [28.703844294448132, 47.12879822547089], [28.703842038342938, 47.12879983383722], [28.70384242529059, 47.12880162785028], [28.703840864067633, 47.128804350734214], [28.70383858641316, 47.12880528450728], [28.703835420868725, 47.12880938108857], [28.703834117299444, 47.12880985042615]]]}, "properties": {"vineyard_id": "V02", "tile": "siret3_r006_c004.tif"}}, {"type": "Feature", "geometry": {"type": "Polygon", "coordinates": [[[28.70386711751333, 47.12874906712823], [28.70386541263164, 47.12874729272435], [28.703866658734498, 47.12874502447117], [28.703869616901972, 47.128744755486245], [28.703869817089743, 47.12874070302464], [28.70387276089075, 47.12873998431081], [28.703872645961134, 47.128736386480305], [28.703875575395642, 47.12873521803761], [28.703876585394994, 47.128735877923916], [28.703876349292162, 47.12873880606351], [28.70387604135815, 47.12873948555904], [28.703873097557217, 47.128740204272916], [28.7038738139888, 47.12874199338359], [28.703872303050826, 47.128746290318794], [28.70386942389727, 47.128749032812266], [28.70386711751333, 47.12874906712823]]]}, "properties": {"vineyard_id": "V02", "tile": "siret3_r006_c004.tif"}}, {"type": "Feature", "geometry": {"type": "Polygon", "coordinates": [[[28.70388717007664, 47.12871637290616], [28.703883839328768, 47.128715297607414], [28.703886983314597, 47.128710526431625], [28.70388928251369, 47.12871026725086], [28.703890371527578, 47.12871340064552], [28.70388717007664, 47.12871637290616]]]}, "properties": {"vineyard_id": "V02", "tile": "siret3_r006_c004.tif"}}, {"type": "Feature", "geometry": {"type": "Polygon", "coordinates": [[[28.70389329377726, 47.128712007337974], [28.703891875280053, 47.12870887884569], [28.703888215049403, 47.128707808449406], [28.703890771899836, 47.128705295722234], [28.703890721617658, 47.12870372167138], [28.70389432438261, 47.128702993152345], [28.703896007714214, 47.12870409296261], [28.703896108278894, 47.12870724106428], [28.703893529879075, 47.128709079198345], [28.703894590160452, 47.12871131313536], [28.70389329377726, 47.128712007337974]]]}, "properties": {"vineyard_id": "V02", "tile": "siret3_r006_c004.tif"}}, {"type": "Feature", "geometry": {"type": "Polygon", "coordinates": [[[28.703917477793464, 47.128664178562666], [28.703916797277884, 47.1286635137743], [28.70391838004283, 47.128661465482566], [28.703917591778215, 47.12865742772811], [28.703919833508625, 47.128655369631545], [28.70392312115366, 47.128655095742886], [28.70392481885091, 47.128656645281545], [28.703923952518437, 47.12866048268371], [28.70392232665399, 47.12866118178908], [28.70392139567168, 47.128662995411595], [28.703917477793464, 47.128664178562666]]]}, "properties": {"vineyard_id": "V02", "tile": "siret3_r006_c004.tif"}}, {"type": "Feature", "geometry": {"type": "Polygon", "coordinates": [[[28.703902452767778, 47.128689148962174], [28.70390039685424, 47.12868670486793], [28.703904514919525, 47.12868146925575], [28.7039047725703, 47.128679215709326], [28.703906641719765, 47.12867581332894], [28.703907622985415, 47.12867557375738], [28.703907579886017, 47.12867422457094], [28.703909843167235, 47.12867284106778], [28.70390914110192, 47.12867150168613], [28.703910394384465, 47.12866945829691], [28.703913674847172, 47.1286689595441], [28.703913273531708, 47.12866671580245], [28.70391648216154, 47.128663968405505], [28.703917484976742, 47.12866440342709], [28.70391766455855, 47.12867002503718], [28.703915379727867, 47.128670733947295], [28.703914806961155, 47.12867344212497], [28.70391613925947, 47.12867387224414], [28.70391583132632, 47.12867455173976], [28.703914570860604, 47.12867637026463], [28.703912601146076, 47.128676624543466], [28.70391263706234, 47.1286777488655], [28.70391103274697, 47.12867912256393], [28.703911455612197, 47.12868204089878], [28.7039092713463, 47.128685897910444], [28.70390763111442, 47.12868614728681], [28.703904422482818, 47.128688894683506], [28.703902452767778, 47.128689148962174]]]}, "properties": {"vineyard_id": "V02", "tile": "siret3_r006_c004.tif"}}, {"type": "Feature", "geometry": {"type": "Polygon", "coordinates": [[[28.703934665517732, 47.12863467655599], [28.70393355495299, 47.12863086856851], [28.70393837507622, 47.12862697233665], [28.70394005122292, 47.1286278472819], [28.70393855465999, 47.12863259394673], [28.703934665517732, 47.12863467655599]]]}, "properties": {"vineyard_id": "V02", "tile": "siret3_r006_c004.tif"}}, {"type": "Feature", "geometry": {"type": "Polygon", "coordinates": [[[28.70392726076426, 47.12865053472311], [28.703924180486304, 47.12864698101458], [28.703926450949243, 47.12864582237552], [28.703926343199686, 47.12864244940945], [28.703927295731404, 47.128641310380104], [28.703931235157693, 47.12864080182193], [28.70393182228992, 47.128638543372986], [28.703930439709136, 47.12863653920316], [28.703934672701074, 47.128634901420384], [28.7039350812005, 47.12863737002637], [28.70393315458749, 47.12863897349195], [28.70393385665296, 47.128640312873465], [28.703931629290363, 47.128642820699106], [28.703932030606392, 47.12864506444068], [28.703928442212504, 47.12864624268966], [28.70392918019453, 47.128648706393214], [28.70392726076426, 47.12865053472311]]]}, "properties": {"vineyard_id": "V02", "tile": "siret3_r006_c004.tif"}}, {"type": "Feature", "geometry": {"type": "Polygon", "coordinates": [[[28.703944104629525, 47.12862058788871], [28.70394277233233, 47.12862015776984], [28.703943932228608, 47.12861519114303], [28.703944877576102, 47.12861382724913], [28.70394683292139, 47.128613123240974], [28.703947126487037, 47.12861199401646], [28.703949089015623, 47.12861151487265], [28.70395081544579, 47.12861396386855], [28.703947685837946, 47.128619184774855], [28.703944104629525, 47.12862058788871]]]}, "properties": {"vineyard_id": "V02", "tile": "siret3_r006_c004.tif"}}, {"type": "Feature", "geometry": {"type": "Polygon", "coordinates": [[[28.70365066572056, 47.12905217414866], [28.703652542081013, 47.12904899663668], [28.703655156416705, 47.12904828282991], [28.70365504150052, 47.1290446849992], [28.703655979680516, 47.12904309624319], [28.703659560924837, 47.129041693137985], [28.70365948910205, 47.12903944449378], [28.703658479099484, 47.129038784605626], [28.70366164467077, 47.129034688029016], [28.703661916697694, 47.12903288421196], [28.703664545397064, 47.129032620133835], [28.703665769967955, 47.1290296772895], [28.70366805481733, 47.129028968384176], [28.703666321203766, 47.12902629451976], [28.703666607595107, 47.12902494043154], [28.703668885261962, 47.12902400666177], [28.703675453417972, 47.12902323403375], [28.703672975548084, 47.12902822026493], [28.70366837712021, 47.12902873861803], [28.703669093549102, 47.12903052772993], [28.70367172224831, 47.129030263651636], [28.70366983870732, 47.12903321629949], [28.703665942343235, 47.12903507403557], [28.703666343651516, 47.12903731777805], [28.703664803959843, 47.129040715252934], [28.70366125144487, 47.129043017815974], [28.703661982238312, 47.129045256656745], [28.703660377905585, 47.1290466303518], [28.703660456910708, 47.12904910386042], [28.703656517451535, 47.129049612409666], [28.703655887209965, 47.12905052167073], [28.703652921842092, 47.12905056578593], [28.70365066572056, 47.12905217414866]]]}, "properties": {"vineyard_id": "V02", "tile": "siret3_r006_c004.tif"}}, {"type": "Feature", "geometry": {"type": "Polygon", "coordinates": [[[28.703677600899383, 47.129007904039256], [28.70367692038225, 47.12900723924952], [28.70367816649895, 47.12900497099832], [28.703685257157357, 47.128999916142284], [28.70368657509736, 47.12899989653519], [28.703687928949307, 47.12900100125016], [28.70368797922603, 47.129002575301094], [28.703682843930725, 47.12900692615343], [28.70367987138296, 47.12900674540489], [28.703677600899383, 47.129007904039256]]]}, "properties": {"vineyard_id": "V02", "tile": "siret3_r006_c004.tif"}}, {"type": "Feature", "geometry": {"type": "Polygon", "coordinates": [[[28.703699358556403, 47.12897698425537], [28.70369834855455, 47.128976324367535], [28.703698269547868, 47.12897385085894], [28.703699150265958, 47.12897046318725], [28.70370141356505, 47.128969079688034], [28.703701363287994, 47.12896750563711], [28.703700360468734, 47.128967070613726], [28.703703189365456, 47.12896275407342], [28.70370643393594, 47.12896113100422], [28.703706405206113, 47.12896023154654], [28.703704736235007, 47.12895958146244], [28.70370629746928, 47.128956858580274], [28.703707923345554, 47.12895615947785], [28.703707880250793, 47.12895481029136], [28.703710465851234, 47.128953197025716], [28.703710358114176, 47.12894982405946], [28.70371294371431, 47.128948210793766], [28.70371287188951, 47.1289459621496], [28.70371772796945, 47.12894319024876], [28.703717018722685, 47.128941626001556], [28.70371794253409, 47.12893958751622], [28.70372156686494, 47.128939533595656], [28.703723923534962, 47.12894107333344], [28.70372267023912, 47.128943116720706], [28.70371848031127, 47.12894610368244], [28.70371798653948, 47.12895128536775], [28.703714190737845, 47.128956291207224], [28.70371361077573, 47.128958774519525], [28.70370692861725, 47.128966297983986], [28.703706055082176, 47.12896991052015], [28.703704472300167, 47.12897195880905], [28.703699358556403, 47.12897698425537]]]}, "properties": {"vineyard_id": "V02", "tile": "siret3_r006_c004.tif"}}, {"type": "Feature", "geometry": {"type": "Polygon", "coordinates": [[[28.703685815574058, 47.12899675823687], [28.703684798389613, 47.128995873484534], [28.703685421447688, 47.128994739358895], [28.70369023443908, 47.128990618272645], [28.703689797218235, 47.128987250208155], [28.703691380001253, 47.12898520191945], [28.70369365048357, 47.1289840432848], [28.703693263539417, 47.12898224927125], [28.70369618580892, 47.12898085596855], [28.703699029071547, 47.12897698915718], [28.703701106534822, 47.12898010784813], [28.70369798406427, 47.12898555361229], [28.703694388459898, 47.12898650698981], [28.70369226880797, 47.12899238777726], [28.703687126331594, 47.12899651376535], [28.703685815574058, 47.12899675823687]]]}, "properties": {"vineyard_id": "V02", "tile": "siret3_r006_c004.tif"}}, {"type": "Feature", "geometry": {"type": "Polygon", "coordinates": [[[28.70372640139624, 47.12893608710121], [28.70372109373007, 47.128935041209196], [28.70372004781623, 47.12893325699948], [28.703721637779037, 47.12893143357478], [28.70372461032271, 47.12893161432231], [28.703727976993832, 47.1289338139476], [28.70372640139624, 47.12893608710121]]]}, "properties": {"vineyard_id": "V02", "tile": "siret3_r006_c004.tif"}}, {"type": "Feature", "geometry": {"type": "Polygon", "coordinates": [[[28.70372489671212, 47.12893026023393], [28.703724173100284, 47.12892824625793], [28.703725727150164, 47.128925298511106], [28.703728635050638, 47.12892345547878], [28.7037281906455, 47.128919862550006], [28.703729114456124, 47.12891782406459], [28.703731707236706, 47.128916435662894], [28.703731642593745, 47.12891441188315], [28.703735173549504, 47.128911434724785], [28.70373778069477, 47.1289104960518], [28.70374174169063, 47.12891066209313], [28.703738612045555, 47.128915882993944], [28.703735689780704, 47.128917276297685], [28.7037328680715, 47.12892181770319], [28.70373329811185, 47.128924960903106], [28.703732051999285, 47.12892722915489], [28.70372785489066, 47.12892999125253], [28.70372489671212, 47.12893026023393]]]}, "properties": {"vineyard_id": "V02", "tile": "siret3_r006_c004.tif"}}, {"type": "Feature", "geometry": {"type": "Polygon", "coordinates": [[[28.70373871887003, 47.128908907295134], [28.7037409247048, 47.12890572487986], [28.70374046593385, 47.12890168222229], [28.70374507871523, 47.12890161359524], [28.703743474388897, 47.12890298729141], [28.703743503119288, 47.12890388674908], [28.7037451792717, 47.12890476169707], [28.703742672683184, 47.12890884847202], [28.70373871887003, 47.128908907295134]]]}, "properties": {"vineyard_id": "V02", "tile": "siret3_r006_c004.tif"}}, {"type": "Feature", "geometry": {"type": "Polygon", "coordinates": [[[28.70374951193103, 47.128895923357646], [28.703748158080558, 47.12889481864336], [28.703744870419744, 47.128895092527195], [28.70374286478331, 47.12889422248114], [28.703743810140743, 47.12889285858885], [28.703747083436205, 47.12889213497622], [28.703745715220677, 47.128890580533074], [28.703748551292428, 47.1288864888561], [28.70374911688698, 47.1288835558148], [28.703752669387647, 47.12888125324916], [28.70375161629124, 47.128879244175295], [28.703753499822465, 47.12887629152615], [28.703758742839444, 47.128875313636996], [28.703760741292747, 47.12887595881837], [28.703760476452494, 47.12887798750008], [28.703759523913085, 47.1288791265281], [28.703757239071333, 47.12887983543516], [28.70375796986636, 47.12888207427535], [28.70375408788159, 47.12888438174313], [28.70375486895505, 47.12888819463425], [28.703752054431597, 47.12889296090462], [28.703750428557825, 47.12889366000765], [28.703750493201447, 47.12889568378736], [28.70374951193103, 47.128895923357646]]]}, "properties": {"vineyard_id": "V02", "tile": "siret3_r006_c004.tif"}}, {"type": "Feature", "geometry": {"type": "Polygon", "coordinates": [[[28.70375960200425, 47.1288712513716], [28.703758255336865, 47.128870371521835], [28.70375986684451, 47.128869222689886], [28.70375980938325, 47.12886742377455], [28.703762695731413, 47.12886490614817], [28.70376296057153, 47.128862877466446], [28.703765553348575, 47.128861489064036], [28.703765152037654, 47.12885924532189], [28.703766075845873, 47.128857206836166], [28.70376897655858, 47.12885513893845], [28.70376893346242, 47.12885378975195], [28.70377219957244, 47.12885284127423], [28.703770122110207, 47.12884972258448], [28.70377108183158, 47.128848808420805], [28.703774032822633, 47.12884831457386], [28.70377264305936, 47.128846085537766], [28.703774927899463, 47.12884537663041], [28.703777685878087, 47.12884916010926], [28.703776740522272, 47.12885052400183], [28.703774441316543, 47.12885078318038], [28.703772507508393, 47.128852161778966], [28.703772536239224, 47.12885306123662], [28.703774871358647, 47.12885392638017], [28.703769642709464, 47.128855353998844], [28.703770373504646, 47.128857592838976], [28.703767172038486, 47.128860565096396], [28.70376799620863, 47.128865727173924], [28.70376705803497, 47.12886731593082], [28.703763806289327, 47.128868714137255], [28.703761571726748, 47.128870997095305], [28.70375960200425, 47.1288712513716]]]}, "properties": {"vineyard_id": "V02", "tile": "siret3_r006_c004.tif"}}, {"type": "Feature", "geometry": {"type": "Polygon", "coordinates": [[[28.703809726460197, 47.12878929099087], [28.70380634542939, 47.12878664163903], [28.703809575620394, 47.1287845688382], [28.703810126844957, 47.12878118606779], [28.703811745531688, 47.12878026209955], [28.70381170243456, 47.12877891291308], [28.70381462468989, 47.12877751960748], [28.703815956990056, 47.128777949727784], [28.70381611501326, 47.128782896744845], [28.70381296383409, 47.12878744305438], [28.703809726460197, 47.12878929099087]]]}, "properties": {"vineyard_id": "V02", "tile": "siret3_r006_c004.tif"}}, {"type": "Feature", "geometry": {"type": "Polygon", "coordinates": [[[28.703798969348902, 47.12880339925587], [28.703797923435182, 47.12880161504681], [28.70379953493992, 47.12880046621432], [28.70379916235933, 47.12879912192994], [28.703803330722785, 47.12879546037213], [28.70380385321655, 47.1287911781441], [28.703809425707906, 47.12879019535063], [28.70380973364304, 47.128789515855274], [28.703810801105472, 47.12879197465747], [28.703808516268133, 47.128792683565514], [28.70380854499951, 47.12879358302315], [28.70380987730003, 47.12879401314352], [28.703807062786264, 47.12879877941519], [28.70380447719616, 47.12880039268291], [28.70380217799274, 47.128800651862015], [28.703798969348902, 47.12880339925587]]]}, "properties": {"vineyard_id": "V02", "tile": "siret3_r006_c004.tif"}}, {"type": "Feature", "geometry": {"type": "Polygon", "coordinates": [[[28.703817167181334, 47.12877455715307], [28.703816157181958, 47.12877389726624], [28.70381671558889, 47.12877073936019], [28.703819322725852, 47.12876980068545], [28.70381889986483, 47.128766882350234], [28.703822430806106, 47.128763905189295], [28.703824128504028, 47.128765454729404], [28.703824171601447, 47.12876680391587], [28.70382319751663, 47.12876726835116], [28.70382202324037, 47.128771785248], [28.70381945920067, 47.128774073109284], [28.703817167181334, 47.12877455715307]]]}, "properties": {"vineyard_id": "V02", "tile": "siret3_r006_c004.tif"}}, {"type": "Feature", "geometry": {"type": "Polygon", "coordinates": [[[28.703824607898465, 47.1287598233148], [28.703822938932298, 47.128759173232346], [28.70382257353433, 47.128758053812426], [28.703823196586814, 47.12875691968607], [28.703824507337817, 47.12875667521304], [28.703825695979383, 47.128752608045005], [28.703826333397558, 47.12875192364744], [28.703830938982858, 47.12875163015269], [28.703831948981982, 47.128752290039415], [28.703830115739805, 47.128756816740676], [28.703827852452978, 47.12875820024233], [28.703827888367567, 47.128759324564385], [28.703824607898465, 47.1287598233148]]]}, "properties": {"vineyard_id": "V02", "tile": "siret3_r006_c004.tif"}}, {"type": "Feature", "geometry": {"type": "Polygon", "coordinates": [[[28.70385260307057, 47.12871778710349], [28.70385053279216, 47.12871489327954], [28.70385277452754, 47.12871283518423], [28.70385304654665, 47.12871103136671], [28.703855338562924, 47.12871054732223], [28.7038548797854, 47.128706504665104], [28.70385642663886, 47.12870333205214], [28.7038580596885, 47.128702857812094], [28.70385836043951, 47.128701953452214], [28.703860015038202, 47.128702153805364], [28.703861763016516, 47.128705277395824], [28.70385795287931, 47.12870983351106], [28.703858010343563, 47.12871163242633], [28.703856083725583, 47.12871323589068], [28.703855195838276, 47.128716398699126], [28.70385260307057, 47.12871778710349]]]}, "properties": {"vineyard_id": "V02", "tile": "siret3_r006_c004.tif"}}, {"type": "Feature", "geometry": {"type": "Polygon", "coordinates": [[[28.703847224528303, 47.12872484123803], [28.70384621452952, 47.12872418135146], [28.70384614269967, 47.12872193270736], [28.70384805495227, 47.128719879514335], [28.703852610253584, 47.12871801196789], [28.70385394255254, 47.12871844208778], [28.703852073398277, 47.128721844467336], [28.703850755465254, 47.128721864076255], [28.703849179878954, 47.12872413723149], [28.703847224528303, 47.12872484123803]]]}, "properties": {"vineyard_id": "V02", "tile": "siret3_r006_c004.tif"}}, {"type": "Feature", "geometry": {"type": "Polygon", "coordinates": [[[28.703859262692482, 47.12869924037254], [28.703858539078965, 47.12869722639736], [28.703863402311928, 47.12869467935501], [28.70386331611532, 47.12869198098209], [28.703862291750887, 47.12869087136682], [28.703862900435677, 47.128689287511435], [28.703868093150742, 47.128686735566646], [28.703867576907985, 47.12868089399428], [28.70386852944164, 47.128679754965404], [28.703870184039673, 47.12867995531842], [28.703870950751856, 47.12868331847999], [28.703873328963848, 47.12868553280807], [28.70387171028105, 47.12868645677715], [28.703871452628842, 47.12868871032353], [28.703868587844415, 47.12869190254578], [28.703866761790366, 47.12869665411203], [28.703863861089967, 47.12869872201212], [28.703859262692482, 47.12869924037254]]]}, "properties": {"vineyard_id": "V02", "tile": "siret3_r006_c004.tif"}}, {"type": "Feature", "geometry": {"type": "Polygon", "coordinates": [[[28.703889656625346, 47.12864974440897], [28.703887636629673, 47.1286484246365], [28.703891518591643, 47.12864611716441], [28.703890128829006, 47.12864388812967], [28.703891396477978, 47.128642294469465], [28.703890393663407, 47.128641859447654], [28.703893337458705, 47.128641140733365], [28.70389328717656, 47.128639566682516], [28.703895557639875, 47.12863840804405], [28.703895521724014, 47.12863728372201], [28.703897813736734, 47.12863679967672], [28.70389893148225, 47.12864083252898], [28.70389666101891, 47.12864199116751], [28.703895780318263, 47.12864537884069], [28.70389350985466, 47.128646537479156], [28.703893266569853, 47.12864924075441], [28.703889656625346, 47.12864974440897]]]}, "properties": {"vineyard_id": "V02", "tile": "siret3_r006_c004.tif"}}, {"type": "Feature", "geometry": {"type": "Polygon", "coordinates": [[[28.7039065292445, 47.128620697037434], [28.703906364030598, 47.12861552515606], [28.70391058983841, 47.128613662509785], [28.703910553922267, 47.12861253818775], [28.703908884959745, 47.12861188810647], [28.703909149793308, 47.12860985942442], [28.70391144180472, 47.12860937537887], [28.703914005832694, 47.128607087515604], [28.70391521601413, 47.1286036949399], [28.703920487734358, 47.1286036165013], [28.703919900602, 47.1286058749502], [28.70391733657433, 47.12860816281359], [28.703917050191322, 47.12860951690244], [28.703914127947826, 47.128610910210526], [28.703915510527313, 47.12861291438058], [28.703914271612717, 47.12861540749868], [28.703908498957006, 47.128620442758724], [28.7039065292445, 47.128620697037434]]]}, "properties": {"vineyard_id": "V02", "tile": "siret3_r006_c004.tif"}}, {"type": "Feature", "geometry": {"type": "Polygon", "coordinates": [[[28.703649866696892, 47.129006516867754], [28.70364881360172, 47.12900450779296], [28.703644874145706, 47.12900501634178], [28.703643821050758, 47.12900300726693], [28.703645382289377, 47.129000284385576], [28.703647975076137, 47.128998895985724], [28.703646943527847, 47.12899756150419], [28.703661632089887, 47.12897237117414], [28.703663265149505, 47.128971896936775], [28.703662885388745, 47.12897032778751], [28.70366518460022, 47.128970068611125], [28.703664446625478, 47.12896760490591], [28.703666946040386, 47.128963293268164], [28.703670806487732, 47.12896031120999], [28.703672259989112, 47.12895421536195], [28.703680424380558, 47.12894149550899], [28.703681634583923, 47.12893810293565], [28.703682279188467, 47.12893764340329], [28.703684614310212, 47.12893850854862], [28.703685910701612, 47.12893781434828], [28.703685881972156, 47.128936914890595], [28.70368455685135, 47.128936709633244], [28.703683861970354, 47.12893559511467], [28.70368444911599, 47.12893333666693], [28.70368570241309, 47.128931293280075], [28.703687328288872, 47.12893059417796], [28.703686948527736, 47.12892902502878], [28.703690400480795, 47.12892357436312], [28.70369432556555, 47.12892261608398], [28.703694289653576, 47.128921491761865], [28.703691961714814, 47.12892085148114], [28.703692262469776, 47.12891994712167], [28.70370289034854, 47.128901791306745], [28.703706170827573, 47.128901292559696], [28.703706106185617, 47.128899268779904], [28.703707681783037, 47.12889699562657], [28.703706027178786, 47.128896795271295], [28.70370571924174, 47.12889747476636], [28.703705389757374, 47.1288974796682], [28.703708512222253, 47.12889203390384], [28.703711771153248, 47.128890860563374], [28.7037117424234, 47.128889961105685], [28.703710080636906, 47.128889535886046], [28.703712887981503, 47.12888454475224], [28.703713876434357, 47.128884530046705], [28.703715230283862, 47.1288856347614], [28.70371394107658, 47.12888655382648], [28.70371464314, 47.12888789320929], [28.703718568221696, 47.12888693492936], [28.703719886158883, 47.12888691532191], [28.70371957822206, 47.12888759481703], [28.703717651593653, 47.12888919827913], [28.703717386751702, 47.128891226960754], [28.70370395153349, 47.128914373910625], [28.70370232565843, 47.128915073012976], [28.703702390300275, 47.128917096792755], [28.703655510137633, 47.12899743406062], [28.703654872714402, 47.128998118457254], [28.703652888622184, 47.128997923002935], [28.70365230865681, 47.129000406314944], [28.703653633779094, 47.12900061157264], [28.703649866696892, 47.129006516867754]]]}, "properties": {"vineyard_id": "V02", "tile": "siret3_r006_c004.tif"}}, {"type": "Feature", "geometry": {"type": "Polygon", "coordinates": [[[28.70360537718474, 47.12906882084702], [28.703613190577446, 47.12905543130694], [28.703615761821407, 47.12905336831452], [28.703615382061397, 47.12905179916513], [28.703617566362954, 47.12904794215886], [28.703620459909583, 47.129045649400325], [28.70362131908733, 47.1290415871359], [28.70364194469132, 47.12900618477878], [28.70364457338949, 47.129005920701125], [28.70364526108842, 47.1290068103555], [28.703646915695888, 47.12900701071161], [28.70364953721184, 47.12900652176944], [28.703647689581516, 47.12901059873906], [28.703647947244367, 47.12900834519316], [28.703646600575265, 47.12900746534213], [28.703644630847148, 47.12900771961651], [28.703644351637536, 47.12900929856912], [28.703646378823436, 47.129010843210125], [28.70364675858404, 47.129012412359415], [28.703638007025614, 47.129027390657576], [28.703635722175886, 47.12902809956231], [28.70363644578586, 47.12903011353884], [28.703631131823784, 47.12903919144346], [28.7036301792788, 47.12904033047043], [28.703628202367234, 47.12904035988012], [28.70362756494315, 47.129041044276626], [28.703628940341403, 47.12904282358556], [28.70362425661897, 47.12905099222893], [28.7036209617657, 47.129051041244914], [28.70362068973731, 47.12905284506189], [28.703623003316814, 47.12905303561515], [28.70362238025676, 47.12905416974046], [28.703620410526792, 47.129054424014456], [28.703616227766645, 47.129057635837015], [28.703617295225907, 47.12906009464093], [28.703615361406182, 47.12906147323696], [28.703614774256348, 47.12906373168436], [28.703616428865484, 47.12906393204089], [28.703616751168795, 47.12906370227488], [28.70361673680458, 47.12906325254604], [28.703617059107884, 47.129063022780024], [28.70361706628999, 47.12906324764445], [28.703616128108486, 47.12906483640016], [28.70361511810595, 47.12906417651162], [28.703613162739753, 47.12906488051434], [28.703612926621496, 47.12906780865344], [28.703614251745318, 47.12906801391156], [28.70361394380616, 47.12906869340642], [28.70360537718474, 47.12906882084702]]]}, "properties": {"vineyard_id": "V02", "tile": "siret3_r006_c004.tif"}}, {"type": "Feature", "geometry": {"type": "Polygon", "coordinates": [[[28.703720201278188, 47.12888646069121], [28.703719807151447, 47.128884441813305], [28.70371813100009, 47.128883566864936], [28.703714836157317, 47.12888361588348], [28.70371445639574, 47.128882046734375], [28.703722577671464, 47.128867977692025], [28.703723523028977, 47.12886661379991], [28.703724511481486, 47.12886659909427], [28.703725858148232, 47.12886747894443], [28.70372848683911, 47.12886721486494], [28.703730829141005, 47.12886830487379], [28.70372395397941, 47.12888010566503], [28.70372234965315, 47.12888147936091], [28.703720201278188, 47.12888646069121]]]}, "properties": {"vineyard_id": "V02", "tile": "siret3_r006_c004.tif"}}, {"type": "Feature", "geometry": {"type": "Polygon", "coordinates": [[[28.703845529344992, 47.12867177323692], [28.703843201415477, 47.12867113295911], [28.703843115219964, 47.12866843458615], [28.7038410952247, 47.12866711481288], [28.703842348509784, 47.128665071424365], [28.70384227668024, 47.12866282278023], [28.703847168642795, 47.12866117519626], [28.703845714234877, 47.128656922381246], [28.703847590570366, 47.12865374486619], [28.703851472534488, 47.12865143739543], [28.703851429436547, 47.12865008820896], [28.70385333450345, 47.12864781015147], [28.703851966291317, 47.12864625570949], [28.70385326985648, 47.128645786371756], [28.70385447285961, 47.128642168932224], [28.70385612027342, 47.12864214442105], [28.703856413841145, 47.12864101519674], [28.703858677122323, 47.1286396316946], [28.703857903228613, 47.128636043668465], [28.703859471629016, 47.128633545648704], [28.703862429790362, 47.12863327666404], [28.703862386692176, 47.12863192747758], [28.70386103284626, 47.12863082276452], [28.703863217113515, 47.12862696575373], [28.703864864526853, 47.12862694124243], [28.703864921991176, 47.12862874015774], [28.703867249919075, 47.12862938043513], [28.703868969163068, 47.12863160456788], [28.703864901379273, 47.1286384142297], [28.703861291435206, 47.128638917883364], [28.703861656833098, 47.12864003730317], [28.70386396321234, 47.12864000298738], [28.703863655278706, 47.12864068248287], [28.703845529344992, 47.12867177323692]]]}, "properties": {"vineyard_id": "V02", "tile": "siret3_r006_c004.tif"}}, {"type": "Feature", "geometry": {"type": "Polygon", "coordinates": [[[28.703774565081137, 47.1287927387492], [28.70377450761953, 47.12879093983388], [28.70376758127924, 47.128790817911536], [28.70378227691236, 47.128765852431016], [28.703785872500315, 47.128764899050914], [28.703785084243957, 47.12876086129552], [28.70378948153039, 47.12875404673436], [28.703791429700132, 47.128753117864356], [28.703790398153203, 47.12875178338404], [28.703792947827587, 47.12874904579456], [28.70379446595483, 47.12874497372474], [28.70379608464075, 47.12874404975674], [28.70379665023139, 47.12874111671519], [28.70380137699811, 47.128734297251505], [28.703809462315157, 47.12871910388113], [28.703812069449757, 47.12871816520658], [28.703811961707157, 47.12871479224036], [28.70382231748583, 47.128698440232206], [28.70382477377854, 47.128692779404666], [28.703827366545788, 47.12869139100094], [28.703826650116486, 47.128689601889945], [28.703829873118003, 47.128687304224194], [28.703829464622995, 47.128684835617804], [28.703830402791716, 47.12868324686041], [28.703832372506923, 47.12868299258299], [28.703833640158543, 47.12868139892338], [28.7038335252318, 47.12867780109277], [28.70383633973709, 47.128673034820466], [28.703837292271288, 47.12867189579185], [28.70384226324734, 47.128672721716605], [28.703843208598443, 47.12867135782353], [28.703844533713188, 47.12867156307913], [28.703845214227986, 47.128672227867945], [28.703844276059886, 47.12867381662546], [28.703842965311008, 47.128674061098685], [28.70384271484059, 47.128676539509435], [28.703837716064612, 47.12868516279224], [28.703836075832385, 47.128685412167584], [28.703836777896075, 47.12868675154969], [28.703835832544545, 47.12868811544273], [28.703833554894885, 47.128689049215616], [28.703833963390128, 47.128691517822], [28.703821151322856, 47.128713530658665], [28.70381921033795, 47.12871468439357], [28.703819582918392, 47.128716028677914], [28.703817713762003, 47.12871943105694], [28.70381374559734, 47.12871904015364], [28.70381310817939, 47.128719724551125], [28.703813151276464, 47.12872107373761], [28.70381614535721, 47.12872192907615], [28.70380114899939, 47.12874779892059], [28.703799530313447, 47.128748722888666], [28.703798649605034, 47.12875211056113], [28.703798019369287, 47.128753019822966], [28.703798277024838, 47.12875076627674], [28.703796292941394, 47.12875057082477], [28.703793499976904, 47.12875601168937], [28.70379023387317, 47.12875696016766], [28.70379063518426, 47.12875920390975], [28.703792289784506, 47.12875940426386], [28.703794567437875, 47.128758470491746], [28.70379427386826, 47.12875959971589], [28.703791308516774, 47.128759643834464], [28.703789374712308, 47.12876102243331], [28.70378974729236, 47.128762366717744], [28.70379208240804, 47.128763231860994], [28.70379177447282, 47.128763911356295], [28.70378956146398, 47.1287668689081], [28.703787899680762, 47.12876644368955], [28.703785965875966, 47.12876782228833], [28.703785994606942, 47.12876872174599], [28.703788336905596, 47.128769811753735], [28.703785522391108, 47.1287745780249], [28.703783882155886, 47.12877482739952], [28.703783961165982, 47.128777300908084], [28.703774565081137, 47.1287927387492]]]}, "properties": {"vineyard_id": "V02", "tile": "siret3_r006_c004.tif"}}, {"type": "Feature", "geometry": {"type": "Polygon", "coordinates": [[[28.703769229617244, 47.12880114206673], [28.7037688283067, 47.128798898324554], [28.703762897599265, 47.12879898656038], [28.703767588461908, 47.12879104277596], [28.703769608460174, 47.12879236255048], [28.703769701835018, 47.128795285787895], [28.70377200822108, 47.12879525147387], [28.703772939210687, 47.128793437852494], [28.70377457226384, 47.128792963613606], [28.703769229617244, 47.12880114206673]]]}, "properties": {"vineyard_id": "V02", "tile": "siret3_r006_c004.tif"}}, {"type": "Feature", "geometry": {"type": "Polygon", "coordinates": [[[28.703724812235624, 47.1288656947347], [28.70372507707719, 47.12886366605307], [28.703740703740916, 47.12883688695669], [28.70374492238943, 47.12883479945189], [28.703744893659078, 47.12883389999421], [28.703742902390125, 47.12883347967694], [28.703743203143777, 47.128832575317354], [28.70375726856228, 47.12880851910144], [28.70375887288548, 47.12880714540509], [28.703761336372295, 47.12880170944329], [28.70376989576745, 47.128801357127145], [28.703756145475122, 47.12882495871373], [28.70375386781825, 47.128825892485125], [28.70375457706446, 47.128827456732125], [28.703753330954967, 47.12882972498412], [28.70375105329784, 47.12883065875548], [28.703751769726647, 47.12883244786691], [28.70375083155306, 47.12883403662368], [28.703748224411733, 47.128834975296925], [28.70374826750734, 47.12883632448343], [28.703749270324494, 47.128836759506434], [28.70374645580312, 47.128841525776686], [28.703744149415034, 47.12884156009022], [28.70374489457412, 47.12884424865936], [28.703744257153815, 47.12884493305648], [28.70374096949605, 47.128845206940156], [28.703740998226344, 47.128846106397845], [28.703742989495755, 47.12884652671513], [28.703743018226078, 47.128847426172776], [28.70374051882254, 47.12885173781213], [28.7037392080688, 47.12885198228422], [28.703739580648293, 47.128853326568816], [28.70373301342701, 47.12886444786539], [28.70373133727608, 47.12886357291722], [28.703728042434562, 47.12886362193613], [28.703726781958093, 47.12886544045902], [28.703724812235624, 47.1288656947347]]]}, "properties": {"vineyard_id": "V02", "tile": "siret3_r006_c004.tif"}}, {"type": "Feature", "geometry": {"type": "Polygon", "coordinates": [[[28.703869169350696, 47.128627552106195], [28.70386750038819, 47.12862690202431], [28.70386641137754, 47.12862376862935], [28.703867693392873, 47.12862262469822], [28.703870651553565, 47.12862235571335], [28.703871589720006, 47.128620766955635], [28.703867592830164, 47.128619476596455], [28.703869161229647, 47.12861697857657], [28.70387212657309, 47.128616934456076], [28.70387401008872, 47.12861398180501], [28.70387596543498, 47.128613277798046], [28.70387593670265, 47.1286123783404], [28.70387259159541, 47.12861085331238], [28.703876337076768, 47.12860427341699], [28.703884903622388, 47.12860414595708], [28.703871468546318, 47.12862729292585], [28.703869169350696, 47.128627552106195]]]}, "properties": {"vineyard_id": "V02", "tile": "siret3_r006_c004.tif"}}, {"type": "Feature", "geometry": {"type": "Polygon", "coordinates": [[[28.703570781213028, 47.1290693355045], [28.703577026189002, 47.129058443982736], [28.703578652070085, 47.12905774488211], [28.703578587432606, 47.12905572110224], [28.703582025040767, 47.12904982071086], [28.70358465374142, 47.129049556634556], [28.703585613469514, 47.12904864247238], [28.70358549855802, 47.129045044641515], [28.70358743955992, 47.129043890910424], [28.70358739646807, 47.129042541723855], [28.703586400830254, 47.129042331563916], [28.703588585133556, 47.12903847455816], [28.7035933981364, 47.129034353475866], [28.70359235222476, 47.12903256926497], [28.703595775465953, 47.129026219144336], [28.703597057496612, 47.12902507521613], [28.703599349528766, 47.129024591176574], [28.703599306436644, 47.129023241990005], [28.703597651828833, 47.12902304163322], [28.70359795976794, 47.12902236213841], [28.70360046637273, 47.12901827536649], [28.703604018888758, 47.129015972805306], [28.703602958613075, 47.12901373886565], [28.703605186006307, 47.12901123104617], [28.70360608109497, 47.12900829310397], [28.703608702611387, 47.12900780416271], [28.70360867388316, 47.12900690470501], [28.703607019275825, 47.129006704348335], [28.703611079937524, 47.128999669830876], [28.703613035301377, 47.12899896582822], [28.703612333238944, 47.128997626444786], [28.70361733207953, 47.12898900317144], [28.703619280260817, 47.12898807430424], [28.703618893319124, 47.128986280290405], [28.703622953977764, 47.12897924577254], [28.703624558309485, 47.128977872078], [28.703627179824235, 47.12897738313634], [28.70362681442874, 47.12897626371581], [28.70362483751955, 47.12897629312542], [28.703625453396565, 47.12897493413566], [28.703628267935546, 47.128970167868275], [28.703630230480236, 47.128969688729754], [28.70363150532667, 47.12896831993674], [28.703632013471278, 47.12896358798056], [28.703641388079905, 47.128947475557396], [28.70364430316673, 47.12894585739159], [28.703643271619583, 47.12894452291], [28.703643887495787, 47.12894316392014], [28.703649824504705, 47.12893295188948], [28.703651772683386, 47.12893202302177], [28.70365138574107, 47.12893022900803], [28.70370574970834, 47.12883650709726], [28.703706387129042, 47.128835822700346], [28.703709030183347, 47.128836008350156], [28.703710319389522, 47.128835089285154], [28.7037096101445, 47.12883352503787], [28.703707948359792, 47.128833099818166], [28.703708249114033, 47.128832195458635], [28.70373012069255, 47.12879452483463], [28.70373075092993, 47.128793615573166], [28.703732391166003, 47.128793366199304], [28.70373199703959, 47.1287913473214], [28.703736057669065, 47.12878431279969], [28.703737697904828, 47.128784063425734], [28.703737310960836, 47.128782269412255], [28.703740913733284, 47.12878154089797], [28.70374088500306, 47.12878064144029], [28.703738886553595, 47.12877999625853], [28.703740118297493, 47.128777278277816], [28.703780423771693, 47.12870783741127], [28.703783389120318, 47.128707793293], [28.703781984995068, 47.12870511452812], [28.703807917082422, 47.12866040936638], [28.703809206282703, 47.128659490300315], [28.703812830594348, 47.12865943637711], [28.703813081066095, 47.128656957966406], [28.70381073158915, 47.128655643094675], [28.703812607926693, 47.128652465580174], [28.7038151935095, 47.12865085231232], [28.703815107315464, 47.12864815393932], [28.703824789749635, 47.12863136200634], [28.703828607067173, 47.128627030756604], [28.7038282273043, 47.12862546160784], [28.703829788522917, 47.128622738724054], [28.70383431508505, 47.12861997172074], [28.703834271987592, 47.12861862253424], [28.70383261020868, 47.12861819731625], [28.70383322607649, 47.12861683832542], [28.70383746625288, 47.12861542541064], [28.703836764190168, 47.12861408602851], [28.70383478729461, 47.128614115441565], [28.70383900592196, 47.128612027933485], [28.703838977190255, 47.12861112847583], [28.703836978746054, 47.12861048329567], [28.703840093998473, 47.128604812663426], [28.703848660544345, 47.12860468520621], [28.703802110348356, 47.12868501762972], [28.70380148011343, 47.12868592689157], [28.703801422651132, 47.128684127976236], [28.703799768053198, 47.12868392762221], [28.70379719683388, 47.12868599061858], [28.70379725429604, 47.12868778953392], [28.70380023400909, 47.128688195144065], [28.703775240073565, 47.12873131154715], [28.703773950870993, 47.12873223061287], [28.703772740677834, 47.12873562318716], [28.703771136357098, 47.128736996883696], [28.70377024128171, 47.12873993482714], [28.703768264381424, 47.12873996423911], [28.70376732620988, 47.12874155299602], [28.703764719073334, 47.12874249166958], [28.70376508446997, 47.12874361108968], [28.703768364938693, 47.12874311234098], [28.70376711883166, 47.128745380593124], [28.70376481244775, 47.12874541490703], [28.70376551451049, 47.12874675428958], [28.703763258405015, 47.128748362654385], [28.70376430431649, 47.1287501468638], [28.703753955692893, 47.128766723731324], [28.703748684871506, 47.12877715082772], [28.703746113645785, 47.12877921382298], [28.703741536787778, 47.12878040677203], [28.70374190218422, 47.128781526192206], [28.703746185471566, 47.128781462467174], [28.70374333503986, 47.128785104415265], [28.70373025088983, 47.128808921059466], [28.703728331447024, 47.12881074938615], [28.703726813312986, 47.12881482145513], [28.703724564385993, 47.12881665468362], [28.703724936964846, 47.12881799896828], [28.703716815697, 47.12883206801082], [28.703713886253638, 47.128833236449545], [28.70371391498346, 47.12883413590724], [28.703715247284276, 47.1288345660287], [28.703714316292015, 47.12883637964962], [28.703678071284052, 47.128898785974], [28.70367645259142, 47.128899709940406], [28.703676510049938, 47.1289015088558], [28.70358277826163, 47.12906308281065], [28.70358058677499, 47.12906671495187], [28.703578309104742, 47.1290676487199], [28.703579347834683, 47.129069208066475], [28.703570781213028, 47.1290693355045]]]}, "properties": {"vineyard_id": "V02", "tile": "siret3_r006_c004.tif"}}, {"type": "Feature", "geometry": {"type": "Polygon", "coordinates": [[[28.70353387884215, 47.12906988446097], [28.703536679030616, 47.129064668466874], [28.70353798979055, 47.12906442399703], [28.70353957976344, 47.12906260057476], [28.70353949358211, 47.129059902201575], [28.703542616073097, 47.12905445644154], [28.703548052142573, 47.12904920123622], [28.70354668392862, 47.12904764679069], [28.703546991868517, 47.12904696729602], [28.703548961598596, 47.12904671302329], [28.7035479300518, 47.129045378540845], [28.70354855311335, 47.12904424441592], [28.703552778967587, 47.12904238178239], [28.703554376121165, 47.12904078322437], [28.703553609423132, 47.12903742006068], [28.703557455518478, 47.12903398827735], [28.70355636651699, 47.129030854879524], [28.703558307519028, 47.12902970114892], [28.703558264427933, 47.129028351962326], [28.703560885945798, 47.129027863022145], [28.703562110522338, 47.12902492017884], [28.703561379733376, 47.12902268133737], [28.703565233009055, 47.12901947441823], [28.70356480297768, 47.1290163312176], [28.70356799010061, 47.129012909236806], [28.70356762470609, 47.129011789816076], [28.703569938283643, 47.12901198037042], [28.70357119158693, 47.12900993698477], [28.703573146951705, 47.12900923298279], [28.703573118224075, 47.12900833352505], [28.703570768737194, 47.12900701864861], [28.70357266664664, 47.129004515731175], [28.703572924312642, 47.1290022621854], [28.7035760539789, 47.12899704128893], [28.70357735037314, 47.128996347089796], [28.703577300099695, 47.12899477303878], [28.703584798368155, 47.128981838130834], [28.70358836524641, 47.12897998529902], [28.70358830779071, 47.12897818638358], [28.703587297790182, 47.128977526494765], [28.703590112332726, 47.12897276022826], [28.703592397180735, 47.128972051324475], [28.70359425917803, 47.12896842408454], [28.703594172994208, 47.12896572571137], [28.70359743911427, 47.1289647772385], [28.70359740320428, 47.12896365291636], [28.70359574141634, 47.12896322769508], [28.70359667241475, 47.128961414075086], [28.703602165925723, 47.12895795778273], [28.703601800530897, 47.12895683836211], [28.703599171834902, 47.128957102438754], [28.703640415801253, 47.128886072863914], [28.70364362445824, 47.128883325474376], [28.70364323033442, 47.128881306596185], [28.70364545772038, 47.12887879877592], [28.703645729747198, 47.12887699495885], [28.703658226805164, 47.128855436771524], [28.703658857044477, 47.12885452751044], [28.703662459822922, 47.128853798998556], [28.703662681573356, 47.12885042113045], [28.703661356454788, 47.128850215872795], [28.703661664392147, 47.12884953637784], [28.703691034228598, 47.128798930847694], [28.70369455799683, 47.12879572882615], [28.703700724816766, 47.12879271245457], [28.70370272326628, 47.128793357637], [28.70370210021081, 47.12879449176274], [28.703700811005454, 47.12879541082766], [28.703675852852587, 47.12883965153206], [28.703672278804408, 47.128841279502076], [28.703672415267786, 47.12884555192616], [28.703668039505857, 47.12885304107629], [28.703666076965785, 47.1288535202154], [28.703666786209823, 47.128855084462984], [28.703664601919368, 47.12885894147017], [28.703662632196803, 47.12885919574479], [28.703661371718187, 47.12886101426699], [28.703661787389255, 47.128863707738425], [28.703654919395046, 47.12887573339013], [28.703654604275236, 47.128876188020676], [28.70365425324435, 47.12887551832906], [28.70365260582316, 47.128875542837434], [28.703651646099257, 47.12887645700014], [28.703651696374685, 47.12887803105113], [28.703653350978165, 47.12887823140721], [28.70365241998307, 47.12888004502765], [28.703650779743935, 47.128880294400396], [28.703649211326738, 47.12888279241742], [28.70364898239318, 47.12888594542106], [28.70363804656098, 47.128904780726145], [28.70363706528987, 47.12890502029546], [28.703635547146337, 47.12890909236329], [28.703598950967585, 47.12897082897204], [28.7035974256374, 47.12897467617495], [28.703596136425933, 47.128975595238735], [28.703595864397023, 47.12897739905569], [28.70357367753024, 47.1290155242854], [28.703570762437476, 47.12901714244947], [28.703571801166177, 47.12901870179614], [28.703568048437393, 47.12902505681754], [28.703566429739038, 47.12902598078244], [28.70356524107211, 47.129030047947936], [28.70355368212049, 47.12905001737028], [28.703552722391816, 47.1290509315322], [28.70355042317626, 47.1290511907064], [28.703550451903546, 47.129052090164116], [28.703552113693934, 47.12905251538602], [28.703548009929698, 47.129058200714894], [28.703547745080616, 47.12906022939617], [28.703543963618966, 47.129065684959066], [28.703542445464056, 47.12906975702569], [28.70353387884215, 47.12906988446097]]]}, "properties": {"vineyard_id": "V02", "tile": "siret3_r006_c004.tif"}}, {"type": "Feature", "geometry": {"type": "Polygon", "coordinates": [[[28.70370797164342, 47.12877190728399], [28.703706976010245, 47.128771697125025], [28.70370790700169, 47.12876988350418], [28.70374200352468, 47.128712458501305], [28.703745090062707, 47.12870588841385], [28.703748348981605, 47.12870471507245], [28.703747646919876, 47.128703375689774], [28.703748950487373, 47.12870290635321], [28.703749186597097, 47.12869997821377], [28.7037511060353, 47.12869814988676], [28.703751027026936, 47.12869567637812], [28.703753927731626, 47.12869360848082], [28.703756226930707, 47.12869334930275], [28.70375959358779, 47.128695548927375], [28.703756779074453, 47.12870031519788], [28.70375513165876, 47.12870033970765], [28.703753856821752, 47.12870170850198], [28.703753019206644, 47.128706445360685], [28.703750720006987, 47.1287067045387], [28.703751128498556, 47.12870917314541], [28.703747246525865, 47.128711480612864], [28.703747275256134, 47.12871238007055], [28.703749280885717, 47.12871325011664], [28.70374707505909, 47.12871643253208], [28.70374378022669, 47.12871648155132], [28.70374226927886, 47.128720778484954], [28.703739640595256, 47.12872104256467], [28.703739683690472, 47.12872239175121], [28.703741037536293, 47.12872349646568], [28.703735909454153, 47.12872807218463], [28.70373664024603, 47.12873031102505], [28.7037347567188, 47.12873326367395], [28.70373479263139, 47.128734387996055], [28.703736783896566, 47.12873480831353], [28.703735845724164, 47.12873639707019], [28.703733539340607, 47.12873643138346], [28.70373297374653, 47.128739364424746], [28.703733969379194, 47.128739574583484], [28.703730531807025, 47.12874547497927], [28.70372858363647, 47.12874640384825], [28.703728304430506, 47.12874798280107], [28.703726019593894, 47.12874869170748], [28.703726062688812, 47.128750040894026], [28.703727394987595, 47.12875047101537], [28.703726471179625, 47.128752509500806], [28.703724830944775, 47.128752758874576], [28.703723907136673, 47.128754797359996], [28.703720612301854, 47.1287548463786], [28.703721651029586, 47.12875640572401], [28.703723971778977, 47.1287568211398], [28.703723341541895, 47.12875773040123], [28.7037210351574, 47.12875776471426], [28.703722410551183, 47.128759544022216], [28.703719860872646, 47.128762281610165], [28.70371647357466, 47.128769756056506], [28.703714489490768, 47.12876956060314], [28.70371287080264, 47.12877048457002], [28.70370925366568, 47.128770763354574], [28.70370797164342, 47.12877190728399]]]}, "properties": {"vineyard_id": "V02", "tile": "siret3_r006_c004.tif"}}, {"type": "Feature", "geometry": {"type": "Polygon", "coordinates": [[[28.703696434346043, 47.12879255131349], [28.703695109228804, 47.1287923460562], [28.703695409983048, 47.12879144169673], [28.703706345772705, 47.128772606386356], [28.703707642159834, 47.12877191218582], [28.703707062199186, 47.12877439549813], [28.70370873116447, 47.128775045582294], [28.703713343934975, 47.12877497695666], [28.70371303599868, 47.12877565645179], [28.703711467587365, 47.12877815446961], [28.7037084591402, 47.128776849399515], [28.703706818904514, 47.12877709877304], [28.703708251757686, 47.12878067699655], [28.70370733513091, 47.12878294034626], [28.703706346679933, 47.12878295505171], [28.70370475672088, 47.12878477847621], [28.703702113669127, 47.12878459282624], [28.703701204224412, 47.128787081040336], [28.70370165580877, 47.12879089883375], [28.703696434346043, 47.12879255131349]]]}, "properties": {"vineyard_id": "V02", "tile": "siret3_r006_c004.tif"}}, {"type": "Feature", "geometry": {"type": "Polygon", "coordinates": [[[28.70376083969404, 47.12869328067529], [28.703757809702733, 47.128691301013156], [28.70375806017715, 47.12868882260256], [28.70375602581797, 47.128687053098915], [28.703757315019793, 47.12868613403341], [28.70375800271631, 47.128687023687185], [28.70375964294898, 47.12868677431295], [28.70376267920506, 47.12867863017409], [28.70376615986536, 47.12867407896391], [28.703765794469213, 47.12867295954378], [28.703764154237, 47.12867320891809], [28.70376446217208, 47.12867252942285], [28.703767384422925, 47.1286711361185], [28.703767341327083, 47.12866978693196], [28.70377151686555, 47.12866635023977], [28.703772354478467, 47.12866161338093], [28.703773650862068, 47.128660919179666], [28.703778033776718, 47.12865365489007], [28.703778269884705, 47.12865072675058], [28.703780525985668, 47.12864911838552], [28.70378012467597, 47.12864687464332], [28.703782373594024, 47.12864504141379], [28.70378386298852, 47.12864006988639], [28.703786147819713, 47.128639360978895], [28.703787422654443, 47.12863799218422], [28.703787665944578, 47.12863528890913], [28.703788962327337, 47.12863459470771], [28.703788539469254, 47.12863167637228], [28.703794576975632, 47.128624612436276], [28.703795135382524, 47.12862145453027], [28.703797054816366, 47.128619626202536], [28.703797584492058, 47.128615568838825], [28.703803564533242, 47.12860670598702], [28.703803521436587, 47.12860535680049], [28.703810770052538, 47.128605248954436], [28.703809810336125, 47.12860616311842], [28.703810211646715, 47.12860840686051], [28.70380427470316, 47.128618618899175], [28.703802340904044, 47.128619997498205], [28.703800837146243, 47.128624519296984], [28.703798903346836, 47.12862589789595], [28.703798960808932, 47.12862769681132], [28.703789901419135, 47.128643354616024], [28.703787638135978, 47.12864473811684], [28.703787402028524, 47.12864766625636], [28.70376083969404, 47.12869328067529]]]}, "properties": {"vineyard_id": "V02", "tile": "siret3_r006_c004.tif"}}, {"type": "Feature", "geometry": {"type": "Polygon", "coordinates": [[[28.703667353591474, 47.12879028429417], [28.703663385422487, 47.12878989338572], [28.703662690543926, 47.128788778866955], [28.70366519713323, 47.12878469209365], [28.703672259035116, 47.12877873778089], [28.703672158483393, 47.128775589678895], [28.70367636276531, 47.128773052447755], [28.703677515507113, 47.12876786095897], [28.703675194757576, 47.12876744554222], [28.703675817813313, 47.128766311416626], [28.70367745804883, 47.12876606204356], [28.703677694162668, 47.12876313390425], [28.703683051184385, 47.12875540518408], [28.703683008090547, 47.12875405599751], [28.70368528574567, 47.12875312222753], [28.70368489162137, 47.12875110334943], [28.70368617364364, 47.12874995942027], [28.703688465663184, 47.1287494753791], [28.70368904562446, 47.12874699206685], [28.70369034919355, 47.128746522730935], [28.70368998379845, 47.12874540331055], [28.7036883363813, 47.12874542781939], [28.703688637135425, 47.128744523459915], [28.70368992633979, 47.12874360439513], [28.703694216806557, 47.128743765536505], [28.703692841414135, 47.1287419862282], [28.703693120621125, 47.12874040727544], [28.70369563438826, 47.12873654536593], [28.703698234343417, 47.12873538182949], [28.703699322441064, 47.128728166560634], [28.703700926763414, 47.1287267928651], [28.703702144143353, 47.12872362515592], [28.703703440529367, 47.128722930955426], [28.70370270255661, 47.12872046725034], [28.70370364072973, 47.12871887849394], [28.703708196036175, 47.12871701095315], [28.703709434962697, 47.12871451783719], [28.703709406233063, 47.12871361837948], [28.703707730087324, 47.12871274343086], [28.703708338776956, 47.128711159576234], [28.703711239484154, 47.128709091679994], [28.703710523058472, 47.12870730256823], [28.703713667059485, 47.128702531396996], [28.70371689006673, 47.12870023373435], [28.7037170830836, 47.12869595640839], [28.703720965056508, 47.12869364894196], [28.703723486001966, 47.1286900118963], [28.703723693383207, 47.12868618429919], [28.703727998210383, 47.128686795168214], [28.703730304591797, 47.12868676085509], [28.703730942010445, 47.12868607645805], [28.7037312714935, 47.128686071556174], [28.703728772096213, 47.12869038319528], [28.703725857025756, 47.12869200136309], [28.70372627269852, 47.12869469483434], [28.703724081236178, 47.1286983269782], [28.70372181794898, 47.12869971047777], [28.703720886959175, 47.12870152409873], [28.703721581837755, 47.12870263861716], [28.703717521212273, 47.12870967313842], [28.70371494998851, 47.12871173613297], [28.703712006186805, 47.12871245484274], [28.70371343185605, 47.128715808201825], [28.703710330948734, 47.128721928559614], [28.703705310599965, 47.12872987724363], [28.703703699095247, 47.12873102607481], [28.70370314068196, 47.1287341839804], [28.703697826759417, 47.128743261888026], [28.703694875773394, 47.12874375573295], [28.703694689937024, 47.128748257923284], [28.70368873859169, 47.12875802022736], [28.70368648966571, 47.128759853455094], [28.70368687660782, 47.128761647468764], [28.70368522919017, 47.12876167197755], [28.703684942800535, 47.12876302606588], [28.703683324112074, 47.12876395003234], [28.703683352841313, 47.12876484949007], [28.70368500744138, 47.12876504984572], [28.70368304490469, 47.12876552898508], [28.703682185735527, 47.128769591250034], [28.703678998634118, 47.12877301323388], [28.703679378393787, 47.12877458238314], [28.70367719410738, 47.12877843939058], [28.70367561851201, 47.12878071254351], [28.703670432960728, 47.1287834893442], [28.703670476054292, 47.12878483853076], [28.703672503232227, 47.12878638317147], [28.703670942000958, 47.1287891060532], [28.703670311762597, 47.128790015314344], [28.70367087017833, 47.12878685740892], [28.703668886093944, 47.12878666195476], [28.703667353591474, 47.12879028429417]]]}, "properties": {"vineyard_id": "V02", "tile": "siret3_r006_c004.tif"}}, {"type": "Feature", "geometry": {"type": "Polygon", "coordinates": [[[28.703660256674848, 47.12880546294991], [28.70366020639929, 47.128803888898915], [28.703657892830517, 47.128803698346275], [28.703656868468094, 47.12880258872916], [28.703654562081578, 47.12880262304087], [28.703660814192816, 47.128791956379104], [28.703662124945467, 47.12879171190791], [28.70366339260472, 47.12879011825014], [28.70366342133365, 47.12879101770786], [28.70366641541606, 47.12879187305029], [28.70366812747493, 47.128793872321616], [28.703661875364958, 47.12880453898377], [28.703660256674848, 47.12880546294991]]]}, "properties": {"vineyard_id": "V02", "tile": "siret3_r006_c004.tif"}}, {"type": "Feature", "geometry": {"type": "Polygon", "coordinates": [[[28.70351077089903, 47.12905852970076], [28.70351041899798, 47.129047511343366], [28.703511400272298, 47.12904727177509], [28.70352576660843, 47.12902231122739], [28.703527077367387, 47.129022066757685], [28.703529949371408, 47.12901909940809], [28.70352858115877, 47.129017544962345], [28.703530199857543, 47.129016620997966], [28.70353014240373, 47.129014822082475], [28.703539209112204, 47.128999389161955], [28.70354113574996, 47.128997785702765], [28.70354077035611, 47.12899666628194], [28.703565778964762, 47.12895399965679], [28.70356843638828, 47.12895463503865], [28.703568701236154, 47.12895260635731], [28.7035703486598, 47.12895258185012], [28.70357226093117, 47.12895052866157], [28.703571881173254, 47.12894895951197], [28.70357375753497, 47.12894578200122], [28.7035711144756, 47.128945596348366], [28.70357082090032, 47.12894672557197], [28.703570469869987, 47.12894605588009], [28.703590164475017, 47.12891246715155], [28.703592119835992, 47.12891176314927], [28.703591725713874, 47.12890974427088], [28.703593022105828, 47.12890905007158], [28.70359360207309, 47.12890656675981], [28.703608920877105, 47.1288804671754], [28.703612795685963, 47.12887793484805], [28.703612745411682, 47.128876360797015], [28.703615302283126, 47.1288738480758], [28.70361423482792, 47.12887138927174], [28.703618925718946, 47.12886344549313], [28.70362154004608, 47.12886273168722], [28.703620830803253, 47.128861167439354], [28.703622141557798, 47.128860922968606], [28.703622112829496, 47.128860023510896], [28.70362111719498, 47.12885981335119], [28.703625220936676, 47.12885412801982], [28.703625800901914, 47.12885164470789], [28.70362742677611, 47.12885094560663], [28.70362991182461, 47.128846184240786], [28.703633836904853, 47.128845225963765], [28.70363142996691, 47.12884211217301], [28.703636428790503, 47.12883348889881], [28.703638684903396, 47.12883188053643], [28.70363924332138, 47.128828722631155], [28.703641828917934, 47.12882710936709], [28.70364111967502, 47.12882554511935], [28.703644557262074, 47.12881964472613], [28.70364746515975, 47.12881780169587], [28.703647071036336, 47.128815782817654], [28.703651747553398, 47.128807389308896], [28.70365765671547, 47.12880662648553], [28.703659268223433, 47.12880547765497], [28.703660922824685, 47.128805678010984], [28.703659053655116, 47.12880908038753], [28.703656718539488, 47.12880821524156], [28.703655493972846, 47.12881115808586], [28.703651891197158, 47.1288118865975], [28.703651934290296, 47.12881323578407], [28.70365559452371, 47.128814306187856], [28.703655623252526, 47.12881520564558], [28.703654004561994, 47.12881612961165], [28.70365103920715, 47.12881617372665], [28.703653123843313, 47.1288195172831], [28.703651218761838, 47.12882179533738], [28.703651476423847, 47.12881954179142], [28.7036491700366, 47.12881957610303], [28.703648597254933, 47.12882228427951], [28.703646355507075, 47.12882434237094], [28.703647064750122, 47.12882590661865], [28.70364480863773, 47.12882751498119], [28.70364421430929, 47.128829548564354], [28.70364228768062, 47.12883115202521], [28.703642044382484, 47.128833855299995], [28.70364369898456, 47.128834055656235], [28.703644995374, 47.128833361456365], [28.703644042832863, 47.12883450048345], [28.703642388230776, 47.12883430012721], [28.70364175080926, 47.12883498452378], [28.703641185209232, 47.128837917564645], [28.703642180843406, 47.12883812772416], [28.703638113015412, 47.12884493737827], [28.703635505871507, 47.128845876048985], [28.703634940271034, 47.1288488090898], [28.70363365106321, 47.12884972815398], [28.703633429310937, 47.128853106022056], [28.703631817800996, 47.12885425485228], [28.703629984538484, 47.12885878155051], [28.703628043544143, 47.12885993528227], [28.703627485125235, 47.12886309318749], [28.703625852068587, 47.12886356742433], [28.703626239009505, 47.12886536143818], [28.703597477771368, 47.128914383098355], [28.70359553677432, 47.12891553682958], [28.70359591653267, 47.1289171059791], [28.703594040173243, 47.1289202834902], [28.70358978560223, 47.12892124666742], [28.703589821512004, 47.12892237098958], [28.70359184869298, 47.12892391563164], [28.703589664394382, 47.128927772637454], [28.70358800260762, 47.128927347416045], [28.70358475085353, 47.128928745617486], [28.703584808309017, 47.12893054453295], [28.703587451367678, 47.12893073018551], [28.70358684985406, 47.12893253890394], [28.70358431452432, 47.12893572621786], [28.70357910022567, 47.128937603556864], [28.703579802286438, 47.12893894294053], [28.703582115860865, 47.12893913349469], [28.703582158952425, 47.12894048268128], [28.703579895651366, 47.12894186617817], [28.703580597712218, 47.12894320556183], [28.703573407386973, 47.128955460974765], [28.7035717815089, 47.1289561600753], [28.7035709079648, 47.128959772610564], [28.703553397634852, 47.1289895043308], [28.7035527673922, 47.12899041359132], [28.703550460997437, 47.128990447901046], [28.70355027514859, 47.12899495009112], [28.703546708267993, 47.12899680292179], [28.70354746060134, 47.12899971635668], [28.703539647199793, 47.129013105892504], [28.70353574365075, 47.12901473875974], [28.703535779559505, 47.12901586308193], [28.70353777083377, 47.129016283402706], [28.703536789560143, 47.1290165229712], [28.70353557216413, 47.129019690678675], [28.703533258586344, 47.129019500123626], [28.703532621161266, 47.129020184519604], [28.703532986555118, 47.12902130394044], [28.703534956284322, 47.12902104966797], [28.703530580489222, 47.12902853881306], [28.703528023606516, 47.12903105153247], [28.703527135694916, 47.129034214338546], [28.703525144420055, 47.129033794017595], [28.703524184691165, 47.129034708179276], [28.703524951387305, 47.12903807134318], [28.703523998840044, 47.1290392103693], [28.703517817618362, 47.12904177700289], [28.70351754558652, 47.12904358081967], [28.703520575589454, 47.129045560487896], [28.703518684857823, 47.12904828826893], [28.703514158243234, 47.12905105526026], [28.703514258786605, 47.12905420336238], [28.70351235369102, 47.129056481414445], [28.70351240396266, 47.12905805546549], [28.70351077089903, 47.12905852970076]]]}, "properties": {"vineyard_id": "V02", "tile": "siret3_r006_c004.tif"}}, {"type": "Feature", "geometry": {"type": "Polygon", "coordinates": [[[28.703730254314383, 47.12868518680411], [28.703728241503686, 47.128684091893234], [28.703725935122385, 47.128684126206316], [28.703724896396, 47.128682566860924], [28.703727840195878, 47.12868184815084], [28.70372943015116, 47.128680024726066], [28.703729387056267, 47.12867867553951], [28.703727710911316, 47.128677800591184], [28.703728964201012, 47.12867575720385], [28.70373028213298, 47.128675737596346], [28.703731879270496, 47.128674139035965], [28.70373240176908, 47.12866985680811], [28.703735839336403, 47.12866395641227], [28.703737157268076, 47.12866393680468], [28.703737458020942, 47.128663032445075], [28.703740745667528, 47.12866275856163], [28.70373927690298, 47.12865805601631], [28.703744433708415, 47.12865437975494], [28.70374373883002, 47.12865326523666], [28.703747627981244, 47.12865118263379], [28.703745221045804, 47.12864806884529], [28.703747405322176, 47.1286442118366], [28.703748386588, 47.1286439722664], [28.703749281663132, 47.128641034323095], [28.70375153058202, 47.12863920109416], [28.70375451747461, 47.12863983156997], [28.703756809488794, 47.12863934752748], [28.703756651471885, 47.12863440051015], [28.70375796940281, 47.12863438090234], [28.703759975029595, 47.128635250948285], [28.703760340425344, 47.12863637036845], [28.703758721742005, 47.12863729433594], [28.703758456902605, 47.128639323017715], [28.703755900048932, 47.128641835742], [28.703756279809813, 47.12864340489102], [28.70375190407555, 47.12865089404425], [28.703750593326777, 47.12865113851642], [28.703750629239597, 47.12865226283854], [28.703748322859695, 47.12865229715206], [28.70374802210707, 47.128653201511696], [28.70374671135822, 47.12865344598381], [28.70374815139306, 47.12865724907133], [28.703742901214664, 47.128658002095335], [28.70374461327193, 47.12866000136558], [28.703743639188332, 47.12866046580018], [28.703744398709695, 47.12866360409831], [28.703738461747584, 47.1286738161337], [28.703736828697718, 47.12867429037204], [28.7037372084583, 47.128675859521124], [28.70373252478325, 47.12868402816881], [28.703730254314383, 47.12868518680411]]]}, "properties": {"vineyard_id": "V02", "tile": "siret3_r006_c004.tif"}}, {"type": "Feature", "geometry": {"type": "Polygon", "coordinates": [[[28.703761041569393, 47.128627361085606], [28.70375932233, 47.12862513695116], [28.703760274865033, 47.128623997923164], [28.703762237395818, 47.12862351878253], [28.703762416043727, 47.128618791727654], [28.70376523055246, 47.12861402545701], [28.703766863600233, 47.12861355121828], [28.703766791773994, 47.128611302574036], [28.703769584734058, 47.12860586171002], [28.70377353852469, 47.12860580288613], [28.70377423340306, 47.12860691740424], [28.70377178429131, 47.12861280309523], [28.703770495091476, 47.12861372216088], [28.703767859230663, 47.128613761376755], [28.70376890513953, 47.12861554558621], [28.703768353913762, 47.12861892835653], [28.703765775513652, 47.128620766487764], [28.703765847339866, 47.12862301513201], [28.703762574061088, 47.128623738744984], [28.703762638704564, 47.1286257625248], [28.703761041569393, 47.128627361085606]]]}, "properties": {"vineyard_id": "V02", "tile": "siret3_r006_c004.tif"}}, {"type": "Feature", "geometry": {"type": "Polygon", "coordinates": [[[28.703529693640675, 47.128959485825646], [28.703528984399163, 47.12895792157721], [28.70353089667233, 47.128955868389326], [28.703531139976494, 47.12895316511473], [28.703533711218867, 47.12895110212415], [28.70353904673452, 47.12894269881714], [28.70354162515784, 47.12894086069081], [28.703542971823534, 47.128941740543134], [28.703543014914114, 47.128943089729766], [28.70354083779296, 47.128947171599144], [28.703539534217665, 47.12894764093342], [28.703538316823273, 47.128950808640944], [28.703534162792963, 47.128954919918264], [28.703532959761553, 47.128958537354606], [28.7035299943986, 47.12895858146657], [28.703529693640675, 47.128959485825646]]]}, "properties": {"vineyard_id": "V02", "tile": "siret3_r006_c004.tif"}}, {"type": "Feature", "geometry": {"type": "Polygon", "coordinates": [[[28.7035146108994, 47.128982657260906], [28.703512576536706, 47.12898088775306], [28.703517890513574, 47.12897180985369], [28.703519817151, 47.12897020639485], [28.703520705062083, 47.128967043588794], [28.703522961184074, 47.128965435228636], [28.703523971183582, 47.12896609511803], [28.703525940910804, 47.12896584084573], [28.70352652806345, 47.12896358239871], [28.70352970082238, 47.12895971069006], [28.70353050342624, 47.128964198176185], [28.703527266031777, 47.12896604610491], [28.70352769606046, 47.12896918930572], [28.703522195361746, 47.12897242073015], [28.70352194487538, 47.128974899140275], [28.70351874338833, 47.12897787139095], [28.703517218052134, 47.12898171859286], [28.7035146108994, 47.128982657260906]]]}, "properties": {"vineyard_id": "V02", "tile": "siret3_r006_c004.tif"}}, {"type": "Feature", "geometry": {"type": "Polygon", "coordinates": [[[28.703548320823014, 47.12892343829909], [28.703546966975928, 47.128922333582395], [28.703548578489748, 47.128921184753345], [28.703549151277425, 47.12891847657735], [28.703551027639488, 47.128915299066946], [28.703552331213903, 47.12891482973254], [28.70355228094134, 47.12891325568148], [28.70355452987833, 47.128911422456255], [28.703554465242096, 47.12890939867633], [28.703556692633416, 47.12890689085777], [28.703558397510207, 47.128908665266266], [28.703557122663252, 47.128910034058485], [28.703557187299584, 47.12891205783842], [28.70355985908456, 47.12891314294938], [28.703560217296356, 47.128914037505716], [28.703556149452297, 47.12892084715705], [28.70355160130494, 47.12892293955643], [28.703548320823014, 47.12892343829909]]]}, "properties": {"vineyard_id": "V02", "tile": "siret3_r006_c004.tif"}}, {"type": "Feature", "geometry": {"type": "Polygon", "coordinates": [[[28.70356184229342, 47.12890298973986], [28.703558547449177, 47.128903038753926], [28.703558841024506, 47.12890190953034], [28.703568845886277, 47.12888488785226], [28.703570199732837, 47.12888599256871], [28.703572176638744, 47.128885963160094], [28.70357567169227, 47.12888186168435], [28.703575907812045, 47.12887893354524], [28.70357718983968, 47.128877789617256], [28.703578837261006, 47.12887776510996], [28.703579890350923, 47.1288797741855], [28.70357737656887, 47.128883636092574], [28.703575786602446, 47.12888545951532], [28.703572864334873, 47.12888685281496], [28.70357259230554, 47.12888865663189], [28.703565845498826, 47.12889415630842], [28.703566583467914, 47.12889662001437], [28.703563389169798, 47.12889981713069], [28.70356184229342, 47.12890298973986]]]}, "properties": {"vineyard_id": "V02", "tile": "siret3_r006_c004.tif"}}, {"type": "Feature", "geometry": {"type": "Polygon", "coordinates": [[[28.70357764771523, 47.128871483610126], [28.703576974382997, 47.12887104368417], [28.703579788921118, 47.1288662774179], [28.703583348610024, 47.12886419972186], [28.703583312700456, 47.128863075399686], [28.703581980399946, 47.12886264527667], [28.703584787755275, 47.12885765414586], [28.703586105691834, 47.12885763453996], [28.703586427994047, 47.12885740477405], [28.703586456721744, 47.128858304231784], [28.70358750981154, 47.128860313307264], [28.703585590361975, 47.12886214163162], [28.70358634987727, 47.12886527993077], [28.70358478145745, 47.12886777794694], [28.703581844827262, 47.128868721517925], [28.70357764771523, 47.128871483610126]]]}, "properties": {"vineyard_id": "V02", "tile": "siret3_r006_c004.tif"}}, {"type": "Feature", "geometry": {"type": "Polygon", "coordinates": [[[28.70360115334516, 47.128843687438994], [28.70359385442236, 47.128842221221134], [28.703599805794166, 47.1288324589218], [28.703602069090135, 47.128831075424564], [28.70360865158756, 47.1288307525295], [28.70360772777372, 47.12883279101404], [28.703605428567837, 47.1288330501892], [28.703603501937863, 47.128834653649434], [28.703603566575786, 47.12883667742932], [28.7036049204218, 47.128837782145396], [28.703603044065574, 47.128840959656635], [28.703601998157584, 47.128839175445734], [28.703600028435424, 47.128839429719285], [28.70360177640333, 47.128842553313774], [28.70360115334516, 47.128843687438994]]]}, "properties": {"vineyard_id": "V02", "tile": "siret3_r006_c004.tif"}}, {"type": "Feature", "geometry": {"type": "Polygon", "coordinates": [[[28.703615841888624, 47.12881849711442], [28.703615118282517, 47.12881648313764], [28.70361210265343, 47.128814953200575], [28.70361239622719, 47.128813823976856], [28.703615999003578, 47.128813095466455], [28.703615612063427, 47.12881130145254], [28.703620947552693, 47.12880289814186], [28.703621205215914, 47.12880064459596], [28.703622795178312, 47.1287988211726], [28.70362507283641, 47.128797887403785], [28.703626211219543, 47.1287922461866], [28.70362879681477, 47.12879063292284], [28.70363123158582, 47.12878429750592], [28.70363599428812, 47.12877860237096], [28.70363653834156, 47.128774994736816], [28.703641029015962, 47.12877110341874], [28.703642275128967, 47.128768835167904], [28.703645526871867, 47.12876743696492], [28.703641480595856, 47.12877492121247], [28.703638895001774, 47.12877653447651], [28.703638680432135, 47.12878013720905], [28.703633051374684, 47.12878966974429], [28.70363047296173, 47.12879150787259], [28.703630551964768, 47.12879398138136], [28.703624299847206, 47.12880464804154], [28.70362237321881, 47.12880625150206], [28.703620862258816, 47.12881054843418], [28.703616335669476, 47.128813315429326], [28.703617732607416, 47.12881576933185], [28.703615841888624, 47.12881849711442]]]}, "properties": {"vineyard_id": "V02", "tile": "siret3_r006_c004.tif"}}, {"type": "Feature", "geometry": {"type": "Polygon", "coordinates": [[[28.70364605656026, 47.12876337960187], [28.703645376046712, 47.12876271481185], [28.703647875454028, 47.128758403174494], [28.703648405142165, 47.1287543458114], [28.703651613791, 47.12875159842169], [28.70365293172489, 47.12875157881504], [28.70365397045059, 47.12875313816108], [28.703652122828846, 47.128757215130825], [28.703648678064305, 47.12876289065983], [28.70364605656026, 47.12876337960187]]]}, "properties": {"vineyard_id": "V02", "tile": "siret3_r006_c004.tif"}}, {"type": "Feature", "geometry": {"type": "Polygon", "coordinates": [[[28.7036557175214, 47.12874591308925], [28.703654664431433, 47.12874390401438], [28.70365692054006, 47.12874229565166], [28.703657486138354, 47.1287393626107], [28.70365942712772, 47.128738208878495], [28.70365939121671, 47.128737084556334], [28.70365737122325, 47.12873576477978], [28.703662270380587, 47.128734342068], [28.703663723877497, 47.12872824621989], [28.703666008714105, 47.12872753731474], [28.70366673232082, 47.12872955129124], [28.70366554366755, 47.12873361845779], [28.7036622775628, 47.12873456693243], [28.703662428389297, 47.12873928908551], [28.703658009541066, 47.1287454290487], [28.7036557175214, 47.12874591308925]]]}, "properties": {"vineyard_id": "V02", "tile": "siret3_r006_c004.tif"}}, {"type": "Feature", "geometry": {"type": "Polygon", "coordinates": [[[28.70367938644584, 47.12870259145355], [28.70367901386902, 47.128701247168706], [28.703680969221114, 47.12870054316501], [28.703680510456895, 47.12869650050698], [28.703681470177145, 47.12869558634404], [28.703681383989736, 47.12869288797088], [28.70368394803164, 47.12869060011263], [28.703685924930184, 47.128690570702126], [28.70368664135481, 47.12869235981406], [28.703685166314486, 47.12869778106917], [28.70367938644584, 47.12870259145355]]]}, "properties": {"vineyard_id": "V02", "tile": "siret3_r006_c004.tif"}}, {"type": "Feature", "geometry": {"type": "Polygon", "coordinates": [[[28.703670699585295, 47.12871959353409], [28.703670957246107, 47.12871733998807], [28.70367347819608, 47.128713702943465], [28.70367342073804, 47.12871190402801], [28.70367175895742, 47.12871147880772], [28.70367264685557, 47.12870831600054], [28.703673599393902, 47.12870717697324], [28.70367588422948, 47.1287064680679], [28.703679056962674, 47.128702596355275], [28.703679544455966, 47.12870753847103], [28.703675361726074, 47.12871075029554], [28.703674560015166, 47.12871661147591], [28.703670699585295, 47.12871959353409]]]}, "properties": {"vineyard_id": "V02", "tile": "siret3_r006_c004.tif"}}, {"type": "Feature", "geometry": {"type": "Polygon", "coordinates": [[[28.70369323011262, 47.12868191311325], [28.70369122448512, 47.128681043066145], [28.703690801631925, 47.12867812473033], [28.70369370952039, 47.128676281698965], [28.703694217657397, 47.128671549742386], [28.703696760150716, 47.12866858729056], [28.70369670269198, 47.128666788375114], [28.70370095005842, 47.12866560032974], [28.703701967236675, 47.12866648508208], [28.70369973267964, 47.128668768038935], [28.703699818867904, 47.128671466412094], [28.703696302290343, 47.12867489329817], [28.70369483443378, 47.12868053941781], [28.70369323011262, 47.12868191311325]]]}, "properties": {"vineyard_id": "V02", "tile": "siret3_r006_c004.tif"}}, {"type": "Feature", "geometry": {"type": "Polygon", "coordinates": [[[28.703707918569826, 47.12865672277734], [28.703705304253923, 47.128657436585094], [28.703704910129677, 47.12865541770702], [28.703706120325485, 47.12865202513336], [28.703707724645426, 47.128650651437745], [28.703707638456827, 47.128647953064586], [28.703708590993365, 47.128646814037], [28.70371057507266, 47.12864700949053], [28.703712200939535, 47.12864631038814], [28.703713225300007, 47.1286474200048], [28.70370960817138, 47.12864769878927], [28.703708641270072, 47.128648388087996], [28.703708383611108, 47.12865064163412], [28.70370978773118, 47.128653320400005], [28.70370881364739, 47.128653784834306], [28.703707918569826, 47.12865672277734]]]}, "properties": {"vineyard_id": "V02", "tile": "siret3_r006_c004.tif"}}, {"type": "Feature", "geometry": {"type": "Polygon", "coordinates": [[[28.703716569496642, 47.12863859637193], [28.703714556688013, 47.12863750146079], [28.703714828711487, 47.12863569764351], [28.703720558292765, 47.12862931320641], [28.703721732574852, 47.12862479631043], [28.703723666376252, 47.128623417712745], [28.703724518357756, 47.12861913058303], [28.703727647987613, 47.12861390968256], [28.703729603335876, 47.128613205678064], [28.70372983226393, 47.1286100526742], [28.703732682687544, 47.128606410726455], [28.703736306995737, 47.12860635680572], [28.703737417545884, 47.12861016479531], [28.70373416581494, 47.128611563000774], [28.703732267926625, 47.12861406592077], [28.703730642060982, 47.12861476502344], [28.7037308216228, 47.12862038663414], [28.703727913738643, 47.12862222966642], [28.70372732659791, 47.12862448811443], [28.703723430265345, 47.12862634585219], [28.703724247244573, 47.12863128306589], [28.703721661659888, 47.128632896331716], [28.70372042991817, 47.128635614312266], [28.703716569496642, 47.12863859637193]]]}, "properties": {"vineyard_id": "V02", "tile": "siret3_r006_c004.tif"}}, {"type": "Feature", "geometry": {"type": "Polygon", "coordinates": [[[28.703507151355353, 47.1289451980235], [28.703506777911628, 47.128933505072524], [28.70350840378989, 47.128932805972916], [28.703508360700198, 47.12893145678626], [28.70351586615867, 47.12891874674705], [28.70351756385286, 47.12892029629173], [28.703519877426285, 47.12892048684715], [28.703521123547787, 47.128918218597555], [28.703523064546573, 47.128917064867565], [28.70352411045354, 47.12891884907918], [28.703522857150478, 47.12892089246436], [28.703516675942293, 47.12892345909775], [28.703515458547052, 47.128926626805054], [28.703512579365423, 47.12892936928983], [28.703512973484713, 47.128931388168525], [28.703515981936057, 47.12893269324369], [28.70351442069266, 47.128935416123376], [28.70350859769351, 47.128938877312834], [28.70350902053921, 47.12894179564931], [28.703508060811657, 47.12894270981087], [28.703508132627817, 47.12894495845527], [28.703507151355353, 47.1289451980235]]]}, "properties": {"vineyard_id": "V02", "tile": "siret3_r006_c004.tif"}}, {"type": "Feature", "geometry": {"type": "Polygon", "coordinates": [[[28.703523666062207, 47.12891525614943], [28.703523522428736, 47.12891075886063], [28.703526351337036, 47.1289064423245], [28.703524617734665, 47.12890376845775], [28.703528406368978, 47.12889853775987], [28.703530705578082, 47.12889827858621], [28.70353248227082, 47.12890230163951], [28.70353160872483, 47.128905914174545], [28.70352973236192, 47.12890909168465], [28.703527777000183, 47.12890979568586], [28.703526573969267, 47.12891341312216], [28.703523666062207, 47.12891525614943]]]}, "properties": {"vineyard_id": "V02", "tile": "siret3_r006_c004.tif"}}, {"type": "Feature", "geometry": {"type": "Polygon", "coordinates": [[[28.703531958880337, 47.128896235200955], [28.70353087706508, 47.128893326667196], [28.703531843973074, 47.12889263736991], [28.703534479847995, 47.1288925981593], [28.703535754695128, 47.12889122936731], [28.70353534621188, 47.12888876075979], [28.703540488690024, 47.12888463477842], [28.703542852534202, 47.12888639938447], [28.703541620777823, 47.12888911736316], [28.703537796236812, 47.12889322373923], [28.703533276817886, 47.128896215595645], [28.703531958880337, 47.128896235200955]]]}, "properties": {"vineyard_id": "V02", "tile": "siret3_r006_c004.tif"}}, {"type": "Feature", "geometry": {"type": "Polygon", "coordinates": [[[28.703542901930362, 47.12887762476997], [28.703541834478393, 47.12887516596518], [28.70354311650668, 47.12887402203757], [28.703543682112453, 47.12887108899713], [28.703545322351843, 47.128870839625904], [28.70354555847325, 47.12886791148682], [28.703547162803726, 47.128866537793364], [28.70355075840283, 47.128865584420524], [28.703551245886153, 47.12887052653681], [28.703549999767, 47.12887279478671], [28.70354515086621, 47.12887579154494], [28.70354389038317, 47.1288776100659], [28.703542901930362, 47.12887762476997]]]}, "properties": {"vineyard_id": "V02", "tile": "siret3_r006_c004.tif"}}, {"type": "Feature", "geometry": {"type": "Polygon", "coordinates": [[[28.70355201170358, 47.12886354103506], [28.70355193988577, 47.12886129239066], [28.703555191636685, 47.12885989419018], [28.70355511263696, 47.12885742068134], [28.703556724148683, 47.12885627185219], [28.703557955903573, 47.12885355387335], [28.703556501512953, 47.12884930105457], [28.703558420963073, 47.12884747273069], [28.7035615874107, 47.12885372482237], [28.703560985896992, 47.12885553354069], [28.70355806363064, 47.12885692683992], [28.70355684623928, 47.12886009454767], [28.70355490524328, 47.128861248278206], [28.703554296547473, 47.12886283213204], [28.70355201170358, 47.12886354103506]]]}, "properties": {"vineyard_id": "V02", "tile": "siret3_r006_c004.tif"}}, {"type": "Feature", "geometry": {"type": "Polygon", "coordinates": [[[28.703560383503937, 47.12884699359341], [28.70355871453813, 47.12884634350711], [28.703561615258444, 47.12884427561454], [28.70356472337149, 47.12883838012501], [28.70356731615264, 47.12883699172702], [28.703568970754564, 47.12883719208435], [28.70356966563184, 47.1288383066037], [28.703567760546115, 47.12884058465662], [28.703567853910062, 47.12884350789433], [28.703564967553696, 47.12884602551592], [28.703560383503937, 47.12884699359341]]]}, "properties": {"vineyard_id": "V02", "tile": "siret3_r006_c004.tif"}}, {"type": "Feature", "geometry": {"type": "Polygon", "coordinates": [[[28.703569572267806, 47.12883538336598], [28.703568863026884, 47.12883381911778], [28.703573267528796, 47.12882722942902], [28.70357471385628, 47.12882090871754], [28.70357828072429, 47.128819055886105], [28.703578495298096, 47.12881545315364], [28.7035819400734, 47.128809777626664], [28.703585570693654, 47.12879959990935], [28.70359003264616, 47.12879480913547], [28.70359525411254, 47.12879315666054], [28.70359315600254, 47.1287997120397], [28.703590262467774, 47.12880200479748], [28.70358938174524, 47.12880539246849], [28.703586781784267, 47.12880655600251], [28.70358525645757, 47.12881040320531], [28.703586008790108, 47.128813316640056], [28.703576942125423, 47.1288287495642], [28.70357499394912, 47.12882967843063], [28.703571857110273, 47.12883467446265], [28.703569572267806, 47.12883538336598]]]}, "properties": {"vineyard_id": "V02", "tile": "siret3_r006_c004.tif"}}, {"type": "Feature", "geometry": {"type": "Polygon", "coordinates": [[[28.703597116103726, 47.12878952942055], [28.70359602710531, 47.12878639602294], [28.703600653354265, 47.12877642846509], [28.70360259434621, 47.128775274733805], [28.703604441972345, 47.12877119776483], [28.703605759906758, 47.128771178158715], [28.70360676990353, 47.12877183804744], [28.70360687045138, 47.12877498614955], [28.703607887630234, 47.12877587090271], [28.703606949453274, 47.12877745965835], [28.703604671795713, 47.12877839342679], [28.70360413492207, 47.12878222592527], [28.70359994499986, 47.12878521288268], [28.703598756340355, 47.12878928004857], [28.703597116103726, 47.12878952942055]]]}, "properties": {"vineyard_id": "V02", "tile": "siret3_r006_c004.tif"}}, {"type": "Feature", "geometry": {"type": "Polygon", "coordinates": [[[28.703608610347235, 47.12876753621396], [28.703607829286216, 47.1287637233216], [28.703609763095553, 47.128762344725764], [28.703608702824965, 47.128760110786], [28.703610658180157, 47.128759406783466], [28.703613537347742, 47.128756664296326], [28.703615334698295, 47.12875101327611], [28.70361943843256, 47.128745327944934], [28.703619645821384, 47.12874150034795], [28.703621901930987, 47.12873989198593], [28.70362407185581, 47.12873558525062], [28.70362763871644, 47.12873373241773], [28.703626520989214, 47.12872969956264], [28.703629958572016, 47.12872379916983], [28.703630595992397, 47.12872311477334], [28.703634220308704, 47.128723060855734], [28.703633690619725, 47.12872711821878], [28.703630438878932, 47.12872851642139], [28.703630575338423, 47.12873278884565], [28.70362865589483, 47.1287346171707], [28.703627782357803, 47.12873822970643], [28.703625511884326, 47.12873938833971], [28.703625261403573, 47.12874186675008], [28.703622103028266, 47.12874618819013], [28.703621831001186, 47.12874799200719], [28.703619274135924, 47.128750504728536], [28.70361902365484, 47.128752983138895], [28.70361678909069, 47.128755266094174], [28.703614361501163, 47.12876182637526], [28.703612427691965, 47.12876320497117], [28.703612162846497, 47.12876523365264], [28.703608610347235, 47.12876753621396]]]}, "properties": {"vineyard_id": "V02", "tile": "siret3_r006_c004.tif"}}, {"type": "Feature", "geometry": {"type": "Polygon", "coordinates": [[[28.70363672689725, 47.128718974083014], [28.703635272504346, 47.1287147212652], [28.703637843731382, 47.128712658272384], [28.703637800638752, 47.12871130908577], [28.703641704162628, 47.128709676215294], [28.703642735705028, 47.128711010697], [28.703640493961498, 47.128713068788315], [28.703640558600544, 47.12871509256823], [28.70363803764825, 47.12871872961214], [28.70363672689725, 47.128718974083014]]]}, "properties": {"vineyard_id": "V02", "tile": "siret3_r006_c004.tif"}}, {"type": "Feature", "geometry": {"type": "Polygon", "coordinates": [[[28.703643637969154, 47.12870829761891], [28.703642928727866, 47.12870673337111], [28.703644146110836, 47.128703565662505], [28.70364577198032, 47.12870286656103], [28.703645349129406, 47.128699948225005], [28.703644339133547, 47.12869928833661], [28.703650792335605, 47.1286949178795], [28.703651802331454, 47.12869557776785], [28.70365186697089, 47.12869760154777], [28.703649925982813, 47.12869875527985], [28.703648063998237, 47.12870238252068], [28.70364579352673, 47.12870354115433], [28.70364557895772, 47.12870714388692], [28.703643637969154, 47.12870829761891]]]}, "properties": {"vineyard_id": "V02", "tile": "siret3_r006_c004.tif"}}, {"type": "Feature", "geometry": {"type": "Polygon", "coordinates": [[[28.703658612846816, 47.12868175320077], [28.70365908507605, 47.12867589692213], [28.70366068221573, 47.128674298362725], [28.70366063912258, 47.12867294917613], [28.703661606024955, 47.12867225987778], [28.70366457137179, 47.12867221576262], [28.703665638825065, 47.12867467456632], [28.703663411448325, 47.128677182386916], [28.703663468905958, 47.128678981302386], [28.703661241528945, 47.128681489122926], [28.703658612846816, 47.12868175320077]]]}, "properties": {"vineyard_id": "V02", "tile": "siret3_r006_c004.tif"}}, {"type": "Feature", "geometry": {"type": "Polygon", "coordinates": [[[28.703666154146767, 47.12867016747426], [28.703665115422403, 47.1286686081283], [28.70366830251865, 47.12866518614485], [28.70366822351422, 47.12866271263609], [28.70367103803364, 47.12865794636765], [28.703670658275144, 47.12865637721833], [28.70367193311327, 47.12865500842489], [28.703672162044853, 47.128651855421104], [28.703675084297057, 47.12865046211909], [28.70367668861776, 47.12864908842389], [28.703676946278065, 47.12864683487785], [28.70367954622932, 47.12864567134187], [28.70367913055936, 47.12864297787039], [28.70368138666305, 47.12864136950725], [28.70367966742648, 47.12863914537157], [28.7036822673773, 47.128637981835546], [28.703681851707273, 47.12863528836407], [28.703683499121027, 47.12863526385539], [28.703686055977848, 47.128632751132685], [28.70368601288412, 47.12863140194607], [28.703687294903556, 47.12863025801692], [28.70368690078022, 47.12862823913877], [28.703689837395356, 47.12862729556526], [28.703691491991158, 47.1286274959209], [28.703691850203107, 47.12862839047686], [28.703689579735677, 47.128629549111345], [28.703690332071073, 47.12863246254545], [28.70368836953928, 47.128632941684856], [28.703685497564383, 47.12863590903822], [28.703682224283664, 47.12863663264894], [28.703682253012758, 47.12863753210667], [28.703684903239434, 47.12863794262163], [28.70368526145134, 47.12863883717762], [28.703681687416754, 47.12864046514777], [28.703683120264323, 47.12864404337176], [28.70367928856913, 47.12864792488793], [28.703678085553953, 47.12865154232576], [28.70367648123321, 47.128652916020975], [28.703676538691237, 47.128654714936445], [28.703678222016894, 47.12865581474999], [28.703676030552774, 47.12865944689299], [28.703674719803423, 47.12865969136429], [28.703673480876475, 47.12866218447992], [28.703671532707904, 47.12866311334792], [28.70367191246648, 47.128664682497245], [28.703670931199916, 47.128664922066804], [28.70366972100158, 47.12866831464012], [28.703666154146767, 47.12867016747426]]]}, "properties": {"vineyard_id": "V02", "tile": "siret3_r006_c004.tif"}}, {"type": "Feature", "geometry": {"type": "Polygon", "coordinates": [[[28.70369431368904, 47.12862295451635], [28.703693246235545, 47.1286204957129], [28.703694850554896, 47.128619122017454], [28.703694477978335, 47.128617777732636], [28.70369601765664, 47.12861438025728], [28.703697944276016, 47.128612776795585], [28.703699734430817, 47.12860690090965], [28.703703688221665, 47.128606842088175], [28.70370126783148, 47.128613627235474], [28.703698059193353, 47.128616374626496], [28.703698446134673, 47.12861816864017], [28.703696497968142, 47.12861909750858], [28.703696254673424, 47.128621800783556], [28.70369431368904, 47.12862295451635]]]}, "properties": {"vineyard_id": "V02", "tile": "siret3_r006_c004.tif"}}, {"type": "Feature", "geometry": {"type": "Polygon", "coordinates": [[[28.703518591039238, 47.1288698874464], [28.703517516406915, 47.12886720377692], [28.70351937840587, 47.12886357653812], [28.703520674797673, 47.128862882339654], [28.703520237588787, 47.128859514274296], [28.703521863464637, 47.12885881517452], [28.703524571154542, 47.12886102460857], [28.703524607062867, 47.12886214893078], [28.70352267324774, 47.128863527525226], [28.70351989461285, 47.12886941811236], [28.703518591039238, 47.1288698874464]]]}, "properties": {"vineyard_id": "V02", "tile": "siret3_r006_c004.tif"}}, {"type": "Feature", "geometry": {"type": "Polygon", "coordinates": [[[28.70352855281816, 47.128851516585], [28.7035275140941, 47.12884995723782], [28.703529576305606, 47.12884227753758], [28.703535771867255, 47.12884016063247], [28.703535843684328, 47.1288424092769], [28.703531632208517, 47.128844721638565], [28.703531790205727, 47.128849668656294], [28.703530200238713, 47.128851492078425], [28.70352855281816, 47.128851516585]]]}, "properties": {"vineyard_id": "V02", "tile": "siret3_r006_c004.tif"}}, {"type": "Feature", "geometry": {"type": "Polygon", "coordinates": [[[28.70353634465483, 47.1288374524565], [28.703535291567427, 47.128835443380524], [28.703537189472666, 47.12883294046365], [28.703537955291527, 47.12882595496193], [28.70354084882985, 47.12882366220544], [28.703542667735384, 47.128818685779635], [28.70354590512049, 47.12881683785056], [28.703546069424274, 47.12881166106702], [28.70354765220784, 47.12880961278025], [28.703550581653676, 47.12880844434574], [28.703551627559325, 47.128810228557136], [28.703550424532093, 47.1288138459937], [28.703548820203245, 47.1288152196872], [28.703548942293107, 47.1288190423827], [28.703546335148822, 47.128819981051365], [28.70354253933992, 47.128824986885355], [28.703542045551814, 47.128830168570225], [28.70353981098118, 47.128832451524055], [28.703538915891542, 47.128835389465834], [28.70353634465483, 47.1288374524565]]]}, "properties": {"vineyard_id": "V02", "tile": "siret3_r006_c004.tif"}}, {"type": "Feature", "geometry": {"type": "Polygon", "coordinates": [[[28.703559956261117, 47.12879233192885], [28.703558595235407, 47.128791002347775], [28.703560142108916, 47.12878782973863], [28.703561753618462, 47.12878668090941], [28.70356355097544, 47.128781029889964], [28.703567440143054, 47.12877894729304], [28.70356797701931, 47.1287751147947], [28.7035702762229, 47.128774855620314], [28.703571307764836, 47.12877619010266], [28.703570025739456, 47.12877733403058], [28.70357006883047, 47.12877868321722], [28.703568772441344, 47.12877937741625], [28.703568507594145, 47.12878140609763], [28.703565592513822, 47.128783024261466], [28.703566402299444, 47.1287877366119], [28.703565134637316, 47.12878933026863], [28.70356284979669, 47.12879003917182], [28.703559956261117, 47.12879233192885]]]}, "properties": {"vineyard_id": "V02", "tile": "siret3_r006_c004.tif"}}, {"type": "Feature", "geometry": {"type": "Polygon", "coordinates": [[[28.70355414852172, 47.12880659151505], [28.70355118316725, 47.12880663562745], [28.703550130079936, 47.12880462655158], [28.703550387746155, 47.12880237300578], [28.70355444840057, 47.12879533849021], [28.703559626777373, 47.12879233683024], [28.70356002807908, 47.12879458057326], [28.703557521481216, 47.128798667344356], [28.703556561757008, 47.128799581506286], [28.703553610766477, 47.12880007534761], [28.70355414852172, 47.12880659151505]]]}, "properties": {"vineyard_id": "V02", "tile": "siret3_r006_c004.tif"}}, {"type": "Feature", "geometry": {"type": "Polygon", "coordinates": [[[28.703570225950056, 47.12877328156924], [28.70356983901177, 47.12877148755513], [28.70357137152039, 47.12876786521692], [28.70357589810832, 47.12876509822356], [28.703576069591026, 47.128760146304444], [28.703580531541192, 47.12875535553091], [28.70358226514131, 47.12875802939691], [28.70358012393972, 47.128763235589226], [28.703577860646003, 47.12876461908603], [28.703578276311976, 47.12876731255786], [28.703575132295086, 47.128772083725536], [28.703570225950056, 47.12877328156924]]]}, "properties": {"vineyard_id": "V02", "tile": "siret3_r006_c004.tif"}}, {"type": "Feature", "geometry": {"type": "Polygon", "coordinates": [[[28.70358529424647, 47.12874966039801], [28.70358294477086, 47.12874834552162], [28.703585809575525, 47.12874515330627], [28.703585680301448, 47.12874110574634], [28.703589218436186, 47.128738353456875], [28.703590342458195, 47.12873226251107], [28.703595463371474, 47.12872746193405], [28.703597289450787, 47.12872271037183], [28.70360024043663, 47.12872221652942], [28.703601243250436, 47.12872265155378], [28.703601286342156, 47.1287240007404], [28.703599682017277, 47.12872537443459], [28.703598801296472, 47.128728762105695], [28.703595284708655, 47.12873218898878], [28.70359439680554, 47.1287353517954], [28.703590006677363, 47.12874239121384], [28.70359006413265, 47.12874419012935], [28.703586275514994, 47.12874942082917], [28.70358529424647, 47.12874966039801]]]}, "properties": {"vineyard_id": "V02", "tile": "siret3_r006_c004.tif"}}, {"type": "Feature", "geometry": {"type": "Polygon", "coordinates": [[[28.703601808851623, 47.12871971851305], [28.703600132707404, 47.12871884356284], [28.70360004652404, 47.12871614518956], [28.70360230981515, 47.128714761692365], [28.70360286823425, 47.12871160378717], [28.703604802041863, 47.12871022519144], [28.70360600506325, 47.12870660775432], [28.703608561927094, 47.12870409503328], [28.70361000824745, 47.128697774321324], [28.703613567924087, 47.12869569662444], [28.703613517650105, 47.12869412257337], [28.703616346540045, 47.1286898060351], [28.703615959600892, 47.128688012021136], [28.703617499286135, 47.1286846145468], [28.703621409990745, 47.12868320654145], [28.70362260582841, 47.12867936423972], [28.703624876299422, 47.12867820560654], [28.70362622295971, 47.12867908545798], [28.703625012758234, 47.12868247803086], [28.70362312204435, 47.128685205813554], [28.703620178242797, 47.12868592452097], [28.703621288786504, 47.12868973251173], [28.70361305977974, 47.12870042858074], [28.703611871122956, 47.12870449574681], [28.703609643742453, 47.12870700356639], [28.703609744290244, 47.128710151668535], [28.703606872306878, 47.12871311902001], [28.703606657735214, 47.128716721752554], [28.703601808851623, 47.12871971851305]]]}, "properties": {"vineyard_id": "V02", "tile": "siret3_r006_c004.tif"}}, {"type": "Feature", "geometry": {"type": "Polygon", "coordinates": [[[28.703633069390122, 47.12866638521453], [28.703631407611233, 47.12866595999362], [28.703632009120582, 47.12866415127493], [28.70362999631266, 47.12866305636229], [28.70363029706735, 47.128662152002946], [28.703635124397923, 47.12865848064799], [28.703635682814575, 47.12865532274266], [28.70363858352167, 47.128653254848246], [28.70363886991197, 47.12865190076001], [28.703642136012135, 47.12865095228607], [28.703642515769754, 47.12865252143551], [28.703641226566713, 47.12865344049975], [28.703641656599075, 47.128656583700256], [28.70363775307904, 47.1286582165707], [28.70363757442004, 47.1286629436255], [28.703633069390122, 47.12866638521453]]]}, "properties": {"vineyard_id": "V02", "tile": "siret3_r006_c004.tif"}}, {"type": "Feature", "geometry": {"type": "Polygon", "coordinates": [[[28.7036261295931, 47.12867616222028], [28.703623121153786, 47.12867485714782], [28.70362342909069, 47.12867417765293], [28.70362503341344, 47.128672803958445], [28.70362765491327, 47.12867231501694], [28.70362851408524, 47.1286682527523], [28.7036320737592, 47.12866617505486], [28.703632754271315, 47.12866683984499], [28.703631902281757, 47.12867112697409], [28.703629001573447, 47.128673194868355], [28.703628758275133, 47.1286758981432], [28.7036261295931, 47.12867616222028]]]}, "properties": {"vineyard_id": "V02", "tile": "siret3_r006_c004.tif"}}, {"type": "Feature", "geometry": {"type": "Polygon", "coordinates": [[[28.703644327478244, 47.1286473201437], [28.703643303119193, 47.1286462105264], [28.703644255657093, 47.128645071499335], [28.703643109202226, 47.12864013918658], [28.703646697602252, 47.128638960946475], [28.70364992060866, 47.128636663285704], [28.703651267268288, 47.128637543136875], [28.703651303179, 47.12863866745906], [28.703645451492324, 47.128641229197385], [28.703647514574616, 47.12864389816082], [28.703645631045326, 47.128646850808295], [28.703644327478244, 47.1286473201437]]]}, "properties": {"vineyard_id": "V02", "tile": "siret3_r006_c004.tif"}}, {"type": "Feature", "geometry": {"type": "Polygon", "coordinates": [[[28.703650192634328, 47.12863485946856], [28.703650707957046, 47.12863035237655], [28.703653271997354, 47.12862806451898], [28.703653221722313, 47.12862649046791], [28.70365188224508, 47.12862583548121], [28.703652512481895, 47.12862492622017], [28.70365809214113, 47.128624168298664], [28.703658801381692, 47.128625732546375], [28.703656953764472, 47.128629809516234], [28.703653709212322, 47.12863143258388], [28.703652162348693, 47.12863460519424], [28.703650192634328, 47.12863485946856]]]}, "properties": {"vineyard_id": "V02", "tile": "siret3_r006_c004.tif"}}, {"type": "Feature", "geometry": {"type": "Polygon", "coordinates": [[[28.703658715195644, 47.128623034173145], [28.70365770520111, 47.12862237428484], [28.703657970044283, 47.12862034560324], [28.703660476626393, 47.128616258830036], [28.703663706813046, 47.12861418603332], [28.70366438732487, 47.12861485082327], [28.703662818915777, 47.12861734884048], [28.703662890737643, 47.128619597484835], [28.703661329510528, 47.12862232036647], [28.703658715195644, 47.128623034173145]]]}, "properties": {"vineyard_id": "V02", "tile": "siret3_r006_c004.tif"}}, {"type": "Feature", "geometry": {"type": "Polygon", "coordinates": [[[28.70351181746531, 47.12881262053211], [28.703509195957487, 47.12881310947105], [28.703507784661415, 47.128810205838256], [28.70351541219113, 47.12880131849462], [28.703516465277083, 47.12880332757082], [28.703515856580747, 47.12880491142449], [28.703513607646798, 47.12880674464893], [28.703512039225192, 47.12880924266416], [28.70351181746531, 47.12881262053211]]]}, "properties": {"vineyard_id": "V02", "tile": "siret3_r006_c004.tif"}}, {"type": "Feature", "geometry": {"type": "Polygon", "coordinates": [[[28.70353822207363, 47.12876205915055], [28.703537512834654, 47.12876049490209], [28.703539331738508, 47.12875551847631], [28.7035415447609, 47.12875256092915], [28.703542848331463, 47.128752091594905], [28.703543865508824, 47.12875297634863], [28.703542977602336, 47.1287561391549], [28.7035416883951, 47.12875705821805], [28.703540184611562, 47.12876158001365], [28.70353822207363, 47.12876205915055]]]}, "properties": {"vineyard_id": "V02", "tile": "siret3_r006_c004.tif"}}, {"type": "Feature", "geometry": {"type": "Polygon", "coordinates": [[[28.703546715952633, 47.128749334405356], [28.70354567723012, 47.12874777505831], [28.703547295920533, 47.12874685109374], [28.703546851529392, 47.128743258164], [28.703548119191012, 47.128741664507444], [28.703551729145236, 47.12874116086355], [28.703552746322526, 47.12874204561723], [28.70354980969861, 47.128742989187316], [28.703548857156978, 47.128744128213626], [28.703549967696944, 47.12874793620509], [28.703548033886545, 47.128749314799926], [28.703546715952633, 47.128749334405356]]]}, "properties": {"vineyard_id": "V02", "tile": "siret3_r006_c004.tif"}}, {"type": "Feature", "geometry": {"type": "Polygon", "coordinates": [[[28.703552352203328, 47.12874002673859], [28.703551005542675, 47.128739146886296], [28.703550969633945, 47.12873802256407], [28.703555431584597, 47.128733231791514], [28.703555008738327, 47.12873031345511], [28.703557909452606, 47.12872824556268], [28.703557830453114, 47.12872577205379], [28.703559449142656, 47.12872484808907], [28.703559062205127, 47.12872305407492], [28.70356029395701, 47.12872033609602], [28.7035625859765, 47.12871985205736], [28.703562980095917, 47.128721870935955], [28.70356110374106, 47.12872504844655], [28.70355997253404, 47.128730914527665], [28.703556792608715, 47.12873456137265], [28.703556212641377, 47.12873704468429], [28.703552352203328, 47.12874002673859]]]}, "properties": {"vineyard_id": "V02", "tile": "siret3_r006_c004.tif"}}, {"type": "Feature", "geometry": {"type": "Polygon", "coordinates": [[[28.70357221104856, 47.12870126122921], [28.703573743555133, 47.12869763889097], [28.70357333507186, 47.12869517028353], [28.70357718832369, 47.12869196336411], [28.703577775471462, 47.1286897049168], [28.70358095539275, 47.12868605807125], [28.703581177147942, 47.128682680203156], [28.703583110955098, 47.128681301607784], [28.703583031954572, 47.12867882809892], [28.70358591830124, 47.12867631047692], [28.70358723623332, 47.128676290871056], [28.703585253036547, 47.128686444081225], [28.70358366307609, 47.12868826750406], [28.703582030024346, 47.12868874174022], [28.703581120575517, 47.128691229953446], [28.70357630760194, 47.12869535103508], [28.70357577790877, 47.12869940839793], [28.70357221104856, 47.12870126122921]]]}, "properties": {"vineyard_id": "V02", "tile": "siret3_r006_c004.tif"}}, {"type": "Feature", "geometry": {"type": "Polygon", "coordinates": [[[28.70358820313672, 47.12867560157332], [28.70358715005074, 47.12867359249775], [28.703588073862782, 47.12867155401335], [28.703590659453425, 47.12866994075048], [28.703591826565447, 47.12866519899128], [28.703594111400367, 47.12866449008756], [28.70359550115129, 47.128666719126045], [28.7035935888907, 47.12866877231494], [28.7035933384087, 47.12867125072529], [28.70358820313672, 47.12867560157332]]]}, "properties": {"vineyard_id": "V02", "tile": "siret3_r006_c004.tif"}}, {"type": "Feature", "geometry": {"type": "Polygon", "coordinates": [[[28.703501621539488, 47.1287720524007], [28.703501190646904, 47.12875856053374], [28.703502830883068, 47.128758311163146], [28.703502136008268, 47.12875719664337], [28.703505609514405, 47.128752420576355], [28.703512126499245, 47.12873972524104], [28.703514368248886, 47.12873766715218], [28.7035152489752, 47.12873427948165], [28.70351619433579, 47.12873291559118], [28.703518149691263, 47.12873221159021], [28.703518414540177, 47.1287301829089], [28.70352004041216, 47.12872948380919], [28.703519309629343, 47.128727244967244], [28.703528677051064, 47.12871090768832], [28.703531584946994, 47.128709064660995], [28.703530861345655, 47.12870705068357], [28.70353403408952, 47.128703178974845], [28.703533983817874, 47.12870160492371], [28.703544289408093, 47.12868367888848], [28.70354652397247, 47.12868139593458], [28.7035464808822, 47.128680046747895], [28.70354971825889, 47.128678198818776], [28.70354897311216, 47.12867551024812], [28.703549911289144, 47.12867392149291], [28.703552826364085, 47.128672303329516], [28.703552733001516, 47.1286693800917], [28.70355619931583, 47.12866437915879], [28.703556779282472, 47.128661895847124], [28.703559593811892, 47.1286571295813], [28.703561563527554, 47.12865687530853], [28.70356146298279, 47.12865372720628], [28.70356341833477, 47.12865302320458], [28.703564027028072, 47.12865143935065], [28.703566290317436, 47.12865005585417], [28.703567514885574, 47.12864711301074], [28.70356739997691, 47.128643515179604], [28.70356926914686, 47.128640112804455], [28.70357222731024, 47.12863984382726], [28.7035717685549, 47.128635801168656], [28.70358363535129, 47.128615152249544], [28.70358556197412, 47.1286135487897], [28.70358738086884, 47.128608572363156], [28.70359430000345, 47.12860846943225], [28.703593755948535, 47.128612077066336], [28.70358979497519, 47.12861191101956], [28.703589866793966, 47.12861415966402], [28.7035915357528, 47.12861480975], [28.703590325550444, 47.12861820232256], [28.7035822042758, 47.12863227135608], [28.70358059277127, 47.128633420185544], [28.703577821335937, 47.12863953563854], [28.703573917815127, 47.12864116850681], [28.703574978081758, 47.128643402447], [28.70357377505957, 47.12864701988382], [28.70357123256034, 47.128649982333], [28.70356971441848, 47.12865405440011], [28.70356745831084, 47.128655662761105], [28.703567530128783, 47.12865791140556], [28.703564407662448, 47.1286633571663], [28.703561191832478, 47.12866587968916], [28.703561285195498, 47.12866880292696], [28.703556601493894, 47.12867697156779], [28.70355309208839, 47.12868062331405], [28.703551917790882, 47.12868514020845], [28.70355000552795, 47.12868719339664], [28.70354691896677, 47.12869376347916], [28.703544677220197, 47.12869582156862], [28.703544734673866, 47.128697620484196], [28.703538489731464, 47.1287085120044], [28.703536534377132, 47.12870921600569], [28.703536928495474, 47.1287112348844], [28.703524438601924, 47.12873301792366], [28.70352220403449, 47.12873530087715], [28.70351975488927, 47.12874118656305], [28.703517147748226, 47.12874212523102], [28.703517556229325, 47.12874459383868], [28.703515307297923, 47.12874642706315], [28.703515379113895, 47.128748675707634], [28.703501621539488, 47.1287720524007]]]}, "properties": {"vineyard_id": "V02", "tile": "siret3_r006_c004.tif"}}, {"type": "Feature", "geometry": {"type": "Polygon", "coordinates": [[[28.703499847700353, 47.1287165108815], [28.70349951016881, 47.12870594225228], [28.703501143221843, 47.12870546801727], [28.703501114495737, 47.12870456855947], [28.703499459898172, 47.12870436820112], [28.703499373719943, 47.128701669827706], [28.703500354987998, 47.12870143025959], [28.70350252492122, 47.12869712352646], [28.70350515360498, 47.12869685945218], [28.703505747937403, 47.12869482586965], [28.70350408615859, 47.12869440064691], [28.703506900694382, 47.12868963438233], [28.703508204263738, 47.12868916504847], [28.70350783887287, 47.12868804562745], [28.703510059075892, 47.128685312945336], [28.703510331106493, 47.128683509128486], [28.703513590029395, 47.12868233579371], [28.70351222182614, 47.128680781347576], [28.703513453579507, 47.128678063369144], [28.703517034803458, 47.128676660268596], [28.70351564505551, 47.12867443122913], [28.70351760040887, 47.1286737272282], [28.703518137287862, 47.12866989472999], [28.70352095182116, 47.12866512846509], [28.703523515868746, 47.12866284061036], [28.703524884071843, 47.12866439505636], [28.703526524305, 47.12866414568547], [28.703527068364902, 47.128660538051676], [28.70352507710407, 47.128660117730526], [28.70352313611453, 47.12866127146047], [28.70352813493962, 47.12865264819075], [28.70352944568952, 47.128652403721105], [28.703529381054825, 47.12865037994105], [28.703533749638886, 47.12864266593148], [28.70353437987792, 47.12864175667106], [28.703536349593158, 47.12864150239871], [28.703536249049932, 47.12863835429641], [28.703539686637185, 47.12863245390618], [28.703540990204854, 47.128631984571975], [28.70354156299022, 47.128629276395905], [28.703543181677162, 47.128628352431434], [28.703543117042006, 47.1286263286514], [28.703547177684616, 47.12861929413601], [28.70354911867213, 47.12861814040566], [28.703549361974293, 47.128615437130925], [28.703552785195235, 47.1286090870114], [28.703561351743076, 47.128608959575665], [28.703550745416518, 47.12862778997157], [28.703548159826642, 47.12862940323353], [28.70354762295014, 47.12863323573187], [28.70354606171672, 47.128635958611994], [28.703544435847903, 47.12863665771206], [28.703544808420855, 47.12863800199741], [28.7035429392494, 47.12864140437218], [28.703541299017026, 47.1286416537433], [28.703541062896043, 47.12864458188248], [28.703537553491536, 47.128648233628255], [28.703536694312902, 47.128652295892316], [28.703536064073784, 47.128653205152744], [28.703533764875232, 47.1286534643264], [28.70353419490127, 47.12865660752738], [28.703533242360795, 47.12865774655356], [28.703531602127867, 47.12865799592455], [28.70353201060888, 47.128660464532196], [28.70352638872588, 47.12867022192692], [28.703524139797853, 47.128672055151526], [28.70352451237056, 47.12867339943695], [28.703522643196624, 47.1286768018114], [28.7035197568469, 47.128679319431846], [28.703518245881916, 47.12868361636276], [28.70351566746996, 47.12868545448849], [28.7035145218955, 47.12869087084034], [28.703509215126285, 47.12870017360409], [28.703506658257876, 47.12870268632299], [28.703507030830377, 47.12870403060844], [28.703502970176288, 47.12871106512245], [28.703502024815737, 47.128712429012836], [28.703500714064234, 47.12871267348218], [28.703499847700353, 47.1287165108815]]]}, "properties": {"vineyard_id": "V02", "tile": "siret3_r006_c004.tif"}}, {"type": "Feature", "geometry": {"type": "Polygon", "coordinates": [[[28.703497915873466, 47.12865602234375], [28.703497499346565, 47.1286429802054], [28.70349911085319, 47.128641831377095], [28.703516542107575, 47.1286096261555], [28.70352477917304, 47.12860950362377], [28.70350391751381, 47.1286478341003], [28.703501690130466, 47.12865034191783], [28.703501110161366, 47.12865282522927], [28.703499183534564, 47.128654428687724], [28.703499219442094, 47.12865555301], [28.703497915873466, 47.12865602234375]]]}, "properties": {"vineyard_id": "V02", "tile": "siret3_r006_c004.tif"}}]}